"refid","bin_mid","bin_width","total_biomass","block_ID","Location","Observer","Distance_time","Area","total_biomass_norm","log10bin_mid","log10w_norm"
"10min_ACS_11_2",24,16,1.42944734880226,"11_2_ACS","Orpheus_Island","ACS","10min",78.5,0.0893404593001412,-0.760746141677994,-1.04895181914643
"10min_ACS_11_2",48,32,5.04892085442199,"11_2_ACS","Orpheus_Island","ACS","10min",78.5,0.157778776700687,-0.459716146014013,-0.801951415459081
"10min_ACS_11_2",96,64,6.13598220812181,"11_2_ACS","Orpheus_Island","ACS","10min",78.5,0.0958747220019033,-0.158686150350032,-1.0182958823203
"10min_ACS_11_2",192,128,2.14893524385566,"11_2_ACS","Orpheus_Island","ACS","10min",78.5,0.0167885565926224,0.142343845313949,-1.77498664101538
"10min_ACS_11_2",384,256,14.6994336874369,"11_2_ACS","Orpheus_Island","ACS","10min",78.5,0.0574196628415503,0.443373840977931,-1.24093936193502
"10min_ACS_11_2",768,512,6.83572512407227,"11_2_ACS","Orpheus_Island","ACS","10min",78.5,0.0133510256329536,0.744403836641912,-1.87448537028271
"10min_ACS_11_3",24,16,0.742915325113195,"11_3_ACS","Orpheus_Island","ACS","10min",78.5,0.0464322078195747,-0.760746141677994,-1.33318066543868
"10min_ACS_11_3",48,32,1.37477730849878,"11_3_ACS","Orpheus_Island","ACS","10min",78.5,0.042961790890587,-0.459716146014013,-1.36691762307926
"10min_ACS_11_3",96,64,43.2098410369603,"11_3_ACS","Orpheus_Island","ACS","10min",78.5,0.675153766202504,-0.158686150350032,-0.170597305379159
"10min_ACS_11_3",192,128,20.1154412597566,"11_3_ACS","Orpheus_Island","ACS","10min",78.5,0.157151884841849,0.142343845313949,-0.803680405791771
"10min_ACS_11_3",384,256,12.4969059608922,"11_3_ACS","Orpheus_Island","ACS","10min",78.5,0.0488160389097351,0.443373840977931,-1.31143746353901
"10min_ACS_11_3",768,512,36.7335752707758,"11_3_ACS","Orpheus_Island","ACS","10min",78.5,0.0717452642007341,0.744403836641912,-1.14420676078725
"10min_ACS_12_1",24,16,0.571778939520903,"12_1_ACS","Fantome_Island","ACS","10min",78.5,0.0357361837200565,-0.760746141677994,-1.44689182781846
"10min_ACS_12_1",48,32,4.53880662420382,"12_1_ACS","Fantome_Island","ACS","10min",78.5,0.141837707006369,-0.459716146014013,-0.848208298293562
"10min_ACS_12_1",96,64,34.3109227555014,"12_1_ACS","Fantome_Island","ACS","10min",78.5,0.536108168054709,-0.158686150350032,-0.270747575885933
"10min_ACS_12_1",192,128,111.578846223249,"12_1_ACS","Fantome_Island","ACS","10min",78.5,0.871709736119133,0.142343845313949,-0.0596281033556201
"10min_ACS_12_1",384,256,37.454902983751,"12_1_ACS","Fantome_Island","ACS","10min",78.5,0.146308214780277,0.443373840977931,-0.834731288819416
"10min_ACS_12_2",24,16,0.548252806000704,"12_2_ACS","Fantome_Island","ACS","10min",78.5,0.034265800375044,-0.760746141677994,-1.46513911954758
"10min_ACS_12_2",48,32,4.57594031031594,"12_2_ACS","Fantome_Island","ACS","10min",78.5,0.142998134697373,-0.459716146014013,-0.844669627541382
"10min_ACS_12_2",96,64,33.8282530538593,"12_2_ACS","Fantome_Island","ACS","10min",78.5,0.528566453966551,-0.158686150350032,-0.276900403291938
"10min_ACS_12_2",192,128,18.8928501802727,"12_2_ACS","Fantome_Island","ACS","10min",78.5,0.14760039203338,0.142343845313949,-0.830912489005472
"10min_ACS_12_2",384,256,24.9818736221425,"12_2_ACS","Fantome_Island","ACS","10min",78.5,0.0975854438364942,0.443373840977931,-1.01061495828561
"10min_ACS_12_3",12,8,0.186551860283195,"12_3_ACS","Fantome_Island","ACS","10min",78.5,0.0233189825353993,-1.06177613734198,-1.63229040283676
"10min_ACS_12_3",24,16,0.571778939520903,"12_3_ACS","Fantome_Island","ACS","10min",78.5,0.0357361837200565,-0.760746141677994,-1.44689182781846
"10min_ACS_12_3",48,32,2.56647780988193,"12_3_ACS","Fantome_Island","ACS","10min",78.5,0.0802024315588104,-0.459716146014013,-1.09581246467636
"10min_ACS_12_3",192,128,1.70205248407643,"12_3_ACS","Fantome_Island","ACS","10min",78.5,0.0132972850318471,0.142343845313949,-1.8762370218938
"10min_ACS_12_3",384,256,28.7784703731958,"12_3_ACS","Fantome_Island","ACS","10min",78.5,0.112415899895296,0.443373840977931,-0.949172258620739
"10min_ACS_12_3",768,512,41.056668150283,"12_3_ACS","Fantome_Island","ACS","10min",78.5,0.0801888049810214,0.744403836641912,-1.09588625857786
"10min_ACS_12_3",1536,1024,30.8172915001681,"12_3_ACS","Fantome_Island","ACS","10min",78.5,0.0300950112306329,1.04543383230589,-1.52150549027237
"10min_ACS_12_4",24,16,1.33798637106479,"12_4_ACS","Fantome_Island","ACS","10min",78.5,0.0836241481915497,-0.760746141677994,-1.07766829299206
"10min_ACS_12_4",48,32,2.20032419565067,"12_4_ACS","Fantome_Island","ACS","10min",78.5,0.0687601311140833,-0.459716146014013,-1.16266330385717
"10min_ACS_12_4",96,64,1.42322711048513,"12_4_ACS","Fantome_Island","ACS","10min",78.5,0.0222379236013301,-0.158686150350032,-1.65290576612699
"10min_ACS_12_4",192,128,108.259710332135,"12_4_ACS","Fantome_Island","ACS","10min",78.5,0.845778986969803,0.142343845313949,-0.0727431089224189
"10min_ACS_12_4",384,256,6.24248383062517,"12_4_ACS","Fantome_Island","ACS","10min",78.5,0.0243847024633796,0.443373840977931,-1.61288253920306
"10min_ACS_12_4",768,512,20.3823286624204,"12_4_ACS","Fantome_Island","ACS","10min",78.5,0.0398092356687898,0.744403836641912,-1.4000161607232
"10min_ACS_13_1",24,16,2.10432258743117,"13_1_ACS","Fantome_Island","ACS","10min",78.5,0.131520161714448,-0.760746141677994,-0.881007665804259
"10min_ACS_13_1",48,32,5.49523451669989,"13_1_ACS","Fantome_Island","ACS","10min",78.5,0.171726078646872,-0.459716146014013,-0.765163747049866
"10min_ACS_13_1",96,64,2.53266965789193,"13_1_ACS","Fantome_Island","ACS","10min",78.5,0.0395729634045614,-0.158686150350032,-1.40260142655834
"10min_ACS_13_1",192,128,2.17363565789829,"13_1_ACS","Fantome_Island","ACS","10min",78.5,0.0169815285773304,0.142343845313949,-1.77002321969744
"10min_ACS_13_1",384,256,3.56674157039236,"13_1_ACS","Fantome_Island","ACS","10min",78.5,0.0139325842593452,0.443373840977931,-1.85596832180429
"10min_ACS_13_2",24,16,3.37584049065655,"13_2_ACS","Fantome_Island","ACS","10min",78.5,0.210990030666034,-0.760746141677994,-0.675738064745037
"10min_ACS_13_2",48,32,3.77431533891762,"13_2_ACS","Fantome_Island","ACS","10min",78.5,0.117947354341176,-0.459716146014013,-0.928311796261343
"10min_ACS_13_2",96,64,5.81812768671808,"13_2_ACS","Fantome_Island","ACS","10min",78.5,0.09090824510497,-0.158686150350032,-1.04139672578571
"10min_ACS_13_2",192,128,8.83519600509336,"13_2_ACS","Fantome_Island","ACS","10min",78.5,0.0690249687897919,0.142343845313949,-1.16099378105848
"10min_ACS_13_2",384,256,42.957517061764,"13_2_ACS","Fantome_Island","ACS","10min",78.5,0.167802801022516,0.443373840977931,-0.775200794052793
"10min_ACS_13_3",24,16,1.4808589834779,"13_3_ACS","Fantome_Island","ACS","10min",78.5,0.0925536864673685,-0.760746141677994,-1.0336062783638
"10min_ACS_13_3",48,32,0.504311847133758,"13_3_ACS","Fantome_Island","ACS","10min",78.5,0.0157597452229299,-0.459716146014013,-1.80245080773289
"10min_ACS_13_3",96,64,2.16982024645034,"13_3_ACS","Fantome_Island","ACS","10min",78.5,0.0339034413507865,-0.158686150350032,-1.46975621672901
"10min_ACS_13_3",192,128,6.405989595855,"13_3_ACS","Fantome_Island","ACS","10min",78.5,0.0500467937176172,0.142343845313949,-1.30062374066918
"10min_ACS_13_3",384,256,429.131550309268,"13_3_ACS","Fantome_Island","ACS","10min",78.5,1.67629511839558,0.443373840977931,0.224350480289352
"10min_ACS_13_4",12,8,0.373103720566389,"13_4_ACS","Fantome_Island","ACS","10min",78.5,0.0466379650707987,-1.06177613734198,-1.33126040717278
"10min_ACS_13_4",24,16,2.10931233821673,"13_4_ACS","Fantome_Island","ACS","10min",78.5,0.131832021138546,-0.760746141677994,-0.879979089630278
"10min_ACS_13_4",48,32,4.65203008157579,"13_4_ACS","Fantome_Island","ACS","10min",78.5,0.145375940049243,-0.459716146014013,-0.837507463961661
"10min_ACS_13_4",96,64,3.38045401141724,"13_4_ACS","Fantome_Island","ACS","10min",78.5,0.0528195939283944,-0.158686150350032,-1.27720494192757
"10min_ACS_13_4",192,128,9.01361219033521,"13_4_ACS","Fantome_Island","ACS","10min",78.5,0.0704188452369938,0.142343845313949,-1.15231110098287
"10min_ACS_14_1",24,16,0.720476942675159,"14_1_ACS","Fantome_Island","ACS","10min",78.5,0.0450298089171975,-0.760746141677994,-1.3464998959503
"10min_ACS_14_1",48,32,1.00862369426752,"14_1_ACS","Fantome_Island","ACS","10min",78.5,0.0315194904458599,-0.459716146014013,-1.50142081206891
"10min_ACS_14_1",96,64,18.5215521217295,"14_1_ACS","Fantome_Island","ACS","10min",78.5,0.289399251902024,-0.158686150350032,-0.538502595868132
"10min_ACS_14_1",192,128,52.1559104913149,"14_1_ACS","Fantome_Island","ACS","10min",78.5,0.407468050713397,0.142343845313949,-0.389906438317473
"10min_ACS_14_1",384,256,13.0967115982434,"14_1_ACS","Fantome_Island","ACS","10min",78.5,0.0511590296806381,0.443373840977931,-1.29107770126025
"10min_ACS_14_1",768,512,18.7813495489735,"14_1_ACS","Fantome_Island","ACS","10min",78.5,0.036682323337839,0.744403836641912,-1.43554316534529
"10min_ACS_14_2",24,16,0.330851464968153,"14_2_ACS","Fantome_Island","ACS","10min",78.5,0.0206782165605096,-0.760746141677994,-1.68448692067139
"10min_ACS_14_2",48,32,2.18679972888095,"14_2_ACS","Fantome_Island","ACS","10min",78.5,0.0683374915275297,-0.459716146014013,-1.16534096694414
"10min_ACS_14_2",96,64,57.3002668495998,"14_2_ACS","Fantome_Island","ACS","10min",78.5,0.895316669524996,-0.158686150350032,-0.0480233294852787
"10min_ACS_14_2",192,128,27.7982313670073,"14_2_ACS","Fantome_Island","ACS","10min",78.5,0.217173682554744,0.142343845313949,-0.66319280437669
"10min_ACS_14_2",384,256,12.7546961066248,"14_2_ACS","Fantome_Island","ACS","10min",78.5,0.0498230316665032,0.443373840977931,-1.30256984974261
"10min_ACS_14_3",24,16,2.79573201505362,"14_3_ACS","Fantome_Island","ACS","10min",78.5,0.174733250940852,-0.760746141677994,-0.757624442893182
"10min_ACS_14_3",48,32,5.3128056154455,"14_3_ACS","Fantome_Island","ACS","10min",78.5,0.166025175482672,-0.459716146014013,-0.779826052055143
"10min_ACS_14_3",96,64,2.80562747610258,"14_3_ACS","Fantome_Island","ACS","10min",78.5,0.0438379293141028,-0.158686150350032,-1.35814996795201
"10min_ACS_14_3",192,128,10.5058780934937,"14_3_ACS","Fantome_Island","ACS","10min",78.5,0.0820771726054195,0.142343845313949,-1.08577761255163
"10min_ACS_14_3",384,256,4.25156536887494,"14_3_ACS","Fantome_Island","ACS","10min",78.5,0.0166076772221677,0.443373840977931,-1.77969110446228
"10min_ACS_14_4",24,16,0.69434012965813,"14_4_ACS","Fantome_Island","ACS","10min",78.5,0.0433962581036331,-0.760746141677994,-1.36254771645533
"10min_ACS_14_4",48,32,3.35183485237985,"14_4_ACS","Fantome_Island","ACS","10min",78.5,0.10474483913687,-0.459716146014013,-0.979867365875694
"10min_ACS_14_4",96,64,16.7480333027259,"14_4_ACS","Fantome_Island","ACS","10min",78.5,0.261688020355092,-0.158686150350032,-0.582216158188404
"10min_ACS_14_4",192,128,2.70212226278951,"14_4_ACS","Fantome_Island","ACS","10min",78.5,0.0211103301780431,0.142343845313949,-1.6755049740168
"10min_ACS_15_1",24,16,1.40592121528206,"15_1_ACS","Orpheus_Island","ACS","10min",78.5,0.0878700759551287,-0.760746141677994,-1.05615899819326
"10min_ACS_15_1",48,32,4.45754139234138,"15_1_ACS","Orpheus_Island","ACS","10min",78.5,0.139298168510668,-0.459716146014013,-0.856054593633032
"10min_ACS_15_1",96,64,11.8589870067361,"15_1_ACS","Orpheus_Island","ACS","10min",78.5,0.185296671980251,-0.158686150350032,-0.732132380754454
"10min_ACS_15_1",192,128,72.2861710090165,"15_1_ACS","Orpheus_Island","ACS","10min",78.5,0.564735711007941,0.142343845313949,-0.248154748825324
"10min_ACS_15_1",384,256,5.76791587554526,"15_1_ACS","Orpheus_Island","ACS","10min",78.5,0.0225309213888487,0.443373840977931,-1.64722104769426
"10min_ACS_15_1",1536,1024,42.2841599467804,"15_1_ACS","Orpheus_Island","ACS","10min",78.5,0.0412931249480277,1.04543383230589,-1.38412224969176
"10min_ACS_15_1",3072,2048,194.747179563064,"15_1_ACS","Orpheus_Island","ACS","10min",78.5,0.0950913962710274,1.34646382796987,-1.0218587756078
"10min_ACS_15_2",24,16,0.571778939520903,"15_2_ACS","Orpheus_Island","ACS","10min",78.5,0.0357361837200565,-0.760746141677994,-1.44689182781846
"10min_ACS_15_2",48,32,8.08595116448096,"15_2_ACS","Orpheus_Island","ACS","10min",78.5,0.25268597389003,-0.459716146014013,-0.597418864258249
"10min_ACS_15_2",96,64,17.0232471262062,"15_2_ACS","Orpheus_Island","ACS","10min",78.5,0.265988236346972,-0.158686150350032,-0.575137570145507
"10min_ACS_15_2",192,128,36.3321143440257,"15_2_ACS","Orpheus_Island","ACS","10min",78.5,0.283844643312701,0.142343845313949,-0.546919297322616
"10min_ACS_15_2",384,256,25.1316923602046,"15_2_ACS","Orpheus_Island","ACS","10min",78.5,0.0981706732820493,0.443373840977931,-1.00801823048167
"10min_ACS_15_2",768,512,19.6195043479922,"15_2_ACS","Orpheus_Island","ACS","10min",78.5,0.0383193444296722,0.744403836641912,-1.41658192947375
"10min_ACS_15_2",3072,2048,89.0398477564985,"15_2_ACS","Orpheus_Island","ACS","10min",78.5,0.0434764881623528,1.34646382796987,-1.36174554354867
"10min_ACS_15_3",24,16,1.14355787904181,"15_3_ACS","Orpheus_Island","ACS","10min",78.5,0.0714723674401129,-0.760746141677994,-1.14586183215448
"10min_ACS_15_3",48,32,3.5301829299363,"15_3_ACS","Orpheus_Island","ACS","10min",78.5,0.11031821656051,-0.459716146014013,-0.95735276771863
"10min_ACS_15_3",96,64,10.3641675311505,"15_3_ACS","Orpheus_Island","ACS","10min",78.5,0.161940117674226,-0.158686150350032,-0.790645549478461
"10min_ACS_15_3",768,512,16.8046209059184,"15_3_ACS","Orpheus_Island","ACS","10min",78.5,0.0328215252068719,0.744403836641912,-1.48384124127386
"10min_ACS_15_4",24,16,1.80811694148966,"15_4_ACS","Orpheus_Island","ACS","10min",78.5,0.113007308843104,-0.760746141677994,-0.94689346724596
"10min_ACS_15_4",48,32,6.54788979804161,"15_4_ACS","Orpheus_Island","ACS","10min",78.5,0.2046215561888,-0.459716146014013,-0.689048616759167
"10min_ACS_15_4",96,64,5.91101439831981,"15_4_ACS","Orpheus_Island","ACS","10min",78.5,0.092359599973747,-0.158686150350032,-1.03451795675931
"10min_ACS_15_4",1536,1024,14.2112368979416,"15_4_ACS","Orpheus_Island","ACS","10min",78.5,0.0138781610331461,1.04543383230589,-1.85766807754605
"10min_ACS_16_1",24,16,4.79604403135366,"16_1_ACS","Orpheus_Island","ACS","10min",78.5,0.299752751959604,-0.760746141677994,-0.523236821055188
"10min_ACS_16_1",48,32,5.75152993746181,"16_1_ACS","Orpheus_Island","ACS","10min",78.5,0.179735310545682,-0.459716146014013,-0.745366593627362
"10min_ACS_16_1",96,64,20.8713937130046,"16_1_ACS","Orpheus_Island","ACS","10min",78.5,0.326115526765696,-0.158686150350032,-0.48662852340154
"10min_ACS_16_1",192,128,31.104662878055,"16_1_ACS","Orpheus_Island","ACS","10min",78.5,0.243005178734805,0.142343845313949,-0.614384470961427
"10min_ACS_16_1",384,256,9.02731897775519,"16_1_ACS","Orpheus_Island","ACS","10min",78.5,0.0352629647568562,0.443373840977931,-1.45268117690867
"10min_ACS_16_1",768,512,35.275272949798,"16_1_ACS","Orpheus_Island","ACS","10min",78.5,0.0688970174800741,0.744403836641912,-1.16179957809211
"10min_ACS_16_2",24,16,5.44334600923819,"16_2_ACS","Orpheus_Island","ACS","10min",78.5,0.340209125577387,-0.760746141677994,-0.468254041297378
"10min_ACS_16_2",48,32,5.19396088454366,"16_2_ACS","Orpheus_Island","ACS","10min",78.5,0.162311277641989,-0.459716146014013,-0.789651303664052
"10min_ACS_16_2",96,64,16.9933652973952,"16_2_ACS","Orpheus_Island","ACS","10min",78.5,0.265521332771801,-0.158686150350032,-0.575900580673323
"10min_ACS_16_2",192,128,46.7021517311023,"16_2_ACS","Orpheus_Island","ACS","10min",78.5,0.364860560399237,0.142343845313949,-0.437873079158492
"10min_ACS_16_2",384,256,32.4262720741647,"16_2_ACS","Orpheus_Island","ACS","10min",78.5,0.126665125289706,0.443373840977931,-0.897342942962707
"10min_ACS_16_2",768,512,14.8278922628633,"16_2_ACS","Orpheus_Island","ACS","10min",78.5,0.0289607270759049,0.744403836641912,-1.53819053912235
"10min_ACS_16_2",1536,1024,42.6662927328754,"16_2_ACS","Orpheus_Island","ACS","10min",78.5,0.0416663014969486,1.04543383230589,-1.38021504791693
"10min_ACS_16_3",24,16,0.962076618056744,"16_3_ACS","Orpheus_Island","ACS","10min",78.5,0.0601297886285465,-0.760746141677994,-1.22091032280704
"10min_ACS_16_3",48,32,0.504311847133758,"16_3_ACS","Orpheus_Island","ACS","10min",78.5,0.0157597452229299,-0.459716146014013,-1.80245080773289
"10min_ACS_16_3",96,64,16.1312117016172,"16_3_ACS","Orpheus_Island","ACS","10min",78.5,0.252050182837769,-0.158686150350032,-0.598512983187523
"10min_ACS_16_3",192,128,18.3095090777418,"16_3_ACS","Orpheus_Island","ACS","10min",78.5,0.143043039669858,0.142343845313949,-0.844533269676375
"10min_ACS_16_3",384,256,3.57027208351369,"16_3_ACS","Orpheus_Island","ACS","10min",78.5,0.0139463753262254,0.443373840977931,-1.85553865119799
"10min_ACS_16_3",1536,1024,14.2112368979416,"16_3_ACS","Orpheus_Island","ACS","10min",78.5,0.0138781610331461,1.04543383230589,-1.85766807754605
"10min_ACS_16_4",24,16,2.11508815614233,"16_4_ACS","Orpheus_Island","ACS","10min",78.5,0.132193009758896,-0.760746141677994,-0.878791509323927
"10min_ACS_16_4",48,32,0.807850144379483,"16_4_ACS","Orpheus_Island","ACS","10min",78.5,0.0252453170118588,-0.459716146014013,-1.59781917138812
"10min_ACS_16_4",96,64,5.19265184487393,"16_4_ACS","Orpheus_Island","ACS","10min",78.5,0.0811351850761551,-0.158686150350032,-1.09079076883902
"10min_ACS_16_4",192,128,7.48271796950781,"16_4_ACS","Orpheus_Island","ACS","10min",78.5,0.0584587341367798,0.142343845313949,-1.23315059307307
"10min_ACS_16_4",384,256,16.2662358019776,"16_4_ACS","Orpheus_Island","ACS","10min",78.5,0.0635399836014748,0.443373840977931,-1.19695290159244
"10min_ACS_16_4",768,512,27.5665773187861,"16_4_ACS","Orpheus_Island","ACS","10min",78.5,0.0538409713257541,0.744403836641912,-1.26888711376161
"10min_HFY_11_1",12,8,0.373103720566389,"11_1_HFY","Orpheus_Island","HFY","10min",78.5,0.0466379650707987,-1.06177613734198,-1.33126040717278
"10min_HFY_11_1",24,16,0.857668409281355,"11_1_HFY","Orpheus_Island","HFY","10min",78.5,0.0536042755800847,-0.760746141677994,-1.27080056876278
"10min_HFY_11_1",48,32,0.565367448999437,"11_1_HFY","Orpheus_Island","HFY","10min",78.5,0.0176677327812324,-0.459716146014013,-1.75281917792813
"10min_HFY_11_1",96,64,12.6705469310082,"11_1_HFY","Orpheus_Island","HFY","10min",78.5,0.197977295797002,-0.158686150350032,-0.703384612139735
"10min_HFY_11_1",192,128,22.1309858867123,"11_1_HFY","Orpheus_Island","HFY","10min",78.5,0.17289832723994,0.142343845313949,-0.762209208426355
"10min_HFY_11_1",384,256,39.0702024561238,"11_1_HFY","Orpheus_Island","HFY","10min",78.5,0.152617978344234,0.443373840977931,-0.816394303630203
"10min_HFY_11_2",24,16,4.00022957017644,"11_2_HFY","Orpheus_Island","HFY","10min",78.5,0.250014348136027,-0.760746141677994,-0.602035066777988
"10min_HFY_11_2",96,64,9.55632107100907,"11_2_HFY","Orpheus_Island","HFY","10min",78.5,0.149317516734517,-0.158686150350032,-0.825889241337913
"10min_HFY_11_2",192,128,19.8310893256965,"11_2_HFY","Orpheus_Island","HFY","10min",78.5,0.154930385357004,0.142343845313949,-0.809863398904727
"10min_HFY_11_3",12,8,0.373103720566389,"11_3_HFY","Orpheus_Island","HFY","10min",78.5,0.0466379650707987,-1.06177613734198,-1.33126040717278
"10min_HFY_11_3",24,16,0.705235293154708,"11_3_HFY","Orpheus_Island","HFY","10min",78.5,0.0440772058221693,-0.760746141677994,-1.35578594443023
"10min_HFY_11_3",48,32,15.7609513612479,"11_3_HFY","Orpheus_Island","HFY","10min",78.5,0.492529730038997,-0.459716146014013,-0.307567549527403
"10min_HFY_11_3",96,64,36.68032670334,"11_3_HFY","Orpheus_Island","HFY","10min",78.5,0.573130104739688,-0.158686150350032,-0.241746778806353
"10min_HFY_11_3",192,128,10.469510687892,"11_3_HFY","Orpheus_Island","HFY","10min",78.5,0.0817930522491563,0.142343845313949,-1.0872835850573
"10min_HFY_11_3",768,512,9.25742122122748,"11_3_HFY","Orpheus_Island","HFY","10min",78.5,0.0180809008227099,0.744403836641912,-1.74277993599637
"10min_HFY_11_3",1536,1024,31.3794428864666,"11_3_HFY","Orpheus_Island","HFY","10min",78.5,0.0306439871938151,1.04543383230589,-1.51365472782488
"10min_HFY_11_4",12,8,0.186551860283195,"11_4_HFY","Orpheus_Island","HFY","10min",78.5,0.0233189825353993,-1.06177613734198,-1.63229040283676
"10min_HFY_11_4",24,16,3.79036646731998,"11_4_HFY","Orpheus_Island","HFY","10min",78.5,0.236897904207499,-0.760746141677994,-0.62543878138422
"10min_HFY_11_4",48,32,5.27440721403806,"11_4_HFY","Orpheus_Island","HFY","10min",78.5,0.164825225438689,-0.459716146014013,-0.782976321580244
"10min_HFY_11_4",96,64,10.6129130852308,"11_4_HFY","Orpheus_Island","HFY","10min",78.5,0.165826766956731,-0.158686150350032,-0.780345366407276
"10min_HFY_11_4",192,128,9.09113541264925,"11_4_HFY","Orpheus_Island","HFY","10min",78.5,0.0710244954113223,0.142343845313949,-1.14859184300956
"10min_HFY_11_4",384,256,3.87386551582994,"11_4_HFY","Orpheus_Island","HFY","10min",78.5,0.0151322871712107,0.443373840977931,-1.82009542552833
"10min_HFY_12_1",24,16,2.83330432367137,"12_1_HFY","Fantome_Island","HFY","10min",78.5,0.177081520229461,-0.760746141677994,-0.751826758296804
"10min_HFY_12_1",48,32,15.7539711817328,"12_1_HFY","Fantome_Island","HFY","10min",78.5,0.49231159942915,-0.459716146014013,-0.307759931627758
"10min_HFY_12_1",96,64,13.5679786330909,"12_1_HFY","Fantome_Island","HFY","10min",78.5,0.211999666142046,-0.158686150350032,-0.673664822999462
"10min_HFY_12_1",192,128,2.46216771551349,"12_1_HFY","Fantome_Island","HFY","10min",78.5,0.0192356852774492,0.142343845313949,-1.71589233720154
"10min_HFY_12_1",384,256,3.87939872611465,"12_1_HFY","Fantome_Island","HFY","10min",78.5,0.0151539012738854,0.443373840977931,-1.81947554646144
"10min_HFY_12_2",12,8,0.373103720566389,"12_2_HFY","Fantome_Island","HFY","10min",78.5,0.0466379650707987,-1.06177613734198,-1.33126040717278
"10min_HFY_12_2",24,16,2.71218329438097,"12_2_HFY","Fantome_Island","HFY","10min",78.5,0.16951145589881,-0.760746141677994,-0.770800946041919
"10min_HFY_12_2",48,32,23.2410872462092,"12_2_HFY","Fantome_Island","HFY","10min",78.5,0.726283976444036,-0.459716146014013,-0.138893537304528
"10min_HFY_12_2",96,64,31.1488362186018,"12_2_HFY","Fantome_Island","HFY","10min",78.5,0.486700565915654,-0.158686150350032,-0.312738148776212
"10min_HFY_12_2",192,128,12.9569653719632,"12_2_HFY","Fantome_Island","HFY","10min",78.5,0.101226291968462,0.142343845313949,-0.994706671549489
"10min_HFY_12_3",24,16,1.33013611098967,"12_3_HFY","Fantome_Island","HFY","10min",78.5,0.0831335069368543,-0.760746141677994,-1.08022389866087
"10min_HFY_12_3",48,32,14.0636080811944,"12_3_HFY","Fantome_Island","HFY","10min",78.5,0.439487752537324,-0.459716146014013,-0.357053223160336
"10min_HFY_12_3",96,64,21.9641843139286,"12_3_HFY","Fantome_Island","HFY","10min",78.5,0.343190379905134,-0.158686150350032,-0.464464894519929
"10min_HFY_12_3",192,128,6.6103631085655,"12_3_HFY","Fantome_Island","HFY","10min",78.5,0.051643461785668,0.142343845313949,-1.28698465362439
"10min_HFY_12_4",12,8,0.373103720566389,"12_4_HFY","Fantome_Island","HFY","10min",78.5,0.0466379650707987,-1.06177613734198,-1.33126040717278
"10min_HFY_12_4",24,16,2.41537899115198,"12_4_HFY","Fantome_Island","HFY","10min",78.5,0.150961186946999,-0.760746141677994,-0.821134698147144
"10min_HFY_12_4",48,32,4.72912280812865,"12_4_HFY","Fantome_Island","HFY","10min",78.5,0.14778508775402,-0.459716146014013,-0.830369386190696
"10min_HFY_12_4",96,64,24.1583075045518,"12_4_HFY","Fantome_Island","HFY","10min",78.5,0.377473554758622,-0.158686150350032,-0.4231134690009
"10min_HFY_12_4",768,512,7.99779872611465,"12_4_HFY","Fantome_Island","HFY","10min",78.5,0.0156207006369427,0.744403836641912,-1.80629949056538
"10min_HFY_13_1",24,16,3.20454054539349,"13_1_HFY","Fantome_Island","HFY","10min",78.5,0.200283784087093,-0.760746141677994,-0.698354211797701
"10min_HFY_13_1",48,32,5.51519837284459,"13_1_HFY","Fantome_Island","HFY","10min",78.5,0.172349949151393,-0.459716146014013,-0.763588840386422
"10min_HFY_13_1",96,64,4.60293345912987,"13_1_HFY","Fantome_Island","HFY","10min",78.5,0.0719208352989042,-0.158686150350032,-1.14314527728709
"10min_HFY_13_1",192,128,17.2132009565769,"13_1_HFY","Fantome_Island","HFY","10min",78.5,0.134478132473257,0.142343845313949,-0.871348330667567
"10min_HFY_13_2",24,16,2.09435561678404,"13_2_HFY","Fantome_Island","HFY","10min",78.5,0.130897226049002,-0.760746141677994,-0.883069556844021
"10min_HFY_13_2",48,32,4.13687772686197,"13_2_HFY","Fantome_Island","HFY","10min",78.5,0.129277428964437,-0.459716146014013,-0.888477293618229
"10min_HFY_13_2",96,64,2.52885501175828,"13_2_HFY","Fantome_Island","HFY","10min",78.5,0.0395133595587231,-0.158686150350032,-1.40325604357122
"10min_HFY_13_2",192,128,13.6690858641349,"13_2_HFY","Fantome_Island","HFY","10min",78.5,0.106789733313554,0.142343845313949,-0.971470498052738
"10min_HFY_13_2",384,256,6.24248383062517,"13_2_HFY","Fantome_Island","HFY","10min",78.5,0.0243847024633796,0.443373840977931,-1.61288253920306
"10min_HFY_13_2",768,512,9.81522751952207,"13_2_HFY","Fantome_Island","HFY","10min",78.5,0.0191703662490665,0.744403836641912,-1.71736958986429
"10min_HFY_13_3",12,8,0.373103720566389,"13_3_HFY","Fantome_Island","HFY","10min",78.5,0.0466379650707987,-1.06177613734198,-1.33126040717278
"10min_HFY_13_3",24,16,4.79546143962834,"13_3_HFY","Fantome_Island","HFY","10min",78.5,0.299716339976771,-0.760746141677994,-0.523289579482442
"10min_HFY_13_3",48,32,4.90163720249577,"13_3_HFY","Fantome_Island","HFY","10min",78.5,0.153176162577993,-0.459716146014013,-0.814808814770835
"10min_HFY_13_3",96,64,6.28540631149571,"13_3_HFY","Fantome_Island","HFY","10min",78.5,0.0982094736171205,-0.158686150350032,-1.00784661668157
"10min_HFY_13_4",12,8,0.373103720566389,"13_4_HFY","Fantome_Island","HFY","10min",78.5,0.0466379650707987,-1.06177613734198,-1.33126040717278
"10min_HFY_13_4",24,16,1.47405259423249,"13_4_HFY","Fantome_Island","HFY","10min",78.5,0.0921282871395308,-0.760746141677994,-1.03560700321874
"10min_HFY_13_4",48,32,1.94739403879137,"13_4_HFY","Fantome_Island","HFY","10min",78.5,0.0608560637122302,-0.459716146014013,-1.21569614207551
"10min_HFY_13_4",96,64,9.83821593296518,"13_4_HFY","Fantome_Island","HFY","10min",78.5,0.153722123952581,-0.158686150350032,-0.813263623592849
"10min_HFY_13_4",192,128,27.012738064819,"13_4_HFY","Fantome_Island","HFY","10min",78.5,0.211037016131399,0.142343845313949,-0.67564136227738
"10min_HFY_13_4",768,512,17.7696247769848,"13_4_HFY","Fantome_Island","HFY","10min",78.5,0.0347062983925484,0.744403836641912,-1.45959170362666
"10min_HFY_14_1",24,16,0.631028913344027,"14_1_HFY","Fantome_Island","HFY","10min",78.5,0.0394393070840017,-0.760746141677994,-1.40407072385857
"10min_HFY_14_1",48,32,2.43287765364647,"14_1_HFY","Fantome_Island","HFY","10min",78.5,0.0760274266764521,-0.459716146014013,-1.11902970896255
"10min_HFY_14_1",96,64,38.8259476347602,"14_1_HFY","Fantome_Island","HFY","10min",78.5,0.606655431793128,-0.158686150350032,-0.217057909518263
"10min_HFY_14_1",192,128,59.7735494133643,"14_1_HFY","Fantome_Island","HFY","10min",78.5,0.466980854791909,0.142343845313949,-0.330700924206197
"10min_HFY_14_1",384,256,14.5874501311129,"14_1_HFY","Fantome_Island","HFY","10min",78.5,0.0569822270746596,0.443373840977931,-1.24426058094185
"10min_HFY_14_1",768,512,7.41394613143165,"14_1_HFY","Fantome_Island","HFY","10min",78.5,0.0144803635379524,0.744403836641912,-1.83922053478633
"10min_HFY_14_2",12,8,0.186551860283195,"14_2_HFY","Fantome_Island","HFY","10min",78.5,0.0233189825353993,-1.06177613734198,-1.63229040283676
"10min_HFY_14_2",24,16,1.2809448109188,"14_2_HFY","Fantome_Island","HFY","10min",78.5,0.0800590506824248,-0.760746141677994,-1.09658956394149
"10min_HFY_14_2",96,64,9.78819756217266,"14_2_HFY","Fantome_Island","HFY","10min",78.5,0.152940586908948,-0.158686150350032,-0.815477247540391
"10min_HFY_14_2",192,128,27.802808835776,"14_2_HFY","Fantome_Island","HFY","10min",78.5,0.2172094440295,0.142343845313949,-0.663121296022725
"10min_HFY_14_2",384,256,75.5684585011172,"14_2_HFY","Fantome_Island","HFY","10min",78.5,0.295189291019989,0.443373840977931,-0.529899402049833
"10min_HFY_14_2",768,512,24.2974614012739,"14_2_HFY","Fantome_Island","HFY","10min",78.5,0.0474559792993631,0.744403836641912,-1.32370906009402
"10min_HFY_14_2",1536,1024,45.3827101708043,"14_2_HFY","Fantome_Island","HFY","10min",78.5,0.0443190529011761,1.04543383230589,-1.35340952906004
"10min_HFY_14_2",3072,2048,55.1932005095541,"14_2_HFY","Fantome_Island","HFY","10min",78.5,0.0269498049363057,1.34646382796987,-1.56944437390554
"10min_HFY_14_3",12,8,0.373103720566389,"14_3_HFY","Fantome_Island","HFY","10min",78.5,0.0466379650707987,-1.06177613734198,-1.33126040717278
"10min_HFY_14_3",24,16,1.70818474508752,"14_3_HFY","Fantome_Island","HFY","10min",78.5,0.10676154656797,-0.760746141677994,-0.971585143566899
"10min_HFY_14_3",48,32,4.05527053580038,"14_3_HFY","Fantome_Island","HFY","10min",78.5,0.126727204243762,-0.459716146014013,-0.897130146089354
"10min_HFY_14_3",96,64,19.6527678584215,"14_3_HFY","Fantome_Island","HFY","10min",78.5,0.307074497787837,-0.158686150350032,-0.51275624975657
"10min_HFY_14_3",192,128,7.72083121620417,"14_3_HFY","Fantome_Island","HFY","10min",78.5,0.0603189938765951,0.142343845313949,-1.21954591112845
"10min_HFY_14_3",384,256,17.2041057354989,"14_3_HFY","Fantome_Island","HFY","10min",78.5,0.0672035380292927,0.443373840977931,-1.17260786227131
"10min_HFY_14_4",12,8,0.373103720566389,"14_4_HFY","Fantome_Island","HFY","10min",78.5,0.0466379650707987,-1.06177613734198,-1.33126040717278
"10min_HFY_14_4",24,16,2.59653664902501,"14_4_HFY","Fantome_Island","HFY","10min",78.5,0.162283540564063,-0.760746141677994,-0.789725525797254
"10min_HFY_14_4",48,32,10.5882593337517,"14_4_HFY","Fantome_Island","HFY","10min",78.5,0.33088310417974,-0.459716146014013,-0.48032540856951
"10min_HFY_14_4",96,64,8.19078525568784,"14_4_HFY","Fantome_Island","HFY","10min",78.5,0.127981019620122,-0.158686150350032,-0.892854434144824
"10min_HFY_14_4",192,128,11.6714653625328,"14_4_HFY","Fantome_Island","HFY","10min",78.5,0.0911833231447879,0.142343845313949,-1.04008458413291
"10min_HFY_14_4",384,256,13.6800536213713,"14_4_HFY","Fantome_Island","HFY","10min",78.5,0.0534377094584817,0.443373840977931,-1.27215216563097
"10min_HFY_14_4",1536,1024,15.8827757722933,"14_4_HFY","Fantome_Island","HFY","10min",78.5,0.0155105232151301,1.04543383230589,-1.80937355192132
"10min_HFY_15_1",12,8,0.373103720566389,"15_1_HFY","Orpheus_Island","HFY","10min",78.5,0.0466379650707987,-1.06177613734198,-1.33126040717278
"10min_HFY_15_1",24,16,0.585298424475295,"15_1_HFY","Orpheus_Island","HFY","10min",78.5,0.036581151529706,-0.760746141677994,-1.43674262758771
"10min_HFY_15_1",48,32,1.53865926834229,"15_1_HFY","Orpheus_Island","HFY","10min",78.5,0.0480831021356966,-0.459716146014013,-1.31800752110193
"10min_HFY_15_1",96,64,6.42731875289604,"15_1_HFY","Orpheus_Island","HFY","10min",78.5,0.100426855514001,-0.158686150350032,-0.998150135378745
"10min_HFY_15_1",192,128,5.39718021612614,"15_1_HFY","Orpheus_Island","HFY","10min",78.5,0.0421654704384854,0.142343845313949,-1.3750430499035
"10min_HFY_15_1",384,256,294.873220361072,"15_1_HFY","Orpheus_Island","HFY","10min",78.5,1.15184851703544,0.443373840977931,0.0613953675060971
"10min_HFY_15_1",768,512,16.8378910301447,"15_1_HFY","Orpheus_Island","HFY","10min",78.5,0.0328865059182513,0.744403836641912,-1.48298226640888
"10min_HFY_15_1",1536,1024,15.8827757722933,"15_1_HFY","Orpheus_Island","HFY","10min",78.5,0.0155105232151301,1.04543383230589,-1.80937355192132
"10min_HFY_15_2",24,16,2.86160493013777,"15_2_HFY","Orpheus_Island","HFY","10min",78.5,0.178850308133611,-0.760746141677994,-0.747510307286823
"10min_HFY_15_2",48,32,16.5689951051339,"15_2_HFY","Orpheus_Island","HFY","10min",78.5,0.517781097035435,-0.459716146014013,-0.285853808677227
"10min_HFY_15_2",96,64,17.4403983437362,"15_2_HFY","Orpheus_Island","HFY","10min",78.5,0.272506224120878,-0.158686150350032,-0.564623573862634
"10min_HFY_15_2",192,128,45.606594704221,"15_2_HFY","Orpheus_Island","HFY","10min",78.5,0.356301521126726,0.142343845313949,-0.448182323549817
"10min_HFY_15_2",384,256,41.6071603178472,"15_2_HFY","Orpheus_Island","HFY","10min",78.5,0.162527969991591,0.443373840977931,-0.789071889037605
"10min_HFY_15_3",12,8,0.373103720566389,"15_3_HFY","Orpheus_Island","HFY","10min",78.5,0.0466379650707987,-1.06177613734198,-1.33126040717278
"10min_HFY_15_3",24,16,2.15396734161244,"15_3_HFY","Orpheus_Island","HFY","10min",78.5,0.134622958850777,-0.760746141677994,-0.870880868403818
"10min_HFY_15_3",48,32,5.32444487144919,"15_3_HFY","Orpheus_Island","HFY","10min",78.5,0.166388902232787,-0.459716146014013,-0.778875643548841
"10min_HFY_15_3",96,64,6.27047815024416,"15_3_HFY","Orpheus_Island","HFY","10min",78.5,0.097976221097565,-0.158686150350032,-1.0088793151157
"10min_HFY_15_3",192,128,9.5269504511554,"15_3_HFY","Orpheus_Island","HFY","10min",78.5,0.0744293003996516,0.142343845313949,-1.12825606315241
"10min_HFY_15_3",768,512,24.4183608390619,"15_3_HFY","Orpheus_Island","HFY","10min",78.5,0.0476921110137927,0.744403836641912,-1.32155345380118
"10min_HFY_15_4",12,8,0.186551860283195,"15_4_HFY","Orpheus_Island","HFY","10min",78.5,0.0233189825353993,-1.06177613734198,-1.63229040283676
"10min_HFY_15_4",24,16,1.50782027527721,"15_4_HFY","Orpheus_Island","HFY","10min",78.5,0.0942387672048255,-0.760746141677994,-1.02577040379258
"10min_HFY_15_4",48,32,1.43996398089952,"15_4_HFY","Orpheus_Island","HFY","10min",78.5,0.0449988744031099,-0.459716146014013,-1.34679834948315
"10min_HFY_15_4",96,64,11.8677627561499,"15_4_HFY","Orpheus_Island","HFY","10min",78.5,0.185433793064842,-0.158686150350032,-0.731811118065138
"10min_HFY_15_4",192,128,2.12098450243082,"15_4_HFY","Orpheus_Island","HFY","10min",78.5,0.0165701914252408,0.142343845313949,-1.78067247441437
"10min_HFY_15_4",384,256,5.5668866325774,"15_4_HFY","Orpheus_Island","HFY","10min",78.5,0.0217456509085055,0.443373840977931,-1.6626275881485
"10min_HFY_15_4",768,512,20.5019786640747,"15_4_HFY","Orpheus_Island","HFY","10min",78.5,0.0400429270782709,0.744403836641912,-1.39747418375321
"10min_HFY_15_4",1536,1024,20.4389462420382,"15_4_HFY","Orpheus_Island","HFY","10min",78.5,0.0199599084394904,1.04543383230589,-1.69984145524881
"10min_HFY_16_1",12,8,0.186551860283195,"16_1_HFY","Orpheus_Island","HFY","10min",78.5,0.0233189825353993,-1.06177613734198,-1.63229040283676
"10min_HFY_16_1",24,16,1.24755613960516,"16_1_HFY","Orpheus_Island","HFY","10min",78.5,0.0779722587253228,-0.760746141677994,-1.10805988481568
"10min_HFY_16_1",48,32,3.01234661603283,"16_1_HFY","Orpheus_Island","HFY","10min",78.5,0.094135831751026,-0.459716146014013,-1.02624503576817
"10min_HFY_16_1",96,64,16.4738098485247,"16_1_HFY","Orpheus_Island","HFY","10min",78.5,0.257403278883198,-0.158686150350032,-0.589385925217918
"10min_HFY_16_1",192,128,37.8283194937981,"16_1_HFY","Orpheus_Island","HFY","10min",78.5,0.295533746045298,0.142343845313949,-0.529392921265019
"10min_HFY_16_1",384,256,15.6908260075515,"16_1_HFY","Orpheus_Island","HFY","10min",78.5,0.0612922890919981,0.443373840977931,-1.21259415868609
"10min_HFY_16_1",1536,1024,19.9915821656051,"16_1_HFY","Orpheus_Island","HFY","10min",78.5,0.0195230294585987,1.04543383230589,-1.70945279040559
"10min_HFY_16_2",12,8,0.186551860283195,"16_2_HFY","Orpheus_Island","HFY","10min",78.5,0.0233189825353993,-1.06177613734198,-1.63229040283676
"10min_HFY_16_2",24,16,1.40611775001523,"16_2_HFY","Orpheus_Island","HFY","10min",78.5,0.0878823593759518,-0.760746141677994,-1.05609829209971
"10min_HFY_16_2",48,32,1.0696792961332,"16_2_HFY","Orpheus_Island","HFY","10min",78.5,0.0334274780041624,-0.459716146014013,-1.47589638829504
"10min_HFY_16_2",96,64,24.2783962781886,"16_2_HFY","Orpheus_Island","HFY","10min",78.5,0.379349941846696,-0.158686150350032,-0.42095997817606
"10min_HFY_16_2",192,128,37.1784582331075,"16_2_HFY","Orpheus_Island","HFY","10min",78.5,0.290456704946153,0.142343845313949,-0.536918593753063
"10min_HFY_16_2",384,256,3.87386551582994,"16_2_HFY","Orpheus_Island","HFY","10min",78.5,0.0151322871712107,0.443373840977931,-1.82009542552833
"10min_HFY_16_2",768,512,15.9955974522293,"16_2_HFY","Orpheus_Island","HFY","10min",78.5,0.0312414012738854,0.744403836641912,-1.5052694949014
"10min_HFY_16_2",1536,1024,15.6897214432333,"16_2_HFY","Orpheus_Island","HFY","10min",78.5,0.0153219935969075,1.04543383230589,-1.81468472348886
"10min_HFY_16_3",12,8,0.559655580849584,"16_3_HFY","Orpheus_Island","HFY","10min",78.5,0.069956947606198,-1.06177613734198,-1.1551691481171
"10min_HFY_16_3",24,16,2.85422677119083,"16_3_HFY","Orpheus_Island","HFY","10min",78.5,0.178389173199427,-0.760746141677994,-0.748631507372621
"10min_HFY_16_3",48,32,1.57161846036114,"16_3_HFY","Orpheus_Island","HFY","10min",78.5,0.0491130768862855,-0.459716146014013,-1.30880285689108
"10min_HFY_16_3",96,64,8.24645471937266,"16_3_HFY","Orpheus_Island","HFY","10min",78.5,0.128850854990198,-0.158686150350032,-0.889912695341303
"10min_HFY_16_3",192,128,7.78839063811255,"16_3_HFY","Orpheus_Island","HFY","10min",78.5,0.0608468018602543,0.142343845313949,-1.21576224357927
"10min_HFY_16_3",384,256,6.24248383062517,"16_3_HFY","Orpheus_Island","HFY","10min",78.5,0.0243847024633796,0.443373840977931,-1.61288253920306
"10min_HFY_16_4",12,8,0.559655580849584,"16_4_HFY","Orpheus_Island","HFY","10min",78.5,0.069956947606198,-1.06177613734198,-1.1551691481171
"10min_HFY_16_4",24,16,1.74903502994241,"16_4_HFY","Orpheus_Island","HFY","10min",78.5,0.109314689371401,-0.760746141677994,-0.961321474973507
"10min_HFY_16_4",48,32,7.39390086099067,"16_4_HFY","Orpheus_Island","HFY","10min",78.5,0.231059401905959,-0.459716146014013,-0.636276355157384
"10min_HFY_16_4",96,64,40.1834260881116,"16_4_HFY","Orpheus_Island","HFY","10min",78.5,0.627866032626744,-0.158686150350032,-0.202133011513714
"10min_HFY_16_4",192,128,17.2337435402877,"16_4_HFY","Orpheus_Island","HFY","10min",78.5,0.134638621408498,0.142343845313949,-0.870830343836655
"10min_HFY_16_4",384,256,12.3769962535798,"16_4_HFY","Orpheus_Island","HFY","10min",78.5,0.0483476416155462,0.443373840977931,-1.31562470582783
"10min_SBT_11_1",24,16,2.9288125305173,"11_1_SBT","Orpheus_Island","SBT","10min",78.5,0.183050783157331,-0.760746141677994,-0.737428408709902
"10min_SBT_11_1",48,32,1.61570028875897,"11_1_SBT","Orpheus_Island","SBT","10min",78.5,0.0504906340237177,-0.459716146014013,-1.29678917572414
"10min_SBT_11_1",96,64,3.66704199628747,"11_1_SBT","Orpheus_Island","SBT","10min",78.5,0.0572975311919917,-0.158686150350032,-1.24186409029777
"10min_SBT_11_1",192,128,20.9013705268777,"11_1_SBT","Orpheus_Island","SBT","10min",78.5,0.163291957241232,0.142343845313949,-0.787035205415021
"10min_SBT_11_1",384,256,42.2736829491364,"11_1_SBT","Orpheus_Island","SBT","10min",78.5,0.165131574020064,0.443373840977931,-0.782169879422498
"10min_SBT_11_1",768,512,9.39067477448677,"11_1_SBT","Orpheus_Island","SBT","10min",78.5,0.0183411616689195,0.744403836641912,-1.73657316100927
"10min_SBT_11_1",3072,2048,32.1432799138264,"11_1_SBT","Orpheus_Island","SBT","10min",78.5,0.0156949608954231,1.34646382796987,-1.80423976202339
"10min_SBT_11_2",24,16,0.857668409281355,"11_2_SBT","Orpheus_Island","SBT","10min",78.5,0.0536042755800847,-0.760746141677994,-1.27080056876278
"10min_SBT_11_2",48,32,3.49434505554667,"11_2_SBT","Orpheus_Island","SBT","10min",78.5,0.109198282985833,-0.459716146014013,-0.961784190345937
"10min_SBT_11_2",96,64,11.9341382431059,"11_2_SBT","Orpheus_Island","SBT","10min",78.5,0.18647091004853,-0.158686150350032,-0.729388909650408
"10min_SBT_11_2",192,128,19.6674184811169,"11_2_SBT","Orpheus_Island","SBT","10min",78.5,0.153651706883726,0.142343845313949,-0.813462610896924
"10min_SBT_11_2",384,256,4.49905656032846,"11_2_SBT","Orpheus_Island","SBT","10min",78.5,0.017574439688783,0.443373840977931,-1.75511851233652
"10min_SBT_11_2",768,512,15.4970188844118,"11_2_SBT","Orpheus_Island","SBT","10min",78.5,0.0302676150086169,0.744403836641912,-1.51902179871321
"10min_SBT_11_3",24,16,0.285889469760452,"11_3_SBT","Orpheus_Island","SBT","10min",78.5,0.0178680918600282,-0.760746141677994,-1.74792182348245
"10min_SBT_11_3",96,64,23.6078626450354,"11_3_SBT","Orpheus_Island","SBT","10min",78.5,0.368872853828678,-0.158686150350032,-0.433123304291235
"10min_SBT_11_3",192,128,5.97182015053648,"11_3_SBT","Orpheus_Island","SBT","10min",78.5,0.0466548449260663,0.142343845313949,-1.3311032497653
"10min_SBT_11_3",384,256,23.5462314572609,"11_3_SBT","Orpheus_Island","SBT","10min",78.5,0.0919774666299255,0.443373840977931,-1.03631855653406
"10min_SBT_11_3",768,512,9.25742122122748,"11_3_SBT","Orpheus_Island","SBT","10min",78.5,0.0180809008227099,0.744403836641912,-1.74277993599637
"10min_SBT_11_3",1536,1024,21.3331463664377,"11_3_SBT","Orpheus_Island","SBT","10min",78.5,0.0208331507484743,1.04543383230589,-1.68124504358091
"10min_SBT_11_4",24,16,2.74283780220744,"11_4_SBT","Orpheus_Island","SBT","10min",78.5,0.171427362637965,-0.760746141677994,-0.765919856308788
"10min_SBT_11_4",48,32,1.38585555797151,"11_4_SBT","Orpheus_Island","SBT","10min",78.5,0.0433079861866097,-0.459716146014013,-1.36343201041416
"10min_SBT_11_4",96,64,17.1289102536539,"11_4_SBT","Orpheus_Island","SBT","10min",78.5,0.267639222713342,-0.158686150350032,-0.572450240083134
"10min_SBT_11_4",192,128,51.322467000221,"11_4_SBT","Orpheus_Island","SBT","10min",78.5,0.400956773439227,0.142343845313949,-0.396902445506319
"10min_SBT_11_4",384,256,40.2827644873862,"11_4_SBT","Orpheus_Island","SBT","10min",78.5,0.157354548778852,0.443373840977931,-0.803120698057397
"10min_SBT_11_4",768,512,17.2426762404449,"11_4_SBT","Orpheus_Island","SBT","10min",78.5,0.033677102032119,0.744403836641912,-1.47266528729142
"10min_SBT_12_1",24,16,2.52779145937455,"12_1_SBT","Fantome_Island","SBT","10min",78.5,0.157986966210909,-0.760746141677994,-0.801378740489675
"10min_SBT_12_1",48,32,7.74914032432589,"12_1_SBT","Fantome_Island","SBT","10min",78.5,0.242160635135184,-0.459716146014013,-0.615896452989111
"10min_SBT_12_1",96,64,57.6861009154027,"12_1_SBT","Fantome_Island","SBT","10min",78.5,0.901345326803167,-0.158686150350032,-0.0451087886078521
"10min_SBT_12_1",192,128,26.5432477553278,"12_1_SBT","Fantome_Island","SBT","10min",78.5,0.207369123088499,0.142343845313949,-0.683255908846556
"10min_SBT_12_1",384,256,6.13698796472675,"12_1_SBT","Fantome_Island","SBT","10min",78.5,0.0239726092372139,0.443373840977931,-1.62028469372384
"10min_SBT_12_2",24,16,1.70200955625926,"12_2_SBT","Fantome_Island","SBT","10min",78.5,0.106375597266203,-0.760746141677994,-0.973157988470804
"10min_SBT_12_2",48,32,4.00271969497531,"12_2_SBT","Fantome_Island","SBT","10min",78.5,0.125084990467978,-0.459716146014013,-0.90279480020277
"10min_SBT_12_2",96,64,24.4822096011031,"12_2_SBT","Fantome_Island","SBT","10min",78.5,0.382534525017236,-0.158686150350032,-0.417329362215403
"10min_SBT_12_2",192,128,14.5976747398511,"12_2_SBT","Fantome_Island","SBT","10min",78.5,0.114044333905087,0.142343845313949,-0.942926287019362
"10min_SBT_12_2",384,256,10.3885533336017,"12_2_SBT","Fantome_Island","SBT","10min",78.5,0.0405802864593816,0.443373840977931,-1.39168489157351
"10min_SBT_12_3",24,16,2.40851796505953,"12_3_SBT","Fantome_Island","SBT","10min",78.5,0.15053237281622,-0.760746141677994,-0.82237009260455
"10min_SBT_12_3",48,32,3.77291515935091,"12_3_SBT","Fantome_Island","SBT","10min",78.5,0.117903598729716,-0.459716146014013,-0.928472938886207
"10min_SBT_12_3",96,64,11.6230078642026,"12_3_SBT","Fantome_Island","SBT","10min",78.5,0.181609497878165,-0.158686150350032,-0.740861442333585
"10min_SBT_12_3",192,128,25.0434203957934,"12_3_SBT","Fantome_Island","SBT","10min",78.5,0.195651721842136,0.142343845313949,-0.708516325717567
"10min_SBT_12_3",384,256,15.0168458598726,"12_3_SBT","Fantome_Island","SBT","10min",78.5,0.0586595541401274,0.443373840977931,-1.23166124233089
"10min_SBT_12_3",768,512,44.4598359881732,"12_3_SBT","Fantome_Island","SBT","10min",78.5,0.0868356171644008,0.744403836641912,-1.06130210471728
"10min_SBT_12_3",1536,1024,63.999439099313,"12_3_SBT","Fantome_Island","SBT","10min",78.5,0.0624994522454229,1.04543383230589,-1.20412378886125
"10min_SBT_12_3",3072,2048,34.4485605095541,"12_3_SBT","Fantome_Island","SBT","10min",78.5,0.0168205861863057,1.34646382796987,-1.77415887339887
"10min_SBT_12_4",24,16,4.71315453766132,"12_4_SBT","Fantome_Island","SBT","10min",78.5,0.294572158603833,-0.760746141677994,-0.530808302761928
"10min_SBT_12_4",48,32,1.1474924243103,"12_4_SBT","Fantome_Island","SBT","10min",78.5,0.0358591382596969,-0.459716146014013,-1.44540015129239
"10min_SBT_12_4",96,64,16.7324571570934,"12_4_SBT","Fantome_Island","SBT","10min",78.5,0.261444643079584,-0.158686150350032,-0.582620252303674
"10min_SBT_12_4",192,128,17.3627608317662,"12_4_SBT","Fantome_Island","SBT","10min",78.5,0.135646568998173,0.142343845313949,-0.867591186672051
"10min_SBT_12_4",384,256,3.96621044585987,"12_4_SBT","Fantome_Island","SBT","10min",78.5,0.0154930095541401,0.443373840977931,-1.80986421130466
"10min_SBT_13_1",24,16,1.55600974005296,"13_1_SBT","Fantome_Island","SBT","10min",78.5,0.0972506087533098,-0.760746141677994,-1.01210767146883
"10min_SBT_13_1",48,32,5.265913579183,"13_1_SBT","Fantome_Island","SBT","10min",78.5,0.164559799349469,-0.459716146014013,-0.783676250855576
"10min_SBT_13_1",96,64,21.3306664073726,"13_1_SBT","Fantome_Island","SBT","10min",78.5,0.333291662615196,-0.158686150350032,-0.477175550202362
"10min_SBT_13_1",192,128,22.6566679628077,"13_1_SBT","Fantome_Island","SBT","10min",78.5,0.177005218459435,0.142343845313949,-0.752013929600181
"10min_SBT_13_1",384,256,23.7060641024382,"13_1_SBT","Fantome_Island","SBT","10min",78.5,0.0926018129001494,0.443373840977931,-1.03338051089016
"10min_SBT_13_1",768,512,12.2055582165605,"13_1_SBT","Fantome_Island","SBT","10min",78.5,0.0238389808917197,0.744403836641912,-1.62271231447554
"10min_SBT_13_1",1536,1024,13.8855152344603,"13_1_SBT","Fantome_Island","SBT","10min",78.5,0.0135600734711526,1.04543383230589,-1.86773795736942
"10min_SBT_13_2",24,16,1.47013389043041,"13_2_SBT","Fantome_Island","SBT","10min",78.5,0.0918833681519009,-0.760746141677994,-1.03676309333145
"10min_SBT_13_2",96,64,53.56029208059,"13_2_SBT","Fantome_Island","SBT","10min",78.5,0.836879563759218,-0.158686150350032,-0.0773370372973396
"10min_SBT_13_2",192,128,85.8728264261411,"13_2_SBT","Fantome_Island","SBT","10min",78.5,0.670881456454227,0.142343845313949,-0.173354212105205
"10min_SBT_13_2",384,256,22.0497300731944,"13_2_SBT","Fantome_Island","SBT","10min",78.5,0.0861317580984156,0.443373840977931,-1.06483668799052
"10min_SBT_13_2",768,512,12.2055582165605,"13_2_SBT","Fantome_Island","SBT","10min",78.5,0.0238389808917197,0.744403836641912,-1.62271231447554
"10min_SBT_13_3",24,16,2.61049984554563,"13_3_SBT","Fantome_Island","SBT","10min",78.5,0.163156240346602,-0.760746141677994,-0.787396310804913
"10min_SBT_13_3",48,32,1.43633053285321,"13_3_SBT","Fantome_Island","SBT","10min",78.5,0.044885329151663,-0.459716146014013,-1.34789558571443
"10min_SBT_13_3",96,64,17.6994249868179,"13_3_SBT","Fantome_Island","SBT","10min",78.5,0.27655351541903,-0.158686150350032,-0.558220816611258
"10min_SBT_13_3",192,128,36.5409141321125,"13_3_SBT","Fantome_Island","SBT","10min",78.5,0.285475891657129,0.142343845313949,-0.54443056189226
"10min_SBT_13_3",384,256,25.4212302462083,"13_3_SBT","Fantome_Island","SBT","10min",78.5,0.0993016806492514,0.443373840977931,-1.00304340114692
"10min_SBT_13_3",768,512,15.2526756687898,"13_3_SBT","Fantome_Island","SBT","10min",78.5,0.0297903821656051,0.744403836641912,-1.52592392540701
"10min_SBT_13_3",1536,1024,15.6897214432333,"13_3_SBT","Fantome_Island","SBT","10min",78.5,0.0153219935969075,1.04543383230589,-1.81468472348886
"10min_SBT_13_4",24,16,2.08524164057284,"13_4_SBT","Fantome_Island","SBT","10min",78.5,0.130327602535803,-0.760746141677994,-0.884963593808173
"10min_SBT_13_4",48,32,1.82064611464968,"13_4_SBT","Fantome_Island","SBT","10min",78.5,0.0568951910828025,-0.459716146014013,-1.24492443965875
"10min_SBT_13_4",96,64,27.6116894472238,"13_4_SBT","Fantome_Island","SBT","10min",78.5,0.431432647612871,-0.158686150350032,-0.365086993814755
"10min_SBT_13_4",192,128,8.2626395414719,"13_4_SBT","Fantome_Island","SBT","10min",78.5,0.0645518714177493,0.142343845313949,-1.1900911626211
"10min_SBT_14_1",24,16,3.02646488988423,"14_1_SBT","Fantome_Island","SBT","10min",78.5,0.189154055617765,-0.760746141677994,-0.723184342642273
"10min_SBT_14_1",48,32,1.40347820064864,"14_1_SBT","Fantome_Island","SBT","10min",78.5,0.04385869377027,-0.459716146014013,-1.35794430692232
"10min_SBT_14_1",96,64,27.5588214744182,"14_1_SBT","Fantome_Island","SBT","10min",78.5,0.430606585537785,-0.158686150350032,-0.365919332522634
"10min_SBT_14_1",192,128,13.5228060687892,"14_1_SBT","Fantome_Island","SBT","10min",78.5,0.105646922412415,0.142343845313949,-0.976143149806872
"10min_SBT_14_1",384,256,3.57027208351369,"14_1_SBT","Fantome_Island","SBT","10min",78.5,0.0139463753262254,0.443373840977931,-1.85553865119799
"10min_SBT_14_2",24,16,1.67304110049871,"14_2_SBT","Fantome_Island","SBT","10min",78.5,0.104565068781169,-0.760746141677994,-0.980613372536006
"10min_SBT_14_2",48,32,1.19170050138315,"14_2_SBT","Fantome_Island","SBT","10min",78.5,0.0372406406682234,-0.459716146014013,-1.42898285625458
"10min_SBT_14_2",96,64,5.22886812420586,"14_2_SBT","Fantome_Island","SBT","10min",78.5,0.0817010644407165,-0.158686150350032,-1.08777228523358
"10min_SBT_14_2",192,128,7.94639775136381,"14_2_SBT","Fantome_Island","SBT","10min",78.5,0.0620812324325297,0.142343845313949,-1.20703967007889
"10min_SBT_14_2",384,256,17.1351685730966,"14_2_SBT","Fantome_Island","SBT","10min",78.5,0.0669342522386587,0.443373840977931,-1.17435158400406
"10min_SBT_14_3",24,16,2.99749865805479,"14_3_SBT","Fantome_Island","SBT","10min",78.5,0.187343666128425,-0.760746141677994,-0.727360985313572
"10min_SBT_14_3",48,32,1.64749178632876,"14_3_SBT","Fantome_Island","SBT","10min",78.5,0.0514841183227736,-0.459716146014013,-1.28832672025021
"10min_SBT_14_3",96,64,8.92339111695206,"14_3_SBT","Fantome_Island","SBT","10min",78.5,0.139427986202376,-0.158686150350032,-0.855650045223882
"10min_SBT_14_3",192,128,56.9539875862038,"14_3_SBT","Fantome_Island","SBT","10min",78.5,0.444953028017217,0.142343845313949,-0.351685833400296
"10min_SBT_14_4",24,16,1.84107621958086,"14_4_SBT","Fantome_Island","SBT","10min",78.5,0.115067263723803,-0.760746141677994,-0.939048214218085
"10min_SBT_14_4",48,32,1.27876811633,"14_4_SBT","Fantome_Island","SBT","10min",78.5,0.0399615036353125,-0.459716146014013,-1.39835817889868
"10min_SBT_14_4",96,64,12.1373048899626,"14_4_SBT","Fantome_Island","SBT","10min",78.5,0.189645388905665,-0.158686150350032,-0.722057712397892
"10min_SBT_14_4",192,128,26.4475605541921,"14_4_SBT","Fantome_Island","SBT","10min",78.5,0.206621566829626,0.142343845313949,-0.684824349485038
"10min_SBT_14_4",384,256,8.81783889630467,"14_4_SBT","Fantome_Island","SBT","10min",78.5,0.0344446831886901,0.443373840977931,-1.46287780539685
"10min_SBT_14_4",3072,2048,104.452074829995,"14_4_SBT","Fantome_Island","SBT","10min",78.5,0.0510019896630833,1.34646382796987,-1.29241288110122
"10min_SBT_15_1",24,16,2.4841735349898,"15_1_SBT","Orpheus_Island","SBT","10min",78.5,0.155260845936862,-0.760746141677994,-0.808938051917865
"10min_SBT_15_1",48,32,3.4708109033169,"15_1_SBT","Orpheus_Island","SBT","10min",78.5,0.108462840728653,-0.459716146014013,-0.964719025231354
"10min_SBT_15_1",96,64,15.5072942520573,"15_1_SBT","Orpheus_Island","SBT","10min",78.5,0.242301472688396,-0.158686150350032,-0.615643946248379
"10min_SBT_15_1",192,128,22.279792082117,"15_1_SBT","Orpheus_Island","SBT","10min",78.5,0.174060875641539,0.142343845313949,-0.759298836019184
"10min_SBT_15_1",384,256,19.7225198717222,"15_1_SBT","Orpheus_Island","SBT","10min",78.5,0.0770410932489147,0.443373840977931,-1.11327756299928
"10min_SBT_15_1",768,512,8.66809194645662,"15_1_SBT","Orpheus_Island","SBT","10min",78.5,0.0169298670829231,0.744403836641912,-1.77134645154137
"10min_SBT_15_1",1536,1024,33.8958310867044,"15_1_SBT","Orpheus_Island","SBT","10min",78.5,0.0331013975456098,1.04543383230589,-1.48015366986375
"10min_SBT_15_1",3072,2048,32.1432799138264,"15_1_SBT","Orpheus_Island","SBT","10min",78.5,0.0156949608954231,1.34646382796987,-1.80423976202339
"10min_SBT_15_2",24,16,3.56284822246039,"15_2_SBT","Orpheus_Island","SBT","10min",78.5,0.222678013903774,-0.760746141677994,-0.652322660880808
"10min_SBT_15_2",48,32,4.37196163709155,"15_2_SBT","Orpheus_Island","SBT","10min",78.5,0.136623801159111,-0.459716146014013,-0.864473635854808
"10min_SBT_15_2",96,64,24.7165198406071,"15_2_SBT","Orpheus_Island","SBT","10min",78.5,0.386195622509486,-0.158686150350032,-0.413192653215218
"10min_SBT_15_2",192,128,13.6898397600864,"15_2_SBT","Orpheus_Island","SBT","10min",78.5,0.106951873125675,0.142343845313949,-0.970811604911799
"10min_SBT_15_2",384,256,4.25156536887494,"15_2_SBT","Orpheus_Island","SBT","10min",78.5,0.0166076772221677,0.443373840977931,-1.77969110446228
"10min_SBT_15_2",768,512,11.8580860259421,"15_2_SBT","Orpheus_Island","SBT","10min",78.5,0.0231603242694182,0.744403836641912,-1.63525536431278
"10min_SBT_15_2",1536,1024,49.4037035254879,"15_2_SBT","Orpheus_Island","SBT","10min",78.5,0.0482458042241093,1.04543383230589,-1.31654044981345
"10min_SBT_15_3",24,16,2.34178607121504,"15_3_SBT","Orpheus_Island","SBT","10min",78.5,0.14636162945094,-0.760746141677994,-0.834572764137516
"10min_SBT_15_3",48,32,3.75538509390774,"15_3_SBT","Orpheus_Island","SBT","10min",78.5,0.117355784184617,-0.459716146014013,-0.930495500206383
"10min_SBT_15_3",96,64,13.3526153135666,"15_3_SBT","Orpheus_Island","SBT","10min",78.5,0.208634614274478,-0.158686150350032,-0.680613636746987
"10min_SBT_15_3",192,128,21.3316436150208,"15_3_SBT","Orpheus_Island","SBT","10min",78.5,0.16665346574235,0.142343845313949,-0.778185650277513
"10min_SBT_15_3",384,256,4.25156536887494,"15_3_SBT","Orpheus_Island","SBT","10min",78.5,0.0166076772221677,0.443373840977931,-1.77969110446228
"10min_SBT_15_3",768,512,35.640593292921,"15_3_SBT","Orpheus_Island","SBT","10min",78.5,0.0696105337752363,0.744403836641912,-1.15732503604598
"10min_SBT_15_3",1536,1024,37.022867809671,"15_3_SBT","Orpheus_Island","SBT","10min",78.5,0.0361551443453818,1.04543383230589,-1.44182990025436
"10min_SBT_15_4",24,16,0.826755643067196,"15_4_SBT","Orpheus_Island","SBT","10min",78.5,0.0516722276916997,-0.760746141677994,-1.28674281475863
"10min_SBT_15_4",48,32,2.97585154103726,"15_4_SBT","Orpheus_Island","SBT","10min",78.5,0.0929953606574143,-0.459716146014013,-1.03153871694221
"10min_SBT_15_4",96,64,11.4378369829138,"15_4_SBT","Orpheus_Island","SBT","10min",78.5,0.178716202858027,-0.158686150350032,-0.747836071485205
"10min_SBT_15_4",192,128,14.1500559854563,"15_4_SBT","Orpheus_Island","SBT","10min",78.5,0.110547312386377,0.142343845313949,-0.956451811474724
"10min_SBT_15_4",384,256,26.3137983592998,"15_4_SBT","Orpheus_Island","SBT","10min",78.5,0.102788274841015,0.443373840977931,-0.988056422911465
"10min_SBT_15_4",768,512,54.5272493430323,"15_4_SBT","Orpheus_Island","SBT","10min",78.5,0.10649853387311,0.744403836641912,-0.972656370959525
"10min_SBT_15_4",1536,1024,42.6662927328754,"15_4_SBT","Orpheus_Island","SBT","10min",78.5,0.0416663014969486,1.04543383230589,-1.38021504791693
"10min_SBT_16_1",24,16,0.752368984156972,"16_1_SBT","Orpheus_Island","SBT","10min",78.5,0.0470230615098107,-0.760746141677994,-1.32768909887051
"10min_SBT_16_1",48,32,3.55580246392967,"16_1_SBT","Orpheus_Island","SBT","10min",78.5,0.111118826997802,-0.459716146014013,-0.954212351783315
"10min_SBT_16_1",96,64,8.43717545069669,"16_1_SBT","Orpheus_Island","SBT","10min",78.5,0.131830866417136,-0.158686150350032,-0.879982893647909
"10min_SBT_16_1",192,128,17.7255132540462,"16_1_SBT","Orpheus_Island","SBT","10min",78.5,0.138480572297236,0.142343845313949,-0.858611150324618
"10min_SBT_16_1",384,256,12.3842134461503,"16_1_SBT","Orpheus_Island","SBT","10min",78.5,0.0483758337740245,0.443373840977931,-1.31537153669474
"10min_SBT_16_1",768,512,15.8239455675387,"16_1_SBT","Orpheus_Island","SBT","10min",78.5,0.0309061436865991,0.744403836641912,-1.50995518064071
"10min_SBT_16_1",3072,2048,27.7388732282023,"16_1_SBT","Orpheus_Island","SBT","10min",78.5,0.0135443716934582,1.34646382796987,-1.86824113654392
"10min_SBT_16_2",24,16,1.35237429659258,"16_2_SBT","Orpheus_Island","SBT","10min",78.5,0.0845233935370366,-0.760746141677994,-1.07302307474297
"10min_SBT_16_2",48,32,1.76627901530746,"16_2_SBT","Orpheus_Island","SBT","10min",78.5,0.055196219228358,-0.459716146014013,-1.25809066909136
"10min_SBT_16_2",96,64,3.05121969717292,"16_2_SBT","Orpheus_Island","SBT","10min",78.5,0.0476753077683268,-0.158686150350032,-1.32170649468144
"10min_SBT_16_2",192,128,10.607068278771,"16_2_SBT","Orpheus_Island","SBT","10min",78.5,0.0828677209278982,0.142343845313949,-1.08161460518971
"10min_SBT_16_2",384,256,31.3888782805808,"16_2_SBT","Orpheus_Island","SBT","10min",78.5,0.122612805783519,0.443373840977931,-0.911464169371554
"10min_SBT_16_2",768,512,7.41394613143165,"16_2_SBT","Orpheus_Island","SBT","10min",78.5,0.0144803635379524,0.744403836641912,-1.83922053478633
"10min_SBT_16_2",1536,1024,13.7882867288612,"16_2_SBT","Orpheus_Island","SBT","10min",78.5,0.0134651237586535,1.04543383230589,-1.87078965061093
"10min_SBT_16_3",24,16,1.04322865513525,"16_3_SBT","Orpheus_Island","SBT","10min",78.5,0.0652017909459531,-0.760746141677994,-1.18574047501559
"10min_SBT_16_3",96,64,3.84278681584072,"16_3_SBT","Orpheus_Island","SBT","10min",78.5,0.0600435439975113,-0.158686150350032,-1.22153368196609
"10min_SBT_16_3",192,128,10.283402189017,"16_3_SBT","Orpheus_Island","SBT","10min",78.5,0.0803390796016955,0.142343845313949,-1.09507314803619
"10min_SBT_16_3",384,256,5.76791587554526,"16_3_SBT","Orpheus_Island","SBT","10min",78.5,0.0225309213888487,0.443373840977931,-1.64722104769426
"10min_SBT_16_3",6144,4096,98.61676385319,"16_3_SBT","Orpheus_Island","SBT","10min",78.5,0.0240763583625952,1.64749382363386,-1.61840920107829
"10min_SBT_16_4",24,16,0.892811443896689,"16_4_SBT","Orpheus_Island","SBT","10min",78.5,0.0558007152435431,-0.760746141677994,-1.2533602343181
"10min_SBT_16_4",48,32,2.02810816706117,"16_4_SBT","Orpheus_Island","SBT","10min",78.5,0.0633783802206615,-0.459716146014013,-1.19805886439182
"10min_SBT_16_4",96,64,8.02445310777484,"16_4_SBT","Orpheus_Island","SBT","10min",78.5,0.125382079808982,-0.158686150350032,-0.901764530460748
"10min_SBT_16_4",192,128,18.4653539668114,"16_4_SBT","Orpheus_Island","SBT","10min",78.5,0.144260577865714,0.142343845313949,-0.8408523324857
"10min_SKC_11_1",24,16,1.71533681856271,"11_1_SKC","Orpheus_Island","SKC","10min",78.5,0.107208551160169,-0.760746141677994,-0.969770573098802
"10min_SKC_11_1",48,32,0.972137914016638,"11_1_SKC","Orpheus_Island","SKC","10min",78.5,0.0303793098130199,-0.459716146014013,-1.51742209708949
"10min_SKC_11_1",96,64,13.3034109359876,"11_1_SKC","Orpheus_Island","SKC","10min",78.5,0.207865795874807,-0.158686150350032,-0.682216967546468
"10min_SKC_11_1",192,128,16.698891176321,"11_1_SKC","Orpheus_Island","SKC","10min",78.5,0.130460087315008,0.142343845313949,-0.884522335146558
"10min_SKC_11_1",384,256,4.65020091184631,"11_1_SKC","Orpheus_Island","SKC","10min",78.5,0.0181648473118996,0.443373840977931,-1.7407682483313
"10min_SKC_11_2",24,16,2.28711575808361,"11_2_SKC","Orpheus_Island","SKC","10min",78.5,0.142944734880226,-0.760746141677994,-0.844831836490502
"10min_SKC_11_2",48,32,1.00862369426752,"11_2_SKC","Orpheus_Island","SKC","10min",78.5,0.0315194904458599,-0.459716146014013,-1.50142081206891
"10min_SKC_11_2",96,64,23.3167146479133,"11_2_SKC","Orpheus_Island","SKC","10min",78.5,0.364323666373645,-0.158686150350032,-0.438512616181527
"10min_SKC_11_2",192,128,20.7902196923761,"11_2_SKC","Orpheus_Island","SKC","10min",78.5,0.162423591346688,0.142343845313949,-0.78935089105798
"10min_SKC_11_2",384,256,43.6973868143761,"11_2_SKC","Orpheus_Island","SKC","10min",78.5,0.170692917243657,0.443373840977931,-0.767784499188803
"10min_SKC_11_2",1536,1024,15.6897214432333,"11_2_SKC","Orpheus_Island","SKC","10min",78.5,0.0153219935969075,1.04543383230589,-1.81468472348886
"10min_SKC_11_3",24,16,5.59738732798559,"11_3_SKC","Orpheus_Island","SKC","10min",78.5,0.349836707999099,-0.760746141677994,-0.456134622401572
"10min_SKC_11_3",48,32,1.87130426753152,"11_3_SKC","Orpheus_Island","SKC","10min",78.5,0.0584782583603599,-0.459716146014013,-1.23300557031402
"10min_SKC_11_3",96,64,11.4433654530613,"11_3_SKC","Orpheus_Island","SKC","10min",78.5,0.178802585204083,-0.158686150350032,-0.747626206279746
"10min_SKC_11_3",192,128,9.85019156346457,"11_3_SKC","Orpheus_Island","SKC","10min",78.5,0.0769546215895669,0.142343845313949,-1.113765293044
"10min_SKC_11_4",24,16,0.924396586098258,"11_4_SKC","Orpheus_Island","SKC","10min",78.5,0.0577747866311411,-0.760746141677994,-1.23826164974481
"10min_SKC_11_4",48,32,1.45882711847327,"11_4_SKC","Orpheus_Island","SKC","10min",78.5,0.0455883474522896,-0.459716146014013,-1.34114615040298
"10min_SKC_11_4",96,64,23.2237203557324,"11_4_SKC","Orpheus_Island","SKC","10min",78.5,0.362870630558319,-0.158686150350032,-0.440248180607975
"10min_SKC_11_4",768,512,8.17677044585987,"11_4_SKC","Orpheus_Island","SKC","10min",78.5,0.0159702547770701,0.744403836641912,-1.7966881554086
"10min_SKC_12_1",24,16,0.400313424567679,"12_1_SKC","Fantome_Island","SKC","10min",78.5,0.0250195890354799,-0.760746141677994,-1.60171982817934
"10min_SKC_12_1",48,32,7.66551900481011,"12_1_SKC","Fantome_Island","SKC","10min",78.5,0.239547468900316,-0.459716146014013,-0.620608413611652
"10min_SKC_12_1",96,64,13.0304244962961,"12_1_SKC","Fantome_Island","SKC","10min",78.5,0.203600382754627,-0.158686150350032,-0.691221409890946
"10min_SKC_12_1",384,256,9.72724936678165,"12_1_SKC","Fantome_Island","SKC","10min",78.5,0.0379970678389908,0.443373840977931,-1.42024991576421
"10min_SKC_12_1",768,512,8.17677044585987,"12_1_SKC","Fantome_Island","SKC","10min",78.5,0.0159702547770701,0.744403836641912,-1.7966881554086
"10min_SKC_12_1",1536,1024,15.6897214432333,"12_1_SKC","Fantome_Island","SKC","10min",78.5,0.0153219935969075,1.04543383230589,-1.81468472348886
"10min_SKC_12_2",24,16,2.40201427819207,"12_2_SKC","Fantome_Island","SKC","10min",78.5,0.150125892387004,-0.760746141677994,-0.823544398023011
"10min_SKC_12_2",48,32,28.5044078337983,"12_2_SKC","Fantome_Island","SKC","10min",78.5,0.890762744806196,-0.459716146014013,-0.0502379551577977
"10min_SKC_12_2",96,64,89.4156163063205,"12_2_SKC","Fantome_Island","SKC","10min",78.5,1.39711900478626,-0.158686150350032,0.145233400330917
"10min_SKC_12_2",192,128,5.41392536189244,"12_2_SKC","Fantome_Island","SKC","10min",78.5,0.0422962918897847,0.142343845313949,-1.37369770549482
"10min_SKC_12_3",48,32,3.9622337137086,"12_3_SKC","Fantome_Island","SKC","10min",78.5,0.123819803553394,-0.459716146014013,-0.907209889353519
"10min_SKC_12_3",96,64,8.43361143724842,"12_3_SKC","Fantome_Island","SKC","10min",78.5,0.131775178707007,-0.158686150350032,-0.880166386143821
"10min_SKC_12_3",192,128,16.7861389832057,"12_3_SKC","Fantome_Island","SKC","10min",78.5,0.131141710806294,0.142343845313949,-0.882259155053468
"10min_SKC_12_3",384,256,17.58431357649,"12_3_SKC","Fantome_Island","SKC","10min",78.5,0.068688724908164,0.443373840977931,-1.16311454550285
"10min_SKC_12_3",768,512,24.0712619773341,"12_3_SKC","Fantome_Island","SKC","10min",78.5,0.0470141835494806,0.744403836641912,-1.32777110146833
"10min_SKC_12_3",3072,2048,34.4485605095541,"12_3_SKC","Fantome_Island","SKC","10min",78.5,0.0168205861863057,1.34646382796987,-1.77415887339887
"10min_SKC_12_4",24,16,1.0344930810331,"12_4_SKC","Fantome_Island","SKC","10min",78.5,0.0646558175645687,-0.760746141677994,-1.18939239232231
"10min_SKC_12_4",48,32,3.98671398170601,"12_4_SKC","Fantome_Island","SKC","10min",78.5,0.124584811928313,-0.459716146014013,-0.904534899071484
"10min_SKC_12_4",96,64,22.6747923839771,"12_4_SKC","Fantome_Island","SKC","10min",78.5,0.354293630999642,-0.158686150350032,-0.450636654741541
"10min_SKC_12_4",192,128,7.75050170904422,"12_4_SKC","Fantome_Island","SKC","10min",78.5,0.060550794601908,0.142343845313949,-1.2178801532813
"10min_SKC_12_4",384,256,4.25156536887494,"12_4_SKC","Fantome_Island","SKC","10min",78.5,0.0166076772221677,0.443373840977931,-1.77969110446228
"10min_SKC_13_1",24,16,0.285889469760452,"13_1_SKC","Fantome_Island","SKC","10min",78.5,0.0178680918600282,-0.760746141677994,-1.74792182348245
"10min_SKC_13_1",48,32,14.7575289924102,"13_1_SKC","Fantome_Island","SKC","10min",78.5,0.461172781012819,-0.459716146014013,-0.336136333217702
"10min_SKC_13_1",96,64,31.2024750225381,"13_1_SKC","Fantome_Island","SKC","10min",78.5,0.487538672227158,-0.158686150350032,-0.31199092977317
"10min_SKC_13_1",192,128,11.2352128876836,"13_1_SKC","Fantome_Island","SKC","10min",78.5,0.0877751006850281,0.142343845313949,-1.05662866369198
"10min_SKC_13_1",384,256,12.7546961066248,"13_1_SKC","Fantome_Island","SKC","10min",78.5,0.0498230316665032,0.443373840977931,-1.30256984974261
"10min_SKC_13_1",768,512,12.1352092495664,"13_1_SKC","Fantome_Island","SKC","10min",78.5,0.0237015805655594,0.744403836641912,-1.6252226916265
"10min_SKC_13_2",24,16,1.70037312773729,"13_2_SKC","Fantome_Island","SKC","10min",78.5,0.106273320483581,-0.760746141677994,-0.973575749785697
"10min_SKC_13_2",48,32,18.2792036208168,"13_2_SKC","Fantome_Island","SKC","10min",78.5,0.571225113150524,-0.459716146014013,-0.243192707634285
"10min_SKC_13_2",96,64,31.2025754826571,"13_2_SKC","Fantome_Island","SKC","10min",78.5,0.487540241916518,-0.158686150350032,-0.311989531512132
"10min_SKC_13_2",192,128,34.5016483365568,"13_2_SKC","Fantome_Island","SKC","10min",78.5,0.26954412762935,0.142343845313949,-0.569370125404441
"10min_SKC_13_2",384,256,5.0783225477707,"13_2_SKC","Fantome_Island","SKC","10min",78.5,0.0198371974522293,0.443373840977931,-1.70251968384538
"10min_SKC_13_2",1536,1024,21.1420799733902,"13_2_SKC","Fantome_Island","SKC","10min",78.5,0.0206465624740139,1.04543383230589,-1.68515224535574
"10min_SKC_13_3",24,16,0.76208101910828,"13_3_SKC","Fantome_Island","SKC","10min",78.5,0.0476300636942675,-0.760746141677994,-1.32211883771893
"10min_SKC_13_3",48,32,2.62678832272356,"13_3_SKC","Fantome_Island","SKC","10min",78.5,0.0820871350851112,-0.459716146014013,-1.08572490133782
"10min_SKC_13_3",96,64,33.4638111021136,"13_3_SKC","Fantome_Island","SKC","10min",78.5,0.522872048470525,-0.158686150350032,-0.281604573927607
"10min_SKC_13_3",192,128,9.09199294608867,"13_3_SKC","Fantome_Island","SKC","10min",78.5,0.0710311948913178,0.142343845313949,-1.14855087953686
"10min_SKC_13_3",768,512,15.2526756687898,"13_3_SKC","Fantome_Island","SKC","10min",78.5,0.0297903821656051,0.744403836641912,-1.52592392540701
"10min_SKC_13_4",24,16,1.394011982857,"13_4_SKC","Fantome_Island","SKC","10min",78.5,0.0871257489285622,-0.760746141677994,-1.05985347570433
"10min_SKC_13_4",48,32,7.6148120333007,"13_4_SKC","Fantome_Island","SKC","10min",78.5,0.237962876040647,-0.459716146014013,-0.623490790793321
"10min_SKC_13_4",96,64,53.4438969333631,"13_4_SKC","Fantome_Island","SKC","10min",78.5,0.835060889583798,-0.158686150350032,-0.078281856197685
"10min_SKC_13_4",192,128,17.6839844515194,"13_4_SKC","Fantome_Island","SKC","10min",78.5,0.138156128527495,0.142343845313949,-0.859629845263291
"10min_SKC_13_4",384,256,5.0783225477707,"13_4_SKC","Fantome_Island","SKC","10min",78.5,0.0198371974522293,0.443373840977931,-1.70251968384538
"10min_SKC_13_4",768,512,8.17677044585987,"13_4_SKC","Fantome_Island","SKC","10min",78.5,0.0159702547770701,0.744403836641912,-1.7966881554086
"10min_SKC_14_1",24,16,1.97593965881165,"14_1_SKC","Fantome_Island","SKC","10min",78.5,0.123496228675728,-0.760746141677994,-0.908346304674185
"10min_SKC_14_1",48,32,3.72591360003066,"14_1_SKC","Fantome_Island","SKC","10min",78.5,0.116434800000958,-0.459716146014013,-0.933917198469552
"10min_SKC_14_1",96,64,17.1113537216108,"14_1_SKC","Fantome_Island","SKC","10min",78.5,0.267364901900169,-0.158686150350032,-0.572895604970588
"10min_SKC_14_1",192,128,17.9029548885461,"14_1_SKC","Fantome_Island","SKC","10min",78.5,0.139866835066766,0.142343845313949,-0.854285252305936
"10min_SKC_14_1",384,256,4.65020091184631,"14_1_SKC","Fantome_Island","SKC","10min",78.5,0.0181648473118996,0.443373840977931,-1.7407682483313
"10min_SKC_14_2",24,16,2.55980148892965,"14_2_SKC","Fantome_Island","SKC","10min",78.5,0.159987593058103,-0.760746141677994,-0.795913695314864
"10min_SKC_14_2",48,32,6.81475845403581,"14_2_SKC","Fantome_Island","SKC","10min",78.5,0.212961201688619,-0.459716146014013,-0.671699511243631
"10min_SKC_14_2",96,64,45.430072190356,"14_2_SKC","Fantome_Island","SKC","10min",78.5,0.709844877974312,-0.158686150350032,-0.148836547055937
"10min_SKC_14_2",192,128,5.97182015053648,"14_2_SKC","Fantome_Island","SKC","10min",78.5,0.0466548449260663,0.142343845313949,-1.3311032497653
"10min_SKC_14_3",24,16,2.16293171418919,"14_3_SKC","Fantome_Island","SKC","10min",78.5,0.135183232136825,-0.760746141677994,-0.869077174090137
"10min_SKC_14_3",96,64,6.60728336124809,"14_3_SKC","Fantome_Island","SKC","10min",78.5,0.103238802519501,-0.158686150350032,-0.986157041537979
"10min_SKC_14_3",192,128,20.1664313272082,"14_3_SKC","Fantome_Island","SKC","10min",78.5,0.157550244743814,0.142343845313949,-0.802580917841898
"10min_SKC_14_3",3072,2048,139.26943310666,"14_3_SKC","Fantome_Island","SKC","10min",78.5,0.0680026528841111,1.34646382796987,-1.16747414449292
"10min_SKC_14_4",24,16,2.59971627726196,"14_4_SKC","Fantome_Island","SKC","10min",78.5,0.162482267328872,-0.760746141677994,-0.78919402927861
"10min_SKC_14_4",48,32,19.8674203782199,"14_4_SKC","Fantome_Island","SKC","10min",78.5,0.620856886819371,-0.459716146014013,-0.207008497130235
"10min_SKC_14_4",96,64,44.6811664540193,"14_4_SKC","Fantome_Island","SKC","10min",78.5,0.698143225844051,-0.158686150350032,-0.156055471627795
"10min_SKC_14_4",192,128,29.4242574366722,"14_4_SKC","Fantome_Island","SKC","10min",78.5,0.229877011224002,0.142343845313949,-0.638504458038087
"10min_SKC_14_4",384,256,8.50313073774987,"14_4_SKC","Fantome_Island","SKC","10min",78.5,0.0332153544443354,0.443373840977931,-1.47866110879829
"10min_SKC_14_4",768,512,87.0585233121019,"14_4_SKC","Fantome_Island","SKC","10min",78.5,0.170036178343949,0.744403836641912,-0.769458664601093
"10min_SKC_15_1",24,16,1.06431040002747,"15_1_SKC","Orpheus_Island","SKC","10min",78.5,0.0665194000017168,-0.760746141677994,-1.1770516767273
"10min_SKC_15_1",48,32,5.10596750741449,"15_1_SKC","Orpheus_Island","SKC","10min",78.5,0.159561484606703,-0.459716146014013,-0.797071931540567
"10min_SKC_15_1",96,64,42.6537794610916,"15_1_SKC","Orpheus_Island","SKC","10min",78.5,0.666465304079556,-0.158686150350032,-0.17622245486079
"10min_SKC_15_1",192,128,15.6656141990797,"15_1_SKC","Orpheus_Island","SKC","10min",78.5,0.12238761093031,0.142343845313949,-0.912262542786228
"10min_SKC_15_1",384,256,3.96621044585987,"15_1_SKC","Orpheus_Island","SKC","10min",78.5,0.0154930095541401,0.443373840977931,-1.80986421130466
"10min_SKC_15_1",768,512,7.25487694267516,"15_1_SKC","Orpheus_Island","SKC","10min",78.5,0.0141696815286624,0.744403836641912,-1.84863991064872
"10min_SKC_15_1",1536,1024,45.8472913554896,"15_1_SKC","Orpheus_Island","SKC","10min",78.5,0.0447727454643453,1.04543383230589,-1.34898627386633
"10min_SKC_15_1",3072,2048,64.2865598276528,"15_1_SKC","Orpheus_Island","SKC","10min",78.5,0.0313899217908461,1.34646382796987,-1.50320976635941
"10min_SKC_15_2",24,16,2.59985032380658,"15_2_SKC","Orpheus_Island","SKC","10min",78.5,0.162490645237911,-0.760746141677994,-0.789171636768184
"10min_SKC_15_2",48,32,6.49919764418204,"15_2_SKC","Orpheus_Island","SKC","10min",78.5,0.203099926380689,-0.459716146014013,-0.69229023401748
"10min_SKC_15_2",96,64,54.8059326319256,"15_2_SKC","Orpheus_Island","SKC","10min",78.5,0.856342697373837,-0.158686150350032,-0.0673524014511158
"10min_SKC_15_2",192,128,38.4451024848789,"15_2_SKC","Orpheus_Island","SKC","10min",78.5,0.300352363163117,0.142343845313949,-0.522368946687614
"10min_SKC_15_2",384,256,16.639886484628,"15_2_SKC","Orpheus_Island","SKC","10min",78.5,0.0649995565805782,0.443373840977931,-1.18708960605353
"10min_SKC_15_2",768,512,8.66809194645662,"15_2_SKC","Orpheus_Island","SKC","10min",78.5,0.0169298670829231,0.744403836641912,-1.77134645154137
"10min_SKC_15_3",24,16,0.571778939520903,"15_3_SKC","Orpheus_Island","SKC","10min",78.5,0.0357361837200565,-0.760746141677994,-1.44689182781846
"10min_SKC_15_3",48,32,2.01724738853503,"15_3_SKC","Orpheus_Island","SKC","10min",78.5,0.0630389808917197,-0.459716146014013,-1.20039081640492
"10min_SKC_15_3",96,64,30.3611085849825,"15_3_SKC","Orpheus_Island","SKC","10min",78.5,0.474392321640351,-0.158686150350032,-0.323862348935978
"10min_SKC_15_3",192,128,5.74732159964309,"15_3_SKC","Orpheus_Island","SKC","10min",78.5,0.0449009499972117,0.142343845313949,-1.34774447026211
"10min_SKC_15_3",384,256,8.82641121019108,"15_3_SKC","Orpheus_Island","SKC","10min",78.5,0.0344781687898089,0.443373840977931,-1.46245580855499
"10min_SKC_15_3",768,512,58.4846677041579,"15_3_SKC","Orpheus_Island","SKC","10min",78.5,0.114227866609683,0.744403836641912,-0.942227934282144
"10min_SKC_15_3",1536,1024,15.6897214432333,"15_3_SKC","Orpheus_Island","SKC","10min",78.5,0.0153219935969075,1.04543383230589,-1.81468472348886
"10min_SKC_15_3",3072,2048,37.0231448611974,"15_3_SKC","Orpheus_Island","SKC","10min",78.5,0.0180777074517565,1.34646382796987,-1.74285664599455
"10min_SKC_15_4",48,32,3.25643781954652,"15_4_SKC","Orpheus_Island","SKC","10min",78.5,0.101763681860829,-0.459716146014013,-0.992407188420169
"10min_SKC_15_4",96,64,52.0367345064371,"15_4_SKC","Orpheus_Island","SKC","10min",78.5,0.813073976663079,-0.158686150350032,-0.089869938790962
"10min_SKC_15_4",192,128,27.340572547226,"15_4_SKC","Orpheus_Island","SKC","10min",78.5,0.213598223025203,0.142343845313949,-0.670402364628308
"10min_SKC_15_4",384,256,15.8470632243966,"15_4_SKC","Orpheus_Island","SKC","10min",78.5,0.0619025907202994,0.443373840977931,-1.20829117469579
"10min_SKC_15_4",768,512,21.462979437788,"15_4_SKC","Orpheus_Island","SKC","10min",78.5,0.0419198817144297,0.744403836641912,-1.37757995147383
"10min_SKC_15_4",1536,1024,15.7063738146852,"15_4_SKC","Orpheus_Island","SKC","10min",78.5,0.0153382556784036,1.04543383230589,-1.8142240271092
"10min_SKC_16_1",24,16,0.571778939520903,"16_1_SKC","Orpheus_Island","SKC","10min",78.5,0.0357361837200565,-0.760746141677994,-1.44689182781846
"10min_SKC_16_1",48,32,1.00862369426752,"16_1_SKC","Orpheus_Island","SKC","10min",78.5,0.0315194904458599,-0.459716146014013,-1.50142081206891
"10min_SKC_16_1",96,64,4.78220335409316,"16_1_SKC","Orpheus_Island","SKC","10min",78.5,0.0747219274077056,-0.158686150350032,-1.12655193426545
"10min_SKC_16_1",192,128,33.2591040508342,"16_1_SKC","Orpheus_Island","SKC","10min",78.5,0.259836750397142,0.142343845313949,-0.585299423832909
"10min_SKC_16_1",384,256,14.3815967128444,"16_1_SKC","Orpheus_Island","SKC","10min",78.5,0.0561781121595484,0.443373840977931,-1.25043285916197
"10min_SKC_16_1",1536,1024,15.6897214432333,"16_1_SKC","Orpheus_Island","SKC","10min",78.5,0.0153219935969075,1.04543383230589,-1.81468472348886
"10min_SKC_16_2",24,16,1.28621472626696,"16_2_SKC","Orpheus_Island","SKC","10min",78.5,0.0803884203916852,-0.760746141677994,-1.09480650500996
"10min_SKC_16_2",48,32,0.935652133765759,"16_2_SKC","Orpheus_Island","SKC","10min",78.5,0.02923912918018,-0.459716146014013,-1.534035565978
"10min_SKC_16_2",96,64,7.23928868788809,"16_2_SKC","Orpheus_Island","SKC","10min",78.5,0.113113885748251,-0.158686150350032,-0.94648407824273
"10min_SKC_16_2",192,128,2.93033465801743,"16_2_SKC","Orpheus_Island","SKC","10min",78.5,0.0228932395157611,0.142343845313949,-1.64029274798635
"10min_SKC_16_2",384,256,127.546961066248,"16_2_SKC","Orpheus_Island","SKC","10min",78.5,0.498230316665032,0.443373840977931,-0.302569849742614
"10min_SKC_16_2",768,512,9.39067477448677,"16_2_SKC","Orpheus_Island","SKC","10min",78.5,0.0183411616689195,0.744403836641912,-1.73657316100927
"10min_SKC_16_2",1536,1024,56.5676139273097,"16_2_SKC","Orpheus_Island","SKC","10min",78.5,0.0552418104758884,1.04543383230589,-1.25773209644382
"10min_SKC_16_3",24,16,2.22614275671537,"16_3_SKC","Orpheus_Island","SKC","10min",78.5,0.13913392229471,-0.760746141677994,-0.856566971594434
"10min_SKC_16_3",48,32,2.66729889367008,"16_3_SKC","Orpheus_Island","SKC","10min",78.5,0.0833530904271901,-0.459716146014013,-1.07907829348932
"10min_SKC_16_3",96,64,20.7517545320281,"16_3_SKC","Orpheus_Island","SKC","10min",78.5,0.324246164562939,-0.158686150350032,-0.48912515238807
"10min_SKC_16_3",768,512,8.17677044585987,"16_3_SKC","Orpheus_Island","SKC","10min",78.5,0.0159702547770701,0.744403836641912,-1.7966881554086
"10min_SKC_16_4",24,16,1.49973341803293,"16_4_SKC","Orpheus_Island","SKC","10min",78.5,0.0937333386270579,-0.760746141677994,-1.02810591384447
"10min_SKC_16_4",48,32,1.60000315634813,"16_4_SKC","Orpheus_Island","SKC","10min",78.5,0.0500000986358789,-0.459716146014013,-1.30102913892447
"10min_SKC_16_4",96,64,12.1562484825194,"16_4_SKC","Orpheus_Island","SKC","10min",78.5,0.189941382539365,-0.158686150350032,-0.721380405191639
"10min_SKC_16_4",192,128,21.0541991025127,"16_4_SKC","Orpheus_Island","SKC","10min",78.5,0.16448593048838,0.142343845313949,-0.783871244051871
"10min_SKC_16_4",768,512,35.8942562892858,"16_4_SKC","Orpheus_Island","SKC","10min",78.5,0.0701059693150114,0.744403836641912,-1.15424500157403
"20m_ACS_11_2",48,32,0.36724346250306,"11_2_ACS","Orpheus_Island","ACS","20m",100,0.0114763582032206,-0.459716146014013,-1.94019590489673
"20m_ACS_11_2",96,64,1.08120847327473,"11_2_ACS","Orpheus_Island","ACS","20m",100,0.0168938823949176,-0.158686150350032,-1.7722705334407
"20m_ACS_11_2",192,128,7.81181390774606,"11_2_ACS","Orpheus_Island","ACS","20m",100,0.0610297961542661,0.142343845313949,-1.21445808062878
"20m_ACS_11_2",384,256,8.54482992104459,"11_2_ACS","Orpheus_Island","ACS","20m",100,0.0333782418790804,0.443373840977931,-1.47653654250166
"20m_ACS_11_2",3072,2048,40.5618147740061,"11_2_ACS","Orpheus_Island","ACS","20m",100,0.0198055736201202,1.34646382796987,-1.70321257479742
"20m_ACS_11_3",96,64,1.26894016369404,"11_3_ACS","Orpheus_Island","ACS","20m",100,0.0198271900577194,-0.158686150350032,-1.70273883036844
"20m_ACS_11_3",192,128,19.4738134345835,"11_3_ACS","Orpheus_Island","ACS","20m",100,0.152139167457684,0.142343845313949,-0.817758964638928
"20m_ACS_11_3",384,256,4.90034980704075,"11_3_ACS","Orpheus_Island","ACS","20m",100,0.0191419914337529,0.443373840977931,-1.71801288245781
"20m_ACS_11_3",768,512,9.371648,"11_3_ACS","Orpheus_Island","ACS","20m",100,0.018304,0.744403836641912,-1.73745399288707
"20m_ACS_11_3",1536,1024,51.6567102582211,"11_3_ACS","Orpheus_Island","ACS","20m",100,0.0504460061115441,1.04543383230589,-1.29717321183299
"20m_ACS_11_3",6144,4096,45.110037540894,"11_3_ACS","Orpheus_Island","ACS","20m",100,0.0110131927590073,1.64749382363386,-1.95808675944696
"20m_ACS_12_1",24,16,0.907662845941572,"12_1_ACS","Fantome_Island","ACS","20m",100,0.0567289278713482,-0.760746141677994,-1.24619542415533
"20m_ACS_12_1",96,64,2.07445589996699,"12_1_ACS","Fantome_Island","ACS","20m",100,0.0324133734369842,-0.158686150350032,-1.48927576721444
"20m_ACS_12_1",192,128,39.0310159420526,"12_1_ACS","Fantome_Island","ACS","20m",100,0.304929812047286,0.142343845313949,-0.515800113926828
"20m_ACS_12_1",384,256,57.228864,"12_1_ACS","Fantome_Island","ACS","20m",100,0.22355025,0.443373840977931,-0.650624840116863
"20m_ACS_12_2",12,8,0.292886420644616,"12_2_ACS","Fantome_Island","ACS","20m",100,0.036610802580577,-1.06177613734198,-1.43639075042753
"20m_ACS_12_2",24,16,0.314246038285628,"12_2_ACS","Fantome_Island","ACS","20m",100,0.0196403773928517,-0.760746141677994,-1.70685017143408
"20m_ACS_12_2",48,32,2.02735264746456,"12_2_ACS","Fantome_Island","ACS","20m",100,0.0633547702332675,-0.459716146014013,-1.19822067978621
"20m_ACS_12_2",96,64,8.08875972596961,"12_2_ACS","Fantome_Island","ACS","20m",100,0.126386870718275,-0.158686150350032,-0.898298038955213
"20m_ACS_12_2",192,128,58.7372232959447,"12_2_ACS","Fantome_Island","ACS","20m",100,0.458884556999568,0.142343845313949,-0.338296557521562
"20m_ACS_12_2",384,256,27.8371472076275,"12_2_ACS","Fantome_Island","ACS","20m",100,0.108738856279795,0.443373840977931,-0.963615239239275
"20m_ACS_12_2",768,512,39.8655488,"12_2_ACS","Fantome_Island","ACS","20m",100,0.0778624,0.744403836641912,-1.10867221388921
"20m_ACS_12_3",24,16,0.448846467523909,"12_3_ACS","Fantome_Island","ACS","20m",100,0.0280529042202443,-0.760746141677994,-1.55202217107321
"20m_ACS_12_3",48,32,1.75987243479236,"12_3_ACS","Fantome_Island","ACS","20m",100,0.0549960135872614,-0.459716146014013,-1.2596687894112
"20m_ACS_12_3",96,64,4.12545085750498,"12_3_ACS","Fantome_Island","ACS","20m",100,0.0644601696485153,-0.158686150350032,-1.19070855583087
"20m_ACS_12_3",192,128,27.0508518868175,"12_3_ACS","Fantome_Island","ACS","20m",100,0.211334780365762,0.142343845313949,-0.675029023165782
"20m_ACS_12_3",384,256,3.05432020462104,"12_3_ACS","Fantome_Island","ACS","20m",100,0.0119309382993009,0.443373840977931,-1.92332540023706
"20m_ACS_12_4",24,16,0.49854577233048,"12_4_ACS","Fantome_Island","ACS","20m",100,0.031159110770655,-0.760746141677994,-1.50641494486687
"20m_ACS_12_4",48,32,0.731634668289774,"12_4_ACS","Fantome_Island","ACS","20m",100,0.0228635833840554,-0.459716146014013,-1.64085570211391
"20m_ACS_12_4",192,128,65.041293471633,"12_4_ACS","Fantome_Island","ACS","20m",100,0.508135105247133,0.142343845313949,-0.294020800192131
"20m_ACS_12_4",384,256,25.3765475980842,"12_4_ACS","Fantome_Island","ACS","20m",100,0.0991271390550164,0.443373840977931,-1.0038074279743
"20m_ACS_12_4",768,512,5.4199781630366,"12_4_ACS","Fantome_Island","ACS","20m",100,0.0105858948496809,0.744403836641912,-1.97527242419608
"20m_ACS_13_1",24,16,0.314246038285628,"13_1_ACS","Fantome_Island","ACS","20m",100,0.0196403773928517,-0.760746141677994,-1.70685017143408
"20m_ACS_13_1",48,32,3.70667849358577,"13_1_ACS","Fantome_Island","ACS","20m",100,0.115833702924555,-0.459716146014013,-0.936165060085568
"20m_ACS_13_1",96,64,1.64764778658237,"13_1_ACS","Fantome_Island","ACS","20m",100,0.0257444966653495,-0.158686150350032,-1.58931559471257
"20m_ACS_13_1",192,128,12.0023327003803,"13_1_ACS","Fantome_Island","ACS","20m",100,0.0937682242217212,0.142343845313949,-1.02794430856284
"20m_ACS_13_1",384,256,33.3357454088971,"13_1_ACS","Fantome_Island","ACS","20m",100,0.130217755503504,0.443373840977931,-0.885329794635287
"20m_ACS_13_2",24,16,1.2665612664757,"13_2_ACS","Fantome_Island","ACS","20m",100,0.0791600791547313,-0.760746141677994,-1.10149378020028
"20m_ACS_13_2",48,32,2.76497783613095,"13_2_ACS","Fantome_Island","ACS","20m",100,0.0864055573790922,-0.459716146014013,-1.06345832393944
"20m_ACS_13_2",192,128,10.3283550593566,"13_2_ACS","Fantome_Island","ACS","20m",100,0.0806902739012235,0.142343845313949,-1.09317881032862
"20m_ACS_13_2",384,256,12.3600875210446,"13_2_ACS","Fantome_Island","ACS","20m",100,0.0482815918790804,0.443373840977931,-1.31621841933477
"20m_ACS_13_2",1536,1024,12.4679789812502,"13_2_ACS","Fantome_Island","ACS","20m",100,0.0121757607238772,1.04543383230589,-1.91450389517607
"20m_ACS_13_3",24,16,2.01894584143168,"13_3_ACS","Fantome_Island","ACS","20m",100,0.12618411508948,-0.760746141677994,-0.898995313579964
"20m_ACS_13_3",48,32,1.5835392,"13_3_ACS","Fantome_Island","ACS","20m",100,0.0494856,-0.459716146014013,-1.30552115965967
"20m_ACS_13_3",96,64,3.40074056777906,"13_3_ACS","Fantome_Island","ACS","20m",100,0.0531365713715478,-0.158686150350032,-1.27460647180109
"20m_ACS_13_3",192,128,26.5491153170302,"13_3_ACS","Fantome_Island","ACS","20m",100,0.207414963414299,0.142343845313949,-0.683159915768361
"20m_ACS_13_4",24,16,0.448846467523909,"13_4_ACS","Fantome_Island","ACS","20m",100,0.0280529042202443,-0.760746141677994,-1.55202217107321
"20m_ACS_13_4",48,32,3.255958814037,"13_4_ACS","Fantome_Island","ACS","20m",100,0.101748712938656,-0.459716146014013,-0.99247107563763
"20m_ACS_13_4",96,64,0.8765496,"13_4_ACS","Fantome_Island","ACS","20m",100,0.0136960875,-0.158686150350032,-1.86340347808706
"20m_ACS_13_4",192,128,51.5666669998825,"13_4_ACS","Fantome_Island","ACS","20m",100,0.402864585936582,0.142343845313949,-0.394840907861819
"20m_ACS_13_4",384,256,25.2502070021344,"13_4_ACS","Fantome_Island","ACS","20m",100,0.0986336211020874,0.443373840977931,-1.00597502248029
"20m_ACS_13_4",768,512,45.9167414933179,"13_4_ACS","Fantome_Island","ACS","20m",100,0.0896811357291365,0.744403836641912,-1.04729890043791
"20m_ACS_13_4",1536,1024,16.7465198976536,"13_4_ACS","Fantome_Island","ACS","20m",100,0.0163540233375523,1.04543383230589,-1.78637538683566
"20m_ACS_14_1",24,16,0.205955218948598,"14_1_ACS","Fantome_Island","ACS","20m",100,0.0128722011842874,-0.760746141677994,-1.89034718111047
"20m_ACS_14_1",48,32,0.539600093585773,"14_1_ACS","Fantome_Island","ACS","20m",100,0.0168625029245554,-0.459716146014013,-1.77307796199798
"20m_ACS_14_1",96,64,6.13485185477616,"14_1_ACS","Fantome_Island","ACS","20m",100,0.0958570602308775,-0.158686150350032,-1.01837589419553
"20m_ACS_14_1",192,128,4.14223263096988,"14_1_ACS","Fantome_Island","ACS","20m",100,0.0323611924294522,0.142343845313949,-1.48997548409345
"20m_ACS_14_2",24,16,0.205955218948598,"14_2_ACS","Fantome_Island","ACS","20m",100,0.0128722011842874,-0.760746141677994,-1.89034718111047
"20m_ACS_14_2",48,32,2.068304414037,"14_2_ACS","Fantome_Island","ACS","20m",100,0.0646345129386561,-0.459716146014013,-1.18953551952325
"20m_ACS_14_2",96,64,8.1036856354447,"14_2_ACS","Fantome_Island","ACS","20m",100,0.126620088053823,-0.158686150350032,-0.897497388798466
"20m_ACS_14_2",192,128,3.79570265829906,"14_2_ACS","Fantome_Island","ACS","20m",100,0.0296539270179614,0.142343845313949,-1.52791778562859
"20m_ACS_14_2",384,256,4.82292841073967,"14_2_ACS","Fantome_Island","ACS","20m",100,0.0188395641044518,0.443373840977931,-1.72492914980329
"20m_ACS_14_3",24,16,0.1885248,"14_3_ACS","Fantome_Island","ACS","20m",100,0.0117828,-0.760746141677994,-1.92875149392471
"20m_ACS_14_3",48,32,0.76312826250306,"14_3_ACS","Fantome_Island","ACS","20m",100,0.0238477582032206,-0.459716146014013,-1.62255244034424
"20m_ACS_14_3",96,64,19.4005629612649,"14_3_ACS","Fantome_Island","ACS","20m",100,0.303133796269764,-0.158686150350032,-0.518365641609149
"20m_ACS_14_3",384,256,4.8175355523105,"14_3_ACS","Fantome_Island","ACS","20m",100,0.0188184982512129,0.443373840977931,-1.72541503697859
"20m_ACS_14_3",768,512,7.37167969797212,"14_3_ACS","Fantome_Island","ACS","20m",100,0.0143978119101018,0.744403836641912,-1.84170350426402
"20m_ACS_14_4",24,16,1.40257729456875,"14_4_ACS","Fantome_Island","ACS","20m",100,0.0876610809105467,-0.760746141677994,-1.05719317855325
"20m_ACS_14_4",48,32,4.52148690002448,"14_4_ACS","Fantome_Island","ACS","20m",100,0.141296465625765,-0.459716146014013,-0.849868701409932
"20m_ACS_14_4",96,64,13.1795839511465,"14_4_ACS","Fantome_Island","ACS","20m",100,0.205930999236663,-0.158686150350032,-0.686278273177581
"20m_ACS_14_4",192,128,5.72437578483806,"14_4_ACS","Fantome_Island","ACS","20m",100,0.0447216858190474,0.142343845313949,-1.34948183374171
"20m_ACS_14_4",384,256,4.57751909280454,"14_4_ACS","Fantome_Island","ACS","20m",100,0.0178809339562677,0.443373840977931,-1.74760980089467
"20m_ACS_15_1",24,16,2.76493710943215,"15_1_ACS","Orpheus_Island","ACS","20m",100,0.172808569339509,-0.760746141677994,-0.762434725256513
"20m_ACS_15_1",48,32,2.28938478750918,"15_1_ACS","Orpheus_Island","ACS","20m",100,0.0715432746096619,-0.459716146014013,-1.14543118562457
"20m_ACS_15_1",96,64,7.61364098216424,"15_1_ACS","Orpheus_Island","ACS","20m",100,0.118963140346316,-0.158686150350032,-0.924587579984797
"20m_ACS_15_1",192,128,19.7186727138696,"15_1_ACS","Orpheus_Island","ACS","20m",100,0.154052130577106,0.142343845313949,-0.812332290910936
"20m_ACS_15_1",384,256,16.1838953154203,"15_1_ACS","Orpheus_Island","ACS","20m",100,0.0632183410758605,0.443373840977931,-1.19915690474846
"20m_ACS_15_2",24,16,3.62556720881612,"15_2_ACS","Orpheus_Island","ACS","20m",100,0.226597950551008,-0.760746141677994,-0.644744022400306
"20m_ACS_15_2",48,32,6.01522920403047,"15_2_ACS","Orpheus_Island","ACS","20m",100,0.187975912625952,-0.459716146014013,-0.725897797990815
"20m_ACS_15_2",96,64,13.2718701018994,"15_2_ACS","Orpheus_Island","ACS","20m",100,0.207372970342178,-0.158686150350032,-0.683247851593289
"20m_ACS_15_2",192,128,7.03181822725671,"15_2_ACS","Orpheus_Island","ACS","20m",100,0.054936079900443,0.142343845313949,-1.26014233396436
"20m_ACS_15_2",384,256,3.2642624,"15_2_ACS","Orpheus_Island","ACS","20m",100,0.012751025,0.443373840977931,-1.89445490276324
"20m_ACS_15_2",768,512,28.5338038939163,"15_2_ACS","Orpheus_Island","ACS","20m",100,0.0557300857303054,0.744403836641912,-1.25391028886252
"20m_ACS_15_2",1536,1024,29.3234056848433,"15_2_ACS","Orpheus_Island","ACS","20m",100,0.0286361383641047,1.04543383230589,-1.54308554782488
"20m_ACS_15_3",48,32,1.82181676333789,"15_3_ACS","Orpheus_Island","ACS","20m",100,0.0569317738543092,-0.459716146014013,-1.24464528442775
"20m_ACS_15_3",96,64,6.27336438591653,"15_3_ACS","Orpheus_Island","ACS","20m",100,0.0980213185299458,-0.158686150350032,-1.0086794598888
"20m_ACS_15_3",192,128,4.00891224349376,"15_3_ACS","Orpheus_Island","ACS","20m",100,0.031319626902295,0.142343845313949,-1.50418342015303
"20m_ACS_15_3",384,256,4.82307932164573,"15_3_ACS","Orpheus_Island","ACS","20m",100,0.0188401536001786,0.443373840977931,-1.72491556080864
"20m_ACS_15_3",768,512,16.8484388586636,"15_3_ACS","Orpheus_Island","ACS","20m",100,0.0329071071458273,0.744403836641912,-1.48271029472858
"20m_ACS_15_4",24,16,3.70072585566128,"15_4_ACS","Orpheus_Island","ACS","20m",100,0.23129536597883,-0.760746141677994,-0.635833068266923
"20m_ACS_15_4",48,32,6.92793477855053,"15_4_ACS","Orpheus_Island","ACS","20m",100,0.216497961829704,-0.459716146014013,-0.664546187856941
"20m_ACS_15_4",96,64,18.1514551250584,"15_4_ACS","Orpheus_Island","ACS","20m",100,0.283616486329038,-0.158686150350032,-0.547268527672241
"20m_ACS_15_4",192,128,14.284686912117,"15_4_ACS","Orpheus_Island","ACS","20m",100,0.111599116500914,0.142343845313949,-0.952339243573139
"20m_ACS_16_1",24,16,1.2387998629232,"16_1_ACS","Orpheus_Island","ACS","20m",100,0.0774249914326997,-0.760746141677994,-1.11111883402712
"20m_ACS_16_1",48,32,6.4668147973787,"16_1_ACS","Orpheus_Island","ACS","20m",100,0.202087962418084,-0.459716146014013,-0.694459554921607
"20m_ACS_16_1",96,64,21.2626270151516,"16_1_ACS","Orpheus_Island","ACS","20m",100,0.332228547111744,-0.158686150350032,-0.47856305303923
"20m_ACS_16_1",192,128,8.10089156827475,"16_1_ACS","Orpheus_Island","ACS","20m",100,0.0632882153771465,0.142343845313949,-1.19867715053789
"20m_ACS_16_1",384,256,3.2642624,"16_1_ACS","Orpheus_Island","ACS","20m",100,0.012751025,0.443373840977931,-1.89445490276324
"20m_ACS_16_2",24,16,0.762651267523909,"16_2_ACS","Orpheus_Island","ACS","20m",100,0.0476657042202443,-0.760746141677994,-1.32179398626279
"20m_ACS_16_2",48,32,5.84970185799713,"16_2_ACS","Orpheus_Island","ACS","20m",100,0.18280318306241,-0.459716146014013,-0.738016246378966
"20m_ACS_16_2",96,64,25.5217947674985,"16_2_ACS","Orpheus_Island","ACS","20m",100,0.398778043242165,-0.158686150350032,-0.399268761998501
"20m_ACS_16_2",192,128,2.34393940908557,"16_2_ACS","Orpheus_Island","ACS","20m",100,0.018312026633481,0.142343845313949,-1.73726358868403
"20m_ACS_16_2",384,256,28.9935713379285,"16_2_ACS","Orpheus_Island","ACS","20m",100,0.113256138038783,0.443373840977931,-0.945938251618563
"20m_ACS_16_2",768,512,16.8484388586636,"16_2_ACS","Orpheus_Island","ACS","20m",100,0.0329071071458273,0.744403836641912,-1.48271029472858
"20m_ACS_16_3",24,16,0.673269701285864,"16_3_ACS","Orpheus_Island","ACS","20m",100,0.0420793563303665,-0.760746141677994,-1.37593091201753
"20m_ACS_16_3",48,32,2.50457647834084,"16_3_ACS","Orpheus_Island","ACS","20m",100,0.0782680149481513,-0.459716146014013,-1.10641568071949
"20m_ACS_16_3",96,64,2.97241804574919,"16_3_ACS","Orpheus_Island","ACS","20m",100,0.046444031964831,-0.158686150350032,-1.33307008471151
"20m_ACS_16_3",192,128,12.9325268080324,"16_3_ACS","Orpheus_Island","ACS","20m",100,0.101035365687753,0.142343845313949,-0.995526582310148
"20m_ACS_16_3",384,256,24.5017490352038,"16_3_ACS","Orpheus_Island","ACS","20m",100,0.0957099571687648,0.443373840977931,-1.01904287812179
"20m_ACS_16_3",768,512,93.6355747125519,"16_3_ACS","Orpheus_Island","ACS","20m",100,0.182881981860453,0.744403836641912,-0.737829080548996
"20m_ACS_16_3",3072,2048,21.3532852104864,"16_3_ACS","Orpheus_Island","ACS","20m",100,0.0104264087941828,1.34646382796987,-1.98186525144263
"20m_ACS_16_4",48,32,0.3958848,"16_4_ACS","Orpheus_Island","ACS","20m",100,0.0123714,-0.459716146014013,-1.90758115098763
"20m_ACS_16_4",96,64,4.37576413223589,"16_4_ACS","Orpheus_Island","ACS","20m",100,0.0683713145661858,-0.158686150350032,-1.16512606989736
"20m_ACS_16_4",192,128,8.44433929377129,"16_4_ACS","Orpheus_Island","ACS","20m",100,0.0659714007325882,0.142343845313949,-1.18064429469815
"20m_ACS_16_4",384,256,17.7371032248212,"16_4_ACS","Orpheus_Island","ACS","20m",100,0.0692855594719577,0.443373840977931,-1.15935727181168
"20m_ACS_16_4",1536,1024,28.3286800296898,"16_4_ACS","Orpheus_Island","ACS","20m",100,0.0276647265914939,1.04543383230589,-1.55807361752979
"20m_HFY_11_1",24,16,1.66034420257173,"11_1_HFY","Orpheus_Island","HFY","20m",100,0.103771512660733,-0.760746141677994,-0.983921852578675
"20m_HFY_11_1",48,32,0.983184616965098,"11_1_HFY","Orpheus_Island","HFY","20m",100,0.0307245192801593,-0.459716146014013,-1.51251490341653
"20m_HFY_11_1",96,64,3.80682049108212,"11_1_HFY","Orpheus_Island","HFY","20m",100,0.0594815701731581,-0.158686150350032,-1.22561757564878
"20m_HFY_11_1",192,128,12.7142443764165,"11_1_HFY","Orpheus_Island","HFY","20m",100,0.0993300341907542,0.142343845313949,-1.00291941503815
"20m_HFY_11_1",384,256,15.2716010231052,"11_1_HFY","Orpheus_Island","HFY","20m",100,0.0596546914965047,0.443373840977931,-1.22435539590104
"20m_HFY_11_2",24,16,0.590609652563223,"11_2_HFY","Orpheus_Island","HFY","20m",100,0.0369131032852014,-0.760746141677994,-1.43281944212526
"20m_HFY_11_2",48,32,1.06738453657955,"11_2_HFY","Orpheus_Island","HFY","20m",100,0.0333557667681109,-0.459716146014013,-1.47682907152071
"20m_HFY_11_2",96,64,2.63338125889109,"11_2_HFY","Orpheus_Island","HFY","20m",100,0.0411465821701733,-0.158686150350032,-1.38566623350834
"20m_HFY_11_2",384,256,10.753574157097,"11_2_HFY","Orpheus_Island","HFY","20m",100,0.0420061490511603,0.443373840977931,-1.3766871309469
"20m_HFY_11_3",12,8,0.146443210322308,"11_3_HFY","Orpheus_Island","HFY","20m",100,0.0183054012902885,-1.06177613734198,-1.73742074609151
"20m_HFY_11_3",24,16,0.950074553849087,"11_3_HFY","Orpheus_Island","HFY","20m",100,0.0593796596155679,-0.760746141677994,-1.22636229625672
"20m_HFY_11_3",48,32,1.03004716333789,"11_3_HFY","Orpheus_Island","HFY","20m",100,0.0321889738543092,-0.459716146014013,-1.49229286787836
"20m_HFY_11_3",96,64,1.02837365359355,"11_3_HFY","Orpheus_Island","HFY","20m",100,0.0160683383373992,-0.158686150350032,-1.7940290322728
"20m_HFY_11_3",192,128,6.05435303878377,"11_3_HFY","Orpheus_Island","HFY","20m",100,0.0472996331154982,0.142343845313949,-1.32514222789924
"20m_HFY_11_3",384,256,4.90503558965019,"11_3_HFY","Orpheus_Island","HFY","20m",100,0.019160295272071,0.443373840977931,-1.71759780245773
"20m_HFY_11_3",768,512,7.16499665220726,"11_3_HFY","Orpheus_Island","HFY","20m",100,0.0139941340863423,0.744403836641912,-1.85405396916337
"20m_HFY_11_3",3072,2048,23.6006678857673,"11_3_HFY","Orpheus_Island","HFY","20m",100,0.0115237636160973,1.34646382796987,-1.93840565886763
"20m_HFY_11_4",12,8,0.146443210322308,"11_4_HFY","Orpheus_Island","HFY","20m",100,0.0183054012902885,-1.06177613734198,-1.73742074609151
"20m_HFY_11_4",24,16,1.01992072653503,"11_4_HFY","Orpheus_Island","HFY","20m",100,0.0637450454084392,-0.760746141677994,-1.19555356517472
"20m_HFY_11_4",96,64,3.26242586228074,"11_4_HFY","Orpheus_Island","HFY","20m",100,0.0509754040981366,-0.158686150350032,-1.29263932274658
"20m_HFY_11_4",384,256,37.6843885014825,"11_4_HFY","Orpheus_Island","HFY","20m",100,0.147204642583916,0.443373840977931,-0.832078492873645
"20m_HFY_12_1",24,16,1.06947618346017,"12_1_HFY","Fantome_Island","HFY","20m",100,0.0668422614662608,-0.760746141677994,-1.17494886509667
"20m_HFY_12_1",48,32,3.32781963117329,"12_1_HFY","Fantome_Island","HFY","20m",100,0.103994363474165,-0.459716146014013,-0.98299019895511
"20m_HFY_12_1",96,64,11.4036582823448,"12_1_HFY","Fantome_Island","HFY","20m",100,0.178182160661637,-0.158686150350032,-0.749135779053546
"20m_HFY_12_1",192,128,14.8049792,"12_1_HFY","Fantome_Island","HFY","20m",100,0.1156639,0.142343845313949,-0.936802168076658
"20m_HFY_12_2",12,8,0.292886420644616,"12_2_HFY","Fantome_Island","HFY","20m",100,0.036610802580577,-1.06177613734198,-1.43639075042753
"20m_HFY_12_2",24,16,1.25095362524114,"12_2_HFY","Fantome_Island","HFY","20m",100,0.0781846015775712,-0.760746141677994,-1.10687877262292
"20m_HFY_12_2",48,32,5.9584651256487,"12_2_HFY","Fantome_Island","HFY","20m",100,0.186202035176522,-0.459716146014013,-0.730015576517389
"20m_HFY_12_2",96,64,65.7890978211804,"12_2_HFY","Fantome_Island","HFY","20m",100,1.02795465345594,-0.158686150350032,0.0119739568886059
"20m_HFY_12_2",192,128,14.8049792,"12_2_HFY","Fantome_Island","HFY","20m",100,0.1156639,0.142343845313949,-0.936802168076658
"20m_HFY_12_3",24,16,4.01934893218323,"12_3_HFY","Fantome_Island","HFY","20m",100,0.251209308261452,-0.760746141677994,-0.599964272372389
"20m_HFY_12_3",48,32,3.59779605439323,"12_3_HFY","Fantome_Island","HFY","20m",100,0.112431126699788,-0.459716146014013,-0.949113437143059
"20m_HFY_12_3",96,64,8.13108285502388,"12_3_HFY","Fantome_Island","HFY","20m",100,0.127048169609748,-0.158686150350032,-0.896031587474
"20m_HFY_12_3",192,128,1.47084345736467,"12_3_HFY","Fantome_Island","HFY","20m",100,0.0114909645106615,0.142343845313949,-1.93964351664872
"20m_HFY_12_4",24,16,0.892371200526531,"12_4_HFY","Fantome_Island","HFY","20m",100,0.0557732000329082,-0.760746141677994,-1.25357443679293
"20m_HFY_12_4",48,32,5.46265470440547,"12_4_HFY","Fantome_Island","HFY","20m",100,0.170707959512671,-0.459716146014013,-0.767746228786603
"20m_HFY_12_4",96,64,17.0539227098965,"12_4_HFY","Fantome_Island","HFY","20m",100,0.266467542342133,-0.158686150350032,-0.574355683598685
"20m_HFY_12_4",192,128,7.03181822725671,"12_4_HFY","Fantome_Island","HFY","20m",100,0.054936079900443,0.142343845313949,-1.26014233396436
"20m_HFY_12_4",384,256,3.05432020462104,"12_4_HFY","Fantome_Island","HFY","20m",100,0.0119309382993009,0.443373840977931,-1.92332540023706
"20m_HFY_13_1",24,16,1.24508888191824,"13_1_HFY","Fantome_Island","HFY","20m",100,0.0778180551198897,-0.760746141677994,-1.1089196275705
"20m_HFY_13_1",48,32,9.38228711666992,"13_1_HFY","Fantome_Island","HFY","20m",100,0.293196472395935,-0.459716146014013,-0.532841259229395
"20m_HFY_13_1",96,64,3.27281536369404,"13_1_HFY","Fantome_Island","HFY","20m",100,0.0511377400577194,-0.158686150350032,-1.29125846876469
"20m_HFY_13_1",192,128,4.00891224349376,"13_1_HFY","Fantome_Island","HFY","20m",100,0.031319626902295,0.142343845313949,-1.50418342015303
"20m_HFY_13_2",12,8,0.146443210322308,"13_2_HFY","Fantome_Island","HFY","20m",100,0.0183054012902885,-1.06177613734198,-1.73742074609151
"20m_HFY_13_2",24,16,1.23212757411211,"13_2_HFY","Fantome_Island","HFY","20m",100,0.077007973382007,-0.760746141677994,-1.11346430578163
"20m_HFY_13_2",48,32,2.01102173904312,"13_2_HFY","Fantome_Island","HFY","20m",100,0.0628444293450974,-0.459716146014013,-1.20173321299644
"20m_HFY_13_2",96,64,15.7630955590459,"13_2_HFY","Fantome_Island","HFY","20m",100,0.246298368110092,-0.158686150350032,-0.60853846564011
"20m_HFY_13_2",192,128,8.15427210050272,"13_2_HFY","Fantome_Island","HFY","20m",100,0.0637052507851775,0.142343845313949,-1.19582477028557
"20m_HFY_13_2",384,256,7.16904943806469,"13_2_HFY","Fantome_Island","HFY","20m",100,0.0280040993674402,0.443373840977931,-1.55277839000258
"20m_HFY_13_2",768,512,20.1633375589808,"13_2_HFY","Fantome_Island","HFY","20m",100,0.0393815186698845,0.744403836641912,-1.40470754017268
"20m_HFY_13_3",12,8,0.439329630966924,"13_3_HFY","Fantome_Island","HFY","20m",100,0.0549162038708655,-1.06177613734198,-1.26029949137185
"20m_HFY_13_3",24,16,2.10063860257173,"13_3_HFY","Fantome_Island","HFY","20m",100,0.131289912660733,-0.760746141677994,-0.881768640582824
"20m_HFY_13_3",48,32,4.3547328,"13_3_HFY","Fantome_Island","HFY","20m",100,0.1360854,-0.459716146014013,-0.866188465829409
"20m_HFY_13_3",96,64,1.0590912,"13_3_HFY","Fantome_Island","HFY","20m",100,0.0165483,-0.158686150350032,-1.7812466144889
"20m_HFY_13_3",192,128,2.9194688,"13_3_HFY","Fantome_Island","HFY","20m",100,0.02280835,0.142343845313949,-1.64190613128688
"20m_HFY_13_3",384,256,7.9729664,"13_3_HFY","Fantome_Island","HFY","20m",100,0.0311444,0.443373840977931,-1.50662003143614
"20m_HFY_13_3",768,512,25.7779570523649,"13_3_HFY","Fantome_Island","HFY","20m",100,0.0503475723679002,0.744403836641912,-1.29802146518271
"20m_HFY_13_3",6144,4096,397.907300647749,"13_3_HFY","Fantome_Island","HFY","20m",100,0.0971453370722044,1.64749382363386,-1.01257804048275
"20m_HFY_13_4",12,8,0.439329630966924,"13_4_HFY","Fantome_Island","HFY","20m",100,0.0549162038708655,-1.06177613734198,-1.26029949137185
"20m_HFY_13_4",24,16,1.35557203376195,"13_4_HFY","Fantome_Island","HFY","20m",100,0.0847232521101222,-0.760746141677994,-1.07199738214546
"20m_HFY_13_4",48,32,4.7506176,"13_4_HFY","Fantome_Island","HFY","20m",100,0.1484568,-0.459716146014013,-0.828399904940009
"20m_HFY_13_4",192,128,40.876170955007,"13_4_HFY","Fantome_Island","HFY","20m",100,0.319345085585992,0.142343845313949,-0.495739762829334
"20m_HFY_13_4",384,256,4.19359678980627,"13_4_HFY","Fantome_Island","HFY","20m",100,0.0163812374601808,0.443373840977931,-1.78565329416114
"20m_HFY_13_4",768,512,6.4187648,"13_4_HFY","Fantome_Island","HFY","20m",100,0.01253665,0.744403836641912,-1.90181849866335
"20m_HFY_13_4",1536,1024,199.487663700003,"13_4_HFY","Fantome_Island","HFY","20m",100,0.194812171582035,1.04543383230589,-0.710383912520146
"20m_HFY_13_4",12288,8192,120.254945367689,"13_4_HFY","Fantome_Island","HFY","20m",100,0.0146795587607043,1.94852381929784,-1.83328699828039
"20m_HFY_14_1",12,8,0.146443210322308,"14_1_HFY","Fantome_Island","HFY","20m",100,0.0183054012902885,-1.06177613734198,-1.73742074609151
"20m_HFY_14_1",24,16,0.205955218948598,"14_1_HFY","Fantome_Island","HFY","20m",100,0.0128722011842874,-0.760746141677994,-1.89034718111047
"20m_HFY_14_1",48,32,3.958848,"14_1_HFY","Fantome_Island","HFY","20m",100,0.123714,-0.459716146014013,-0.907581150987634
"20m_HFY_14_1",96,64,3.09338118193021,"14_1_HFY","Fantome_Island","HFY","20m",100,0.0483340809676595,-0.158686150350032,-1.31574653474087
"20m_HFY_14_1",192,128,8.2141203288693,"14_1_HFY","Fantome_Island","HFY","20m",100,0.0641728150692914,0.142343845313949,-1.19264890909211
"20m_HFY_14_1",384,256,9.80069961408151,"14_1_HFY","Fantome_Island","HFY","20m",100,0.0382839828675059,0.443373840977931,-1.41698288679383
"20m_HFY_14_1",768,512,5.81994771317385,"14_1_HFY","Fantome_Island","HFY","20m",100,0.0113670853772927,0.744403836641912,-1.94435087804108
"20m_HFY_14_2",12,8,0.146443210322308,"14_2_HFY","Fantome_Island","HFY","20m",100,0.0183054012902885,-1.06177613734198,-1.73742074609151
"20m_HFY_14_2",24,16,0.969361264138738,"14_2_HFY","Fantome_Island","HFY","20m",100,0.0605850790086711,-0.760746141677994,-1.2176343214129
"20m_HFY_14_2",48,32,6.41554608706889,"14_2_HFY","Fantome_Island","HFY","20m",100,0.200485815220903,-0.459716146014013,-0.697916349174538
"20m_HFY_14_2",96,64,3.01533541823617,"14_2_HFY","Fantome_Island","HFY","20m",100,0.0471146159099401,-0.158686150350032,-1.32684434500795
"20m_HFY_14_2",192,128,16.8972160427918,"14_2_HFY","Fantome_Island","HFY","20m",100,0.132009500334311,0.142343845313949,-0.87939481277674
"20m_HFY_14_2",768,512,9.5813632,"14_2_HFY","Fantome_Island","HFY","20m",100,0.0187136,0.744403836641912,-1.72784265773029
"20m_HFY_14_3",24,16,0.839696938568525,"14_3_HFY","Fantome_Island","HFY","20m",100,0.0524810586605328,-0.760746141677994,-1.27999741285133
"20m_HFY_14_3",48,32,6.87375689358577,"14_3_HFY","Fantome_Island","HFY","20m",100,0.214804902924555,-0.459716146014013,-0.667955810082451
"20m_HFY_14_3",96,64,4.46506204107242,"14_3_HFY","Fantome_Island","HFY","20m",100,0.0697665943917566,-0.158686150350032,-1.1563524762894
"20m_HFY_14_3",192,128,24.5341978733775,"14_3_HFY","Fantome_Island","HFY","20m",100,0.191673420885762,0.142343845313949,-0.717438106020991
"20m_HFY_14_3",384,256,4.90034980704075,"14_3_HFY","Fantome_Island","HFY","20m",100,0.0191419914337529,0.443373840977931,-1.71801288245781
"20m_HFY_14_3",768,512,8.72237355332652,"14_3_HFY","Fantome_Island","HFY","20m",100,0.0170358858463409,0.744403836641912,-1.76863527869869
"20m_HFY_14_3",3072,2048,24.424333889328,"14_3_HFY","Fantome_Island","HFY","20m",100,0.0119259442818985,1.34646382796987,-1.92350722401263
"20m_HFY_14_4",12,8,0.146443210322308,"14_4_HFY","Fantome_Island","HFY","20m",100,0.0183054012902885,-1.06177613734198,-1.73742074609151
"20m_HFY_14_4",24,16,2.12664683037678,"14_4_HFY","Fantome_Island","HFY","20m",100,0.132915426898549,-0.760746141677994,-0.876424609515592
"20m_HFY_14_4",48,32,4.30074682695834,"14_4_HFY","Fantome_Island","HFY","20m",100,0.134398338342448,-0.459716146014013,-0.871606100725398
"20m_HFY_14_4",96,64,4.23871437832138,"14_4_HFY","Fantome_Island","HFY","20m",100,0.0662299121612715,-0.158686150350032,-1.17894582094436
"20m_HFY_14_4",192,128,2.74102485025136,"14_4_HFY","Fantome_Island","HFY","20m",100,0.0214142566425887,0.142343845313949,-1.66929699675773
"20m_HFY_14_4",384,256,12.8172448815669,"14_4_HFY","Fantome_Island","HFY","20m",100,0.0500673628186206,0.443373840977931,-1.30044528344598
"20m_HFY_14_4",768,512,14.2116323193632,"14_4_HFY","Fantome_Island","HFY","20m",100,0.0277570943737562,0.744403836641912,-1.55662599799708
"20m_HFY_15_1",12,8,0.146443210322308,"15_1_HFY","Orpheus_Island","HFY","20m",100,0.0183054012902885,-1.06177613734198,-1.73742074609151
"20m_HFY_15_1",24,16,0.726752833761955,"15_1_HFY","Orpheus_Island","HFY","20m",100,0.0454220521101222,-0.760746141677994,-1.34273324880475
"20m_HFY_15_1",48,32,4.65397675658141,"15_1_HFY","Orpheus_Island","HFY","20m",100,0.145436773643169,-0.459716146014013,-0.837325768366539
"20m_HFY_15_1",96,64,10.0253165569917,"15_1_HFY","Orpheus_Island","HFY","20m",100,0.156645571202995,-0.158686150350032,-0.805081879296736
"20m_HFY_15_1",192,128,12.0030582876384,"15_1_HFY","Orpheus_Island","HFY","20m",100,0.093773892872175,0.142343845313949,-1.0279180545816
"20m_HFY_15_1",384,256,29.8133057165346,"15_1_HFY","Orpheus_Island","HFY","20m",100,0.116458225455213,0.443373840977931,-0.933829831786643
"20m_HFY_15_2",12,8,0.292886420644616,"15_2_HFY","Orpheus_Island","HFY","20m",100,0.036610802580577,-1.06177613734198,-1.43639075042753
"20m_HFY_15_2",24,16,0.3770496,"15_2_HFY","Orpheus_Island","HFY","20m",100,0.0235656,-0.760746141677994,-1.62772149826073
"20m_HFY_15_2",48,32,9.86693587923454,"15_2_HFY","Orpheus_Island","HFY","20m",100,0.308341746226079,-0.459716146014013,-0.510967672392353
"20m_HFY_15_2",96,64,13.2391249649781,"15_2_HFY","Orpheus_Island","HFY","20m",100,0.206861327577783,-0.158686150350032,-0.684320692463284
"20m_HFY_15_2",192,128,9.58364178310498,"15_2_HFY","Orpheus_Island","HFY","20m",100,0.0748722014305077,0.142343845313949,-1.12567939733722
"20m_HFY_15_2",384,256,26.7859749979465,"15_2_HFY","Orpheus_Island","HFY","20m",100,0.104632714835729,0.443373840977931,-0.980332506183278
"20m_HFY_15_2",768,512,18.6511462364937,"15_2_HFY","Orpheus_Island","HFY","20m",100,0.0364280199931518,0.744403836641912,-1.43856443373798
"20m_HFY_15_3",24,16,0.309901084934913,"15_3_HFY","Orpheus_Island","HFY","20m",100,0.019368817808432,-0.760746141677994,-1.71289688598934
"20m_HFY_15_3",48,32,3.15646169358577,"15_3_HFY","Orpheus_Island","HFY","20m",100,0.0986394279245554,-0.459716146014013,-1.00594945516668
"20m_HFY_15_3",96,64,10.4575532081089,"15_3_HFY","Orpheus_Island","HFY","20m",100,0.163399268876701,-0.158686150350032,-0.786749891032029
"20m_HFY_15_3",192,128,16.0725877327633,"15_3_HFY","Orpheus_Island","HFY","20m",100,0.125567091662213,0.142343845313949,-0.901124164596764
"20m_HFY_15_3",384,256,4.90034980704075,"15_3_HFY","Orpheus_Island","HFY","20m",100,0.0191419914337529,0.443373840977931,-1.71801288245781
"20m_HFY_15_3",768,512,19.2562944,"15_3_HFY","Orpheus_Island","HFY","20m",100,0.03760995,0.744403836641912,-1.42469724394369
"20m_HFY_15_4",12,8,0.146443210322308,"15_4_HFY","Orpheus_Island","HFY","20m",100,0.0183054012902885,-1.06177613734198,-1.73742074609151
"20m_HFY_15_4",24,16,0.235183726827531,"15_4_HFY","Orpheus_Island","HFY","20m",100,0.0146989829267207,-0.760746141677994,-1.83271271454395
"20m_HFY_15_4",48,32,0.539600093585773,"15_4_HFY","Orpheus_Island","HFY","20m",100,0.0168625029245554,-0.459716146014013,-1.77307796199798
"20m_HFY_15_4",96,64,25.443011216835,"15_4_HFY","Orpheus_Island","HFY","20m",100,0.397547050263047,-0.158686150350032,-0.400611464591439
"20m_HFY_15_4",192,128,41.8693304585662,"15_4_HFY","Orpheus_Island","HFY","20m",100,0.327104144207548,0.142343845313949,-0.485313953597217
"20m_HFY_15_4",384,256,3.1134752,"15_4_HFY","Orpheus_Island","HFY","20m",100,0.0121620125,0.443373840977931,-1.91499455455941
"20m_HFY_15_4",768,512,14.5341513173271,"15_4_HFY","Orpheus_Island","HFY","20m",100,0.0283870142916546,0.744403836641912,-1.54688028358714
"20m_HFY_15_4",1536,1024,12.3164313329382,"15_4_HFY","Orpheus_Island","HFY","20m",100,0.0120277649735724,1.04543383230589,-1.91981506674361
"20m_HFY_16_1",12,8,0.146443210322308,"16_1_HFY","Orpheus_Island","HFY","20m",100,0.0183054012902885,-1.06177613734198,-1.73742074609151
"20m_HFY_16_1",24,16,0.470815491808259,"16_1_HFY","Orpheus_Island","HFY","20m",100,0.0294259682380162,-0.760746141677994,-1.53126923813587
"20m_HFY_16_1",48,32,2.57070423752142,"16_1_HFY","Orpheus_Island","HFY","20m",100,0.0803345074225445,-0.459716146014013,-1.09509786488248
"20m_HFY_16_1",96,64,10.7995015925292,"16_1_HFY","Orpheus_Island","HFY","20m",100,0.168742212383269,-0.158686150350032,-0.772776261145922
"20m_HFY_16_1",192,128,23.7914482136097,"16_1_HFY","Orpheus_Island","HFY","20m",100,0.185870689168826,0.142343845313949,-0.730789090786877
"20m_HFY_16_1",768,512,6.83351444628837,"16_1_HFY","Orpheus_Island","HFY","20m",100,0.013346707902907,0.744403836641912,-1.87462584410589
"20m_HFY_16_2",12,8,0.146443210322308,"16_2_HFY","Orpheus_Island","HFY","20m",100,0.0183054012902885,-1.06177613734198,-1.73742074609151
"20m_HFY_16_2",24,16,2.2584693420166,"16_2_HFY","Orpheus_Island","HFY","20m",100,0.141154333876038,-0.760746141677994,-0.850305783124191
"20m_HFY_16_2",48,32,3.82738622631576,"16_2_HFY","Orpheus_Island","HFY","20m",100,0.119605819572368,-0.459716146014013,-0.92224768868642
"20m_HFY_16_2",96,64,4.87908560406767,"16_2_HFY","Orpheus_Island","HFY","20m",100,0.0762357125635574,-0.158686150350032,-1.11784153606263
"20m_HFY_16_2",192,128,16.4929222327583,"16_2_HFY","Orpheus_Island","HFY","20m",100,0.128850954943424,0.142343845313949,-0.889912358447009
"20m_HFY_16_2",384,256,7.6305152,"16_2_HFY","Orpheus_Island","HFY","20m",100,0.0298067,0.443373840977931,-1.52568610350856
"20m_HFY_16_2",768,512,20.354099030501,"16_2_HFY","Orpheus_Island","HFY","20m",100,0.0397540996689473,0.744403836641912,-1.40061807778003
"20m_HFY_16_3",12,8,0.146443210322308,"16_3_HFY","Orpheus_Island","HFY","20m",100,0.0183054012902885,-1.06177613734198,-1.73742074609151
"20m_HFY_16_3",24,16,1.22354045192783,"16_3_HFY","Orpheus_Island","HFY","20m",100,0.0764712782454891,-0.760746141677994,-1.1165016503587
"20m_HFY_16_3",48,32,1.5835392,"16_3_HFY","Orpheus_Island","HFY","20m",100,0.0494856,-0.459716146014013,-1.30552115965967
"20m_HFY_16_3",96,64,0.71621102053621,"16_3_HFY","Orpheus_Island","HFY","20m",100,0.0111907971958783,-0.158686150350032,-1.9511389746478
"20m_HFY_16_3",192,128,12.8427344185802,"16_3_HFY","Orpheus_Island","HFY","20m",100,0.100333862645158,0.142343845313949,-0.998552467996932
"20m_HFY_16_3",384,256,7.95467001166179,"16_3_HFY","Orpheus_Island","HFY","20m",100,0.0310729297330539,0.443373840977931,-1.50761779705356
"20m_HFY_16_3",768,512,45.6854965131738,"16_3_HFY","Orpheus_Island","HFY","20m",100,0.0892294853772927,0.744403836641912,-1.04949161175957
"20m_HFY_16_3",3072,2048,21.7750154841388,"16_3_HFY","Orpheus_Island","HFY","20m",100,0.0106323317793647,1.34646382796987,-1.97337147979867
"20m_HFY_16_4",12,8,0.292886420644616,"16_4_HFY","Orpheus_Island","HFY","20m",100,0.036610802580577,-1.06177613734198,-1.43639075042753
"20m_HFY_16_4",24,16,2.20501729006918,"16_4_HFY","Orpheus_Island","HFY","20m",100,0.137813580629324,-0.760746141677994,-0.860707983431569
"20m_HFY_16_4",48,32,1.5946046027394,"16_4_HFY","Orpheus_Island","HFY","20m",100,0.0498313938356062,-0.459716146014013,-1.30249696499337
"20m_HFY_16_4",96,64,2.78576969618739,"16_4_HFY","Orpheus_Island","HFY","20m",100,0.043527651502928,-0.158686150350032,-1.36123476419646
"20m_HFY_16_4",192,128,5.70120819359738,"16_4_HFY","Orpheus_Island","HFY","20m",100,0.0445406890124795,0.142343845313949,-1.3512430690262
"20m_HFY_16_4",768,512,7.37167969797212,"16_4_HFY","Orpheus_Island","HFY","20m",100,0.0143978119101018,0.744403836641912,-1.84170350426402
"20m_SBT_11_1",24,16,1.12282515252002,"11_1_SBT","Orpheus_Island","SBT","20m",100,0.0701765720325014,-0.760746141677994,-1.15380784990986
"20m_SBT_11_1",48,32,1.15901306250306,"11_1_SBT","Orpheus_Island","SBT","20m",100,0.0362191582032206,-0.459716146014013,-1.44106164767035
"20m_SBT_11_1",96,64,3.86224162495131,"11_1_SBT","Orpheus_Island","SBT","20m",100,0.0603475253898642,-0.158686150350032,-1.21934053387751
"20m_SBT_11_1",192,128,15.1305383903409,"11_1_SBT","Orpheus_Island","SBT","20m",100,0.118207331174538,0.142343845313949,-0.927355587837894
"20m_SBT_11_1",384,256,7.703013392599,"11_1_SBT","Orpheus_Island","SBT","20m",100,0.0300898960648399,0.443373840977931,-1.52157931237772
"20m_SBT_11_1",768,512,7.37167969797212,"11_1_SBT","Orpheus_Island","SBT","20m",100,0.0143978119101018,0.744403836641912,-1.84170350426402
"20m_SBT_11_2",24,16,0.276804852563223,"11_2_SBT","Orpheus_Island","SBT","20m",100,0.0173003032852014,-0.760746141677994,-1.76194628334896
"20m_SBT_11_2",48,32,0.3958848,"11_2_SBT","Orpheus_Island","SBT","20m",100,0.0123714,-0.459716146014013,-1.90758115098763
"20m_SBT_11_2",96,64,6.84530823903436,"11_2_SBT","Orpheus_Island","SBT","20m",100,0.106957941234912,-0.158686150350032,-0.970786965122683
"20m_SBT_11_2",192,128,20.7927727281336,"11_2_SBT","Orpheus_Island","SBT","20m",100,0.162443536938544,0.142343845313949,-0.78929756303715
"20m_SBT_11_2",768,512,22.7944215020189,"11_2_SBT","Orpheus_Island","SBT","20m",100,0.0445203544961307,0.744403836641912,-1.35144138622636
"20m_SBT_11_2",1536,1024,11.3208017263983,"11_2_SBT","Orpheus_Island","SBT","20m",100,0.0110554704359359,1.04543383230589,-1.95642277245351
"20m_SBT_11_3",48,32,0.376183331839229,"11_3_SBT","Orpheus_Island","SBT","20m",100,0.0117557291199759,-0.459716146014013,-1.92975042966434
"20m_SBT_11_3",96,64,6.8731801485871,"11_3_SBT","Orpheus_Island","SBT","20m",100,0.107393439821673,-0.158686150350032,-0.969022246907073
"20m_SBT_11_3",192,128,27.4844422825956,"11_3_SBT","Orpheus_Island","SBT","20m",100,0.214722205332778,0.142343845313949,-0.668123041009342
"20m_SBT_11_3",384,256,11.688556362303,"11_3_SBT","Orpheus_Island","SBT","20m",100,0.0456584232902462,0.443373840977931,-1.34047908995855
"20m_SBT_11_3",768,512,7.26707565866357,"11_3_SBT","Orpheus_Island","SBT","20m",100,0.0141935071458273,0.744403836641912,-1.84791027925112
"20m_SBT_11_3",3072,2048,32.2611253967665,"11_3_SBT","Orpheus_Island","SBT","20m",100,0.0157525026351399,1.34646382796987,-1.80265043906236
"20m_SBT_11_4",24,16,0.867414505126446,"11_4_SBT","Orpheus_Island","SBT","20m",100,0.0542134065704029,-0.760746141677994,-1.26589330239944
"20m_SBT_11_4",96,64,60.4689645255888,"11_4_SBT","Orpheus_Island","SBT","20m",100,0.944827570712325,-0.158686150350032,-0.0246474422007214
"20m_SBT_11_4",192,128,10.954818174372,"11_4_SBT","Orpheus_Island","SBT","20m",100,0.0855845169872812,0.142343845313949,-1.06760479601424
"20m_SBT_11_4",384,256,12.77032836652,"11_4_SBT","Orpheus_Island","SBT","20m",100,0.0498840951817189,0.443373840977931,-1.30203790078655
"20m_SBT_11_4",1536,1024,33.9614186756854,"11_4_SBT","Orpheus_Island","SBT","20m",100,0.033165447925474,1.04543383230589,-1.47931413283725
"20m_SBT_12_1",48,32,0.36724346250306,"12_1_SBT","Fantome_Island","SBT","20m",100,0.0114763582032206,-0.459716146014013,-1.94019590489673
"20m_SBT_12_1",96,64,3.29890473001739,"12_1_SBT","Fantome_Island","SBT","20m",100,0.0515453864065217,-0.158686150350032,-1.28781020036797
"20m_SBT_12_1",192,128,12.2673791234957,"12_1_SBT","Fantome_Island","SBT","20m",100,0.0958388994023104,0.142343845313949,-1.01845818229041
"20m_SBT_12_1",384,256,6.39179901918787,"12_1_SBT","Fantome_Island","SBT","20m",100,0.0249679649187026,0.443373840977931,-1.60261685454877
"20m_SBT_12_2",96,64,3.18084094491023,"12_2_SBT","Fantome_Island","SBT","20m",100,0.0497006397642223,-0.158686150350032,-1.30363802083843
"20m_SBT_12_2",192,128,8.93786778942962,"12_2_SBT","Fantome_Island","SBT","20m",100,0.0698270921049189,0.142343845313949,-1.1559760434392
"20m_SBT_12_2",384,256,6.95077801456683,"12_2_SBT","Fantome_Island","SBT","20m",100,0.0271514766194017,0.443373840977931,-1.56620654654587
"20m_SBT_12_2",1536,1024,108.365462154144,"12_2_SBT","Fantome_Island","SBT","20m",100,0.105825646634906,1.04543383230589,-0.975409069141562
"20m_SBT_12_2",3072,2048,91.8538770407149,"12_2_SBT","Fantome_Island","SBT","20m",100,0.0448505258987866,1.34646382796987,-1.34823246023188
"20m_SBT_12_3",24,16,0.234393144655708,"12_3_SBT","Fantome_Island","SBT","20m",100,0.0146495715409817,-0.760746141677994,-1.83417507702376
"20m_SBT_12_3",96,64,0.718015598962534,"12_3_SBT","Fantome_Island","SBT","20m",100,0.0112189937337896,-0.158686150350032,-1.95004609454693
"20m_SBT_12_3",192,128,3.62982876540314,"12_3_SBT","Fantome_Island","SBT","20m",100,0.028358037229712,0.142343845313949,-1.54732383166261
"20m_SBT_12_3",384,256,3.33747881456683,"12_3_SBT","Fantome_Island","SBT","20m",100,0.0130370266194017,0.443373840977931,-1.88482144771702
"20m_SBT_12_3",768,512,9.822088,"12_3_SBT","Fantome_Island","SBT","20m",100,0.019183765625,0.744403836641912,-1.71706614014551
"20m_SBT_12_3",1536,1024,26.1342850964774,"12_3_SBT","Fantome_Island","SBT","20m",100,0.0255217627895287,1.04543383230589,-1.59308933217166
"20m_SBT_12_3",3072,2048,37.2672860347242,"12_3_SBT","Fantome_Island","SBT","20m",100,0.0181969170091427,1.34646382796987,-1.74000218560469
"20m_SBT_12_4",24,16,0.719780930737016,"12_4_SBT","Fantome_Island","SBT","20m",100,0.0449863081710635,-0.760746141677994,-1.34691964601476
"20m_SBT_12_4",48,32,0.443228552580674,"12_4_SBT","Fantome_Island","SBT","20m",100,0.0138508922681461,-0.459716146014013,-1.85852224864643
"20m_SBT_12_4",96,64,2.09387053782559,"12_4_SBT","Fantome_Island","SBT","20m",100,0.0327167271535248,-0.158686150350032,-1.48523014785696
"20m_SBT_12_4",192,128,15.5703336256641,"12_4_SBT","Fantome_Island","SBT","20m",100,0.121643231450501,0.142343845313949,-0.914912051348686
"20m_SBT_12_4",384,256,14.9174720333507,"12_4_SBT","Fantome_Island","SBT","20m",100,0.058271375130276,0.443373840977931,-1.23454473299198
"20m_SBT_12_4",768,512,12.2842368,"12_4_SBT","Fantome_Island","SBT","20m",100,0.02399265,0.744403836641912,-1.61992178134367
"20m_SBT_12_4",1536,1024,40.2797647971033,"12_4_SBT","Fantome_Island","SBT","20m",100,0.0393357078096712,1.04543383230589,-1.40521303069712
"20m_SBT_13_1",24,16,0.566761403604465,"13_1_SBT","Fantome_Island","SBT","20m",100,0.035422587725279,-0.760746141677994,-1.45071971548477
"20m_SBT_13_1",48,32,1.4391957818249,"13_1_SBT","Fantome_Island","SBT","20m",100,0.0449748681820281,-0.459716146014013,-1.34703010086516
"20m_SBT_13_1",96,64,3.25589592635061,"13_1_SBT","Fantome_Island","SBT","20m",100,0.0508733738492283,-0.158686150350032,-1.29350945962606
"20m_SBT_13_1",192,128,12.8753791470404,"13_1_SBT","Fantome_Island","SBT","20m",100,0.100588899586253,0.142343845313949,-0.997449942882753
"20m_SBT_13_2",24,16,0.920426121121429,"13_2_SBT","Fantome_Island","SBT","20m",100,0.0575266325700893,-0.760746141677994,-1.24013104747687
"20m_SBT_13_2",96,64,19.6280358238089,"13_2_SBT","Fantome_Island","SBT","20m",100,0.306688059747014,-0.158686150350032,-0.513303132028366
"20m_SBT_13_3",48,32,1.07553684545734,"13_3_SBT","Fantome_Island","SBT","20m",100,0.033610526420542,-0.459716146014013,-1.47352468539586
"20m_SBT_13_3",96,64,7.30022030708257,"13_3_SBT","Fantome_Island","SBT","20m",100,0.114065942298165,-0.158686150350032,-0.94284400746527
"20m_SBT_13_3",192,128,1.93957389234522,"13_3_SBT","Fantome_Island","SBT","20m",100,0.015152921033947,0.142343845313949,-1.81950363999048
"20m_SBT_13_3",384,256,3.05432020462104,"13_3_SBT","Fantome_Island","SBT","20m",100,0.0119309382993009,0.443373840977931,-1.92332540023706
"20m_SBT_13_4",24,16,0.2569536,"13_4_SBT","Fantome_Island","SBT","20m",100,0.0160596,-0.760746141677994,-1.7942652759911
"20m_SBT_13_4",48,32,1.07920018717155,"13_4_SBT","Fantome_Island","SBT","20m",100,0.0337250058491108,-0.459716146014013,-1.472047966334
"20m_SBT_13_4",96,64,7.3813233073664,"13_4_SBT","Fantome_Island","SBT","20m",100,0.1153331766776,-0.158686150350032,-0.938045745823707
"20m_SBT_13_4",192,128,13.4946871628421,"13_4_SBT","Fantome_Island","SBT","20m",100,0.105427243459704,0.142343845313949,-0.977047148560165
"20m_SBT_14_1",24,16,0.822367615705575,"14_1_SBT","Fantome_Island","SBT","20m",100,0.0513979759815984,-0.760746141677994,-1.28905398289831
"20m_SBT_14_1",48,32,0.900781553083587,"14_1_SBT","Fantome_Island","SBT","20m",100,0.0281494235338621,-0.459716146014013,-1.55053049454713
"20m_SBT_14_1",96,64,7.35200217952294,"14_1_SBT","Fantome_Island","SBT","20m",100,0.114875034055046,-0.158686150350032,-0.939774346857921
"20m_SBT_14_1",192,128,128.580301746334,"14_1_SBT","Fantome_Island","SBT","20m",100,1.00453360739324,0.142343845313949,0.00196447096110198
"20m_SBT_14_1",384,256,4.04227142882753,"14_1_SBT","Fantome_Island","SBT","20m",100,0.0157901227688575,0.443373840977931,-1.80161449332102
"20m_SBT_14_1",768,512,7.5127683373358,"14_1_SBT","Fantome_Island","SBT","20m",100,0.014673375658859,0.744403836641912,-1.83346996377296
"20m_SBT_14_2",24,16,0.274122538568525,"14_2_SBT","Fantome_Island","SBT","20m",100,0.0171326586605328,-0.760746141677994,-1.76617523761798
"20m_SBT_14_2",96,64,4.59500136220184,"14_2_SBT","Fantome_Island","SBT","20m",100,0.0717968962844037,-0.158686150350032,-1.14389432951385
"20m_SBT_14_3",24,16,0.705800067523909,"14_3_SBT","Fantome_Island","SBT","20m",100,0.0441125042202443,-0.760746141677994,-1.35543828708301
"20m_SBT_14_3",48,32,0.539600093585773,"14_3_SBT","Fantome_Island","SBT","20m",100,0.0168625029245554,-0.459716146014013,-1.77307796199798
"20m_SBT_14_3",96,64,5.64336202764605,"14_3_SBT","Fantome_Island","SBT","20m",100,0.0881775316819695,-0.158686150350032,-1.05464206236957
"20m_SBT_14_3",192,128,3.68005060908557,"14_3_SBT","Fantome_Island","SBT","20m",100,0.028750395383481,0.142343845313949,-1.54135617839406
"20m_SBT_14_3",768,512,17.1677772192278,"14_3_SBT","Fantome_Island","SBT","20m",100,0.0335308148813043,0.744403836641912,-1.47455589201844
"20m_SBT_14_3",3072,2048,28.2903842005317,"14_3_SBT","Fantome_Island","SBT","20m",100,0.0138136641604159,1.34646382796987,-1.85969110682496
"20m_SBT_14_4",24,16,1.17859730915468,"14_4_SBT","Fantome_Island","SBT","20m",100,0.0736623318221674,-0.760746141677994,-1.13275453742964
"20m_SBT_14_4",48,32,0.539600093585773,"14_4_SBT","Fantome_Island","SBT","20m",100,0.0168625029245554,-0.459716146014013,-1.77307796199798
"20m_SBT_14_4",96,64,3.45643701736534,"14_4_SBT","Fantome_Island","SBT","20m",100,0.0540068283963335,-0.158686150350032,-1.26755132633694
"20m_SBT_14_4",192,128,4.24233195257953,"14_4_SBT","Fantome_Island","SBT","20m",100,0.0331432183795276,0.142343845313949,-1.47960532160756
"20m_SBT_14_4",768,512,15.4227418040468,"14_4_SBT","Fantome_Island","SBT","20m",100,0.0301225425860289,0.744403836641912,-1.52110837296012
"20m_SBT_15_1",24,16,1.41093877081777,"15_1_SBT","Orpheus_Island","SBT","20m",100,0.0881836731761109,-0.760746141677994,-1.05461181516164
"20m_SBT_15_1",96,64,1.97419574585461,"15_1_SBT","Orpheus_Island","SBT","20m",100,0.0308468085289783,-0.158686150350032,-1.51078976226129
"20m_SBT_15_1",192,128,13.1706478875248,"15_1_SBT","Orpheus_Island","SBT","20m",100,0.102895686621288,0.142343845313949,-0.987602830444918
"20m_SBT_15_1",384,256,8.14111316230303,"15_1_SBT","Orpheus_Island","SBT","20m",100,0.0318012232902462,0.443373840977931,-1.49755617378961
"20m_SBT_15_2",24,16,1.19793739435144,"15_2_SBT","Orpheus_Island","SBT","20m",100,0.074871087146965,-0.760746141677994,-1.12568586076137
"20m_SBT_15_2",48,32,2.23696213392722,"15_2_SBT","Orpheus_Island","SBT","20m",100,0.0699050666852255,-0.459716146014013,-1.15549134566076
"20m_SBT_15_2",96,64,7.42630559249383,"15_2_SBT","Orpheus_Island","SBT","20m",100,0.116036024882716,-0.158686150350032,-0.935407157507013
"20m_SBT_15_2",192,128,10.4812412271161,"15_2_SBT","Orpheus_Island","SBT","20m",100,0.0818846970868441,0.142343845313949,-1.08679725320556
"20m_SBT_15_2",384,256,5.02373155164181,"15_2_SBT","Orpheus_Island","SBT","20m",100,0.0196239513736008,0.443373840977931,-1.70721354094328
"20m_SBT_15_3",24,16,0.733387349696947,"15_3_SBT","Orpheus_Island","SBT","20m",100,0.0458367093560592,-0.760746141677994,-1.33878656817423
"20m_SBT_15_3",48,32,1.15901306250306,"15_3_SBT","Orpheus_Island","SBT","20m",100,0.0362191582032206,-0.459716146014013,-1.44106164767035
"20m_SBT_15_3",96,64,10.0800620330695,"15_3_SBT","Orpheus_Island","SBT","20m",100,0.15750096926671,-0.158686150350032,-0.802716769202072
"20m_SBT_15_3",192,128,27.731532889042,"15_3_SBT","Orpheus_Island","SBT","20m",100,0.216652600695641,0.142343845313949,-0.664236093331721
"20m_SBT_15_3",384,256,12.0530862216076,"15_3_SBT","Orpheus_Island","SBT","20m",100,0.0470823680531546,0.443373840977931,-1.32714170201903
"20m_SBT_15_3",768,512,26.3819392354093,"15_3_SBT","Orpheus_Island","SBT","20m",100,0.0515272250691587,0.744403836641912,-1.2879632452665
"20m_SBT_15_3",1536,1024,24.9359579625004,"15_3_SBT","Orpheus_Island","SBT","20m",100,0.0243515214477543,1.04543383230589,-1.61347389951209
"20m_SBT_15_4",96,64,2.87862796708566,"15_4_SBT","Orpheus_Island","SBT","20m",100,0.0449785619857135,-0.158686150350032,-1.34699443355252
"20m_SBT_15_4",192,128,10.090588397973,"15_4_SBT","Orpheus_Island","SBT","20m",100,0.0788327218591637,0.142343845313949,-1.10329347828288
"20m_SBT_15_4",384,256,17.6836025141646,"15_4_SBT","Orpheus_Island","SBT","20m",100,0.0690765723209556,0.443373840977931,-1.16066922088784
"20m_SBT_15_4",768,512,51.6261513009609,"15_4_SBT","Orpheus_Island","SBT","20m",100,0.100832326759689,0.744403836641912,-0.996400211118559
"20m_SBT_15_4",1536,1024,58.1259024611835,"15_4_SBT","Orpheus_Island","SBT","20m",100,0.0567635766222495,1.04543383230589,-1.24593024784512
"20m_SBT_16_1",24,16,0.53080691141259,"16_1_SBT","Orpheus_Island","SBT","20m",100,0.0331754319632869,-0.760746141677994,-1.4791834136617
"20m_SBT_16_1",48,32,0.3958848,"16_1_SBT","Orpheus_Island","SBT","20m",100,0.0123714,-0.459716146014013,-1.90758115098763
"20m_SBT_16_1",96,64,11.3940610220755,"16_1_SBT","Orpheus_Island","SBT","20m",100,0.178032203469929,-0.158686150350032,-0.749501432947859
"20m_SBT_16_1",192,128,87.5201022965826,"16_1_SBT","Orpheus_Island","SBT","20m",100,0.683750799192052,0.142343845313949,-0.165102153039507
"20m_SBT_16_1",384,256,18.4837916939498,"16_1_SBT","Orpheus_Island","SBT","20m",100,0.0722023113044915,0.443373840977931,-1.14144889978881
"20m_SBT_16_1",768,512,39.4658609492707,"16_1_SBT","Orpheus_Island","SBT","20m",100,0.0770817596665444,0.744403836641912,-1.11304837958032
"20m_SBT_16_1",1536,1024,62.0055915765574,"16_1_SBT","Orpheus_Island","SBT","20m",100,0.0605523355239818,1.04543383230589,-1.21786910131339
"20m_SBT_16_1",3072,2048,25.2324747323537,"16_1_SBT","Orpheus_Island","SBT","20m",100,0.0123205443029071,1.34646382796987,-1.90937010527814
"20m_SBT_16_2",24,16,0.528301726357612,"16_2_SBT","Orpheus_Island","SBT","20m",100,0.0330188578973507,-0.760746141677994,-1.48123795280116
"20m_SBT_16_2",48,32,1.33670257034062,"16_2_SBT","Orpheus_Island","SBT","20m",100,0.0417719553231444,-0.459716146014013,-1.37911519516397
"20m_SBT_16_2",96,64,1.19760373114037,"16_2_SBT","Orpheus_Island","SBT","20m",100,0.0187125582990683,-0.158686150350032,-1.72786683360017
"20m_SBT_16_2",192,128,3.55017716616568,"16_2_SBT","Orpheus_Island","SBT","20m",100,0.0277357591106694,0.142343845313949,-1.5569599432496
"20m_SBT_16_2",384,256,22.6987540268443,"16_2_SBT","Orpheus_Island","SBT","20m",100,0.0886670079173607,0.443373840977931,-1.0522379466261
"20m_SBT_16_2",768,512,6.80445217796845,"16_2_SBT","Orpheus_Island","SBT","20m",100,0.0132899456600946,0.744403836641912,-1.87647679479612
"20m_SBT_16_2",1536,1024,58.6848550744954,"16_2_SBT","Orpheus_Island","SBT","20m",100,0.0573094287836869,1.04543383230589,-1.24177392023409
"20m_SBT_16_2",3072,2048,101.471081463154,"16_2_SBT","Orpheus_Island","SBT","20m",100,0.0495464264956808,1.34646382796987,-1.30498766326089
"20m_SBT_16_3",24,16,0.583188530213858,"16_3_SBT","Orpheus_Island","SBT","20m",100,0.0364492831383661,-0.760746141677994,-1.43831100869342
"20m_SBT_16_3",48,32,2.92599846050555,"16_3_SBT","Orpheus_Island","SBT","20m",100,0.0914374518907985,-0.459716146014013,-1.03887588503168
"20m_SBT_16_3",96,64,6.47346695470754,"16_3_SBT","Orpheus_Island","SBT","20m",100,0.101147921167305,-0.158686150350032,-0.99504303859605
"20m_SBT_16_3",192,128,6.5728909046232,"16_3_SBT","Orpheus_Island","SBT","20m",100,0.0513507101923687,0.142343845313949,-1.2894535456306
"20m_SBT_16_3",384,256,12.9207635294134,"16_3_SBT","Orpheus_Island","SBT","20m",100,0.050471732536771,0.443373840977931,-1.29695178703876
"20m_SBT_16_3",768,512,26.3165055678581,"16_3_SBT","Orpheus_Island","SBT","20m",100,0.0513994249372228,0.744403836641912,-1.289041739915
"20m_SBT_16_3",1536,1024,12.3164313329382,"16_3_SBT","Orpheus_Island","SBT","20m",100,0.0120277649735724,1.04543383230589,-1.91981506674361
"20m_SBT_16_4",24,16,0.481376833761955,"16_4_SBT","Orpheus_Island","SBT","20m",100,0.0300860521101222,-0.760746141677994,-1.52163479661604
"20m_SBT_16_4",48,32,0.3958848,"16_4_SBT","Orpheus_Island","SBT","20m",100,0.0123714,-0.459716146014013,-1.90758115098763
"20m_SBT_16_4",96,64,4.79041492456148,"16_4_SBT","Orpheus_Island","SBT","20m",100,0.0748502331962731,-0.158686150350032,-1.12580684227221
"20m_SBT_16_4",192,128,27.3708863875828,"16_4_SBT","Orpheus_Island","SBT","20m",100,0.21383504990299,0.142343845313949,-0.669921107677908
"20m_SBT_16_4",384,256,3.2642624,"16_4_SBT","Orpheus_Island","SBT","20m",100,0.012751025,0.443373840977931,-1.89445490276324
"20m_SBT_16_4",768,512,7.37167969797212,"16_4_SBT","Orpheus_Island","SBT","20m",100,0.0143978119101018,0.744403836641912,-1.84170350426402
"20m_SKC_11_1",12,8,0.585772841289231,"11_1_SKC","Orpheus_Island","SKC","20m",100,0.0732216051611539,-1.06177613734198,-1.13536075476355
"20m_SKC_11_1",48,32,4.80285368947599,"11_1_SKC","Orpheus_Island","SKC","20m",100,0.150089177796125,-0.459716146014013,-0.823650621500027
"20m_SKC_11_1",96,64,5.3839250930989,"11_1_SKC","Orpheus_Island","SKC","20m",100,0.0841238295796704,-0.158686150350032,-1.0750809650934
"20m_SKC_11_1",192,128,48.5980429540188,"11_1_SKC","Orpheus_Island","SKC","20m",100,0.379672210578272,0.142343845313949,-0.420591189097173
"20m_SKC_11_2",48,32,3.85909021300763,"11_2_SKC","Orpheus_Island","SKC","20m",100,0.120596569156489,-0.459716146014013,-0.918665047234006
"20m_SKC_11_2",96,64,17.265670717651,"11_2_SKC","Orpheus_Island","SKC","20m",100,0.269776104963297,-0.158686150350032,-0.568996519979744
"20m_SKC_11_2",192,128,6.65989133763277,"11_2_SKC","Orpheus_Island","SKC","20m",100,0.052030401075256,0.142343845313949,-1.28374282634115
"20m_SKC_11_2",384,256,4.82307932164573,"11_2_SKC","Orpheus_Island","SKC","20m",100,0.0188401536001786,0.443373840977931,-1.72491556080864
"20m_SKC_11_3",24,16,0.673269701285864,"11_3_SKC","Orpheus_Island","SKC","20m",100,0.0420793563303665,-0.760746141677994,-1.37593091201753
"20m_SKC_11_3",48,32,2.6279869125153,"11_3_SKC","Orpheus_Island","SKC","20m",100,0.0821245910161032,-0.459716146014013,-1.08552678023145
"20m_SKC_11_3",96,64,9.68047168311909,"11_3_SKC","Orpheus_Island","SKC","20m",100,0.151257370048736,-0.158686150350032,-0.820283455065465
"20m_SKC_11_3",192,128,3.12845222728224,"11_3_SKC","Orpheus_Island","SKC","20m",100,0.0244410330256425,0.142343845313949,-1.61188044213427
"20m_SKC_11_3",768,512,6.80445217796845,"11_3_SKC","Orpheus_Island","SKC","20m",100,0.0132899456600946,0.744403836641912,-1.87647679479612
"20m_SKC_11_4",48,32,0.731634668289774,"11_4_SKC","Orpheus_Island","SKC","20m",100,0.0228635833840554,-0.459716146014013,-1.64085570211391
"20m_SKC_11_4",96,64,15.4838409616067,"11_4_SKC","Orpheus_Island","SKC","20m",100,0.241935015025105,-0.158686150350032,-0.616301272061028
"20m_SKC_11_4",192,128,2.34393940908557,"11_4_SKC","Orpheus_Island","SKC","20m",100,0.018312026633481,0.142343845313949,-1.73726358868403
"20m_SKC_11_4",384,256,7.93655452164572,"11_4_SKC","Orpheus_Island","SKC","20m",100,0.0310021661001786,0.443373840977931,-1.50860796124669
"20m_SKC_12_1",48,32,7.26403916252754,"12_1_SKC","Fantome_Island","SKC","20m",100,0.227001223828986,-0.459716146014013,-0.643971801393915
"20m_SKC_12_1",96,64,5.89137916520531,"12_1_SKC","Fantome_Island","SKC","20m",100,0.0920527994563329,-0.158686150350032,-1.0359629994473
"20m_SKC_12_1",192,128,19.8669992237483,"12_1_SKC","Fantome_Island","SKC","20m",100,0.155210931435533,0.142343845313949,-0.809077694837195
"20m_SKC_12_2",24,16,0.725651320087132,"12_2_SKC","Fantome_Island","SKC","20m",100,0.0453532075054458,-0.760746141677994,-1.34339199299956
"20m_SKC_12_2",48,32,5.99944013398532,"12_2_SKC","Fantome_Island","SKC","20m",100,0.187482504187041,-0.459716146014013,-0.727039254280532
"20m_SKC_12_2",96,64,17.2614859553741,"12_2_SKC","Fantome_Island","SKC","20m",100,0.269710718052721,-0.158686150350032,-0.569101794745983
"20m_SKC_12_2",192,128,11.4734106677744,"12_2_SKC","Fantome_Island","SKC","20m",100,0.0896360208419878,0.142343845313949,-1.04751743108303
"20m_SKC_12_2",384,256,3.1134752,"12_2_SKC","Fantome_Island","SKC","20m",100,0.0121620125,0.443373840977931,-1.91499455455941
"20m_SKC_12_3",24,16,1.10708563376195,"12_3_SKC","Fantome_Island","SKC","20m",100,0.0691928521101222,-0.760746141677994,-1.15993876752978
"20m_SKC_12_3",96,64,7.89273276851055,"12_3_SKC","Fantome_Island","SKC","20m",100,0.123323949507977,-0.158686150350032,-0.908952575236036
"20m_SKC_12_3",192,128,4.64160807803552,"12_3_SKC","Fantome_Island","SKC","20m",100,0.0362625631096525,0.142343845313949,-1.44054150236301
"20m_SKC_12_3",384,256,8.75248732164572,"12_3_SKC","Fantome_Island","SKC","20m",100,0.0341894036001786,0.443373840977931,-1.46610847496856
"20m_SKC_12_4",24,16,1.07304162093034,"12_4_SKC","Fantome_Island","SKC","20m",100,0.067065101308146,-0.760746141677994,-1.17350341503311
"20m_SKC_12_4",48,32,2.50840738717155,"12_4_SKC","Fantome_Island","SKC","20m",100,0.0783877308491108,-0.459716146014013,-1.10575190723273
"20m_SKC_12_4",96,64,81.8467176040704,"12_4_SKC","Fantome_Island","SKC","20m",100,1.2788549625636,-0.158686150350032,0.106821293086932
"20m_SKC_12_4",192,128,28.4343125940803,"12_4_SKC","Fantome_Island","SKC","20m",100,0.222143067141252,0.142343845313949,-0.65336723609982
"20m_SKC_12_4",384,256,21.114472564795,"12_4_SKC","Fantome_Island","SKC","20m",100,0.0824784084562305,0.443373840977931,-1.08365972800274
"20m_SKC_13_1",48,32,8.65598260484853,"13_1_SKC","Fantome_Island","SKC","20m",100,0.270499456401517,-0.459716146014013,-0.567833603319182
"20m_SKC_13_1",96,64,10.5068829282716,"13_1_SKC","Fantome_Island","SKC","20m",100,0.164170045754244,-0.158686150350032,-0.784706080775458
"20m_SKC_13_2",24,16,1.93702084343062,"13_2_SKC","Fantome_Island","SKC","20m",100,0.121063802714414,-0.760746141677994,-0.916985688659478
"20m_SKC_13_2",96,64,12.5737026481905,"13_2_SKC","Fantome_Island","SKC","20m",100,0.196464103877977,-0.158686150350032,-0.706716788351221
"20m_SKC_13_2",384,256,3.8152576,"13_2_SKC","Fantome_Island","SKC","20m",100,0.01490335,0.443373840977931,-1.82671609917254
"20m_SKC_13_3",24,16,0.314246038285628,"13_3_SKC","Fantome_Island","SKC","20m",100,0.0196403773928517,-0.760746141677994,-1.70685017143408
"20m_SKC_13_3",48,32,1.28351169492912,"13_3_SKC","Fantome_Island","SKC","20m",100,0.0401097404665349,-0.459716146014013,-1.39675014814841
"20m_SKC_13_3",96,64,25.7600574484937,"13_3_SKC","Fantome_Island","SKC","20m",100,0.402500897632714,-0.158686150350032,-0.395233146758225
"20m_SKC_13_3",384,256,6.2269504,"13_3_SKC","Fantome_Island","SKC","20m",100,0.024324025,0.443373840977931,-1.61396455889543
"20m_SKC_13_4",48,32,1.27408701859189,"13_4_SKC","Fantome_Island","SKC","20m",100,0.0398152193309967,-0.459716146014013,-1.39995088752333
"20m_SKC_13_4",96,64,59.7475832960304,"13_4_SKC","Fantome_Island","SKC","20m",100,0.933555989000476,-0.158686150350032,-0.0298596305967614
"20m_SKC_13_4",192,128,4.61609925068528,"13_4_SKC","Fantome_Island","SKC","20m",100,0.0360632753959788,0.142343845313949,-1.44293483164024
"20m_SKC_14_1",24,16,0.582826320276011,"14_1_SKC","Fantome_Island","SKC","20m",100,0.0364266450172507,-0.760746141677994,-1.43858082649599
"20m_SKC_14_1",48,32,1.97998174025513,"14_1_SKC","Fantome_Island","SKC","20m",100,0.0618744293829729,-0.459716146014013,-1.2084887931811
"20m_SKC_14_1",96,64,31.927688740298,"14_1_SKC","Fantome_Island","SKC","20m",100,0.498870136567156,-0.158686150350032,-0.302012493078816
"20m_SKC_14_1",192,128,7.95766681817114,"14_1_SKC","Fantome_Island","SKC","20m",100,0.062169272016962,0.142343845313949,-1.20642421805677
"20m_SKC_14_2",24,16,0.949815252710553,"14_2_SKC","Fantome_Island","SKC","20m",100,0.0593634532944095,-0.760746141677994,-1.22648084318921
"20m_SKC_14_2",48,32,1.07920018717155,"14_2_SKC","Fantome_Island","SKC","20m",100,0.0337250058491108,-0.459716146014013,-1.472047966334
"20m_SKC_14_2",96,64,8.56410083264502,"14_2_SKC","Fantome_Island","SKC","20m",100,0.133814075510078,-0.158686150350032,-0.87349820200283
"20m_SKC_14_2",192,128,11.7200275899753,"14_2_SKC","Fantome_Island","SKC","20m",100,0.0915627155466817,0.142343845313949,-1.0382813355972
"20m_SKC_14_2",768,512,9.5813632,"14_2_SKC","Fantome_Island","SKC","20m",100,0.0187136,0.744403836641912,-1.72784265773029
"20m_SKC_14_3",24,16,0.306383677650635,"14_3_SKC","Fantome_Island","SKC","20m",100,0.0191489798531647,-0.760746141677994,-1.71785435777591
"20m_SKC_14_3",96,64,12.6736023970063,"14_3_SKC","Fantome_Island","SKC","20m",100,0.198025037453223,-0.158686150350032,-0.703279895898375
"20m_SKC_14_3",192,128,12.8072287726726,"14_3_SKC","Fantome_Island","SKC","20m",100,0.100056474786505,0.142343845313949,-0.999754802349452
"20m_SKC_14_3",1536,1024,16.0445728,"14_3_SKC","Fantome_Island","SKC","20m",100,0.015668528125,1.04543383230589,-1.80497179850356
"20m_SKC_14_4",48,32,1.54554383497374,"14_4_SKC","Fantome_Island","SKC","20m",100,0.0482982448429294,-0.459716146014013,-1.31606865121289
"20m_SKC_14_4",96,64,1.15214567245511,"14_4_SKC","Fantome_Island","SKC","20m",100,0.0180022761321112,-0.158686150350032,-1.7446725810566
"20m_SKC_14_4",192,128,4.68787881817114,"14_4_SKC","Fantome_Island","SKC","20m",100,0.036624053266962,0.142343845313949,-1.43623359302004
"20m_SKC_14_4",768,512,15.8596352,"14_4_SKC","Fantome_Island","SKC","20m",100,0.03097585,0.744403836641912,-1.50897676742987
"20m_SKC_15_1",24,16,2.87509908703483,"15_1_SKC","Orpheus_Island","SKC","20m",100,0.179693692939677,-0.760746141677994,-0.745467165904744
"20m_SKC_15_1",48,32,4.03967808753366,"15_1_SKC","Orpheus_Island","SKC","20m",100,0.126239940235427,-0.459716146014013,-0.898803219738508
"20m_SKC_15_1",96,64,17.62236658268,"15_1_SKC","Orpheus_Island","SKC","20m",100,0.275349477854376,-0.158686150350032,-0.56011574273519
"20m_SKC_15_1",192,128,2.34393940908557,"15_1_SKC","Orpheus_Island","SKC","20m",100,0.018312026633481,0.142343845313949,-1.73726358868403
"20m_SKC_15_2",24,16,0.728444265631938,"15_2_SKC","Orpheus_Island","SKC","20m",100,0.0455277666019961,-0.760746141677994,-1.34172365380381
"20m_SKC_15_2",48,32,8.66921980552777,"15_2_SKC","Orpheus_Island","SKC","20m",100,0.270913118922743,-0.459716146014013,-0.567169963819531
"20m_SKC_15_2",96,64,26.4285141681399,"15_2_SKC","Orpheus_Island","SKC","20m",100,0.412945533877186,-0.158686150350032,-0.384107226543318
"20m_SKC_15_2",192,128,27.9131674265928,"15_2_SKC","Orpheus_Island","SKC","20m",100,0.218071620520256,0.142343845313949,-0.661400849109049
"20m_SKC_15_2",384,256,11.146141903888,"15_2_SKC","Orpheus_Island","SKC","20m",100,0.0435396168120624,0.443373840977931,-1.36111539746165
"20m_SKC_15_2",768,512,28.7081894449226,"15_2_SKC","Orpheus_Island","SKC","20m",100,0.0560706825096144,0.744403836641912,-1.25126415750316
"20m_SKC_15_3",24,16,1.12211616880977,"15_3_SKC","Orpheus_Island","SKC","20m",100,0.0701322605506108,-0.760746141677994,-1.15408216240117
"20m_SKC_15_3",48,32,1.03004716333789,"15_3_SKC","Orpheus_Island","SKC","20m",100,0.0321889738543092,-0.459716146014013,-1.49229286787836
"20m_SKC_15_3",96,64,38.8556399559683,"15_3_SKC","Orpheus_Island","SKC","20m",100,0.607119374312004,-0.158686150350032,-0.216725907758682
"20m_SKC_15_3",192,128,10.5524184464734,"15_3_SKC","Orpheus_Island","SKC","20m",100,0.0824407691130731,0.142343845313949,-1.08385796521881
"20m_SKC_15_3",384,256,3.02451822077398,"15_3_SKC","Orpheus_Island","SKC","20m",100,0.0118145242998984,0.443373840977931,-1.9275837601161
"20m_SKC_15_3",3072,2048,25.2324747323537,"15_3_SKC","Orpheus_Island","SKC","20m",100,0.0123205443029071,1.34646382796987,-1.90937010527814
"20m_SKC_15_4",24,16,0.904414452563223,"15_4_SKC","Orpheus_Island","SKC","20m",100,0.0565259032852014,-0.760746141677994,-1.2477524888916
"20m_SKC_15_4",96,64,2.16241694654945,"15_4_SKC","Orpheus_Island","SKC","20m",100,0.0337877647898352,-0.158686150350032,-1.47124053777672
"20m_SKC_15_4",192,128,1.98034970074602,"15_4_SKC","Orpheus_Island","SKC","20m",100,0.0154714820370783,0.142343845313949,-1.81046808257106
"20m_SKC_15_4",384,256,18.6740196186601,"15_4_SKC","Orpheus_Island","SKC","20m",100,0.072945389135391,0.443373840977931,-1.13700215457715
"20m_SKC_15_4",768,512,28.2274591415779,"15_4_SKC","Orpheus_Island","SKC","20m",100,0.0551317561358943,0.744403836641912,-1.25859817352869
"20m_SKC_15_4",1536,1024,14.1402484218127,"15_4_SKC","Orpheus_Island","SKC","20m",100,0.0138088363494265,1.04543383230589,-1.85984291724437
"20m_SKC_16_1",48,32,0.749294488001514,"16_1_SKC","Orpheus_Island","SKC","20m",100,0.0234154527500473,-0.459716146014013,-1.63049744048936
"20m_SKC_16_1",96,64,6.99790992080919,"16_1_SKC","Orpheus_Island","SKC","20m",100,0.109342342512644,-0.158686150350032,-0.961211626169565
"20m_SKC_16_1",192,128,1.66497283440819,"16_1_SKC","Orpheus_Island","SKC","20m",100,0.013007600268814,0.142343845313949,-1.88580281766911
"20m_SKC_16_2",24,16,0.996585783300239,"16_2_SKC","Orpheus_Island","SKC","20m",100,0.0622866114562649,-0.760746141677994,-1.20560529516335
"20m_SKC_16_2",48,32,1.54106408800151,"16_2_SKC","Orpheus_Island","SKC","20m",100,0.0481582527500473,-0.459716146014013,-1.31732927828633
"20m_SKC_16_2",96,64,0.867954588826337,"16_2_SKC","Orpheus_Island","SKC","20m",100,0.0135617904504115,-0.158686150350032,-1.86768297039501
"20m_SKC_16_2",384,256,3.51146586473646,"16_2_SKC","Orpheus_Island","SKC","20m",100,0.0137166635341268,0.443373840977931,-1.86275151435326
"20m_SKC_16_3",24,16,0.930223301285864,"16_3_SKC","Orpheus_Island","SKC","20m",100,0.0581389563303665,-0.760746141677994,-1.23553276864456
"20m_SKC_16_3",48,32,0.3958848,"16_3_SKC","Orpheus_Island","SKC","20m",100,0.0123714,-0.459716146014013,-1.90758115098763
"20m_SKC_16_3",96,64,2.99502322495131,"16_3_SKC","Orpheus_Island","SKC","20m",100,0.0467972378898642,-0.158686150350032,-1.3297797795026
"20m_SKC_16_3",192,128,5.87088017293892,"16_3_SKC","Orpheus_Island","SKC","20m",100,0.0458662513510853,0.142343845313949,-1.33850675330742
"20m_SKC_16_3",384,256,8.40825264975526,"16_3_SKC","Orpheus_Island","SKC","20m",100,0.0328447369131065,0.443373840977931,-1.48353421248837
"20m_SKC_16_3",768,512,6.4187648,"16_3_SKC","Orpheus_Island","SKC","20m",100,0.01253665,0.744403836641912,-1.90181849866335
"20m_SKC_16_3",1536,1024,16.7465198976536,"16_3_SKC","Orpheus_Island","SKC","20m",100,0.0163540233375523,1.04543383230589,-1.78637538683566
"20m_SKC_16_4",48,32,0.539600093585773,"16_4_SKC","Orpheus_Island","SKC","20m",100,0.0168625029245554,-0.459716146014013,-1.77307796199798
"20m_SKC_16_4",192,128,5.65759255712148,"16_4_SKC","Orpheus_Island","SKC","20m",100,0.0441999418525115,0.142343845313949,-1.35457830198914
"20m_SKC_16_4",384,256,6.45095401456683,"16_4_SKC","Orpheus_Island","SKC","20m",100,0.0251990391194017,0.443373840977931,-1.59861601926202
"20m_SKC_16_4",768,512,7.26707565866357,"16_4_SKC","Orpheus_Island","SKC","20m",100,0.0141935071458273,0.744403836641912,-1.84791027925112
"30m_ACS_11_2",24,16,0.149615489174636,"11_2_ACS","Orpheus_Island","ACS","30m",150,0.00935096807341478,-0.760746141677994,-2.02914342579287
"30m_ACS_11_2",48,32,0.2639232,"11_2_ACS","Orpheus_Island","ACS","30m",150,0.0082476,-0.459716146014013,-2.08367241004332
"30m_ACS_11_2",96,64,2.88322259539927,"11_2_ACS","Orpheus_Island","ACS","30m",150,0.0450503530531136,-0.158686150350032,-1.34630180116842
"30m_ACS_11_2",192,128,4.26719662945284,"11_2_ACS","Orpheus_Island","ACS","30m",150,0.0333374736676003,0.142343845313949,-1.4770673143398
"30m_ACS_11_2",384,256,10.1740202666667,"11_2_ACS","Orpheus_Island","ACS","30m",150,0.0397422666666667,0.443373840977931,-1.40074736690026
"30m_ACS_11_2",768,512,4.33138568996198,"11_2_ACS","Orpheus_Island","ACS","30m",150,0.008459737675707,0.744403836641912,-2.07264310359918
"30m_ACS_11_2",6144,4096,30.073358360596,"11_2_ACS","Orpheus_Island","ACS","30m",150,0.00734212850600488,1.64749382363386,-2.13417801850264
"30m_ACS_11_3",24,16,1.25860769950093,"11_3_ACS","Orpheus_Island","ACS","30m",150,0.078662981218808,-0.760746141677994,-1.10422959845077
"30m_ACS_11_3",48,32,0.911626521053448,"11_3_ACS","Orpheus_Island","ACS","30m",150,0.0284883287829202,-0.459716146014013,-1.54533302712571
"30m_ACS_11_3",96,64,0.847956440605968,"11_3_ACS","Orpheus_Island","ACS","30m",150,0.0132493193844683,-0.158686150350032,-1.87780643079598
"30m_ACS_11_3",192,128,2.9212848464992,"11_3_ACS","Orpheus_Island","ACS","30m",150,0.022822537863275,0.142343845313949,-1.64163606374196
"30m_ACS_11_3",384,256,7.76770385177988,"11_3_ACS","Orpheus_Island","ACS","30m",150,0.0303425931710151,0.443373840977931,-1.51794730582559
"30m_ACS_11_3",768,512,6.38757546666667,"11_3_ACS","Orpheus_Island","ACS","30m",150,0.0124757333333333,0.744403836641912,-1.90393391678597
"30m_ACS_12_1",24,16,0.1896192,"12_1_ACS","Fantome_Island","ACS","30m",150,0.0118512,-0.760746141677994,-1.92623767269248
"30m_ACS_12_1",48,32,0.7917696,"12_1_ACS","Fantome_Island","ACS","30m",150,0.0247428,-0.459716146014013,-1.60655115532365
"30m_ACS_12_1",96,64,14.6813777999537,"12_1_ACS","Fantome_Island","ACS","30m",150,0.229396528124277,-0.158686150350032,-0.639413159354884
"30m_ACS_12_1",192,128,4.99251660965953,"12_1_ACS","Fantome_Island","ACS","30m",150,0.0390040360129651,0.142343845313949,-1.40889045124354
"30m_ACS_12_1",384,256,6.61605423912171,"12_1_ACS","Fantome_Island","ACS","30m",150,0.0258439618715692,0.443373840977931,-1.58764090836006
"30m_ACS_12_1",768,512,4.91445313198141,"12_1_ACS","Fantome_Island","ACS","30m",150,0.00959854127340119,0.744403836641912,-2.0177947633197
"30m_ACS_12_2",12,8,0.0976288068815386,"12_2_ACS","Fantome_Island","ACS","30m",150,0.0122036008601923,-1.06177613734198,-1.91351200514719
"30m_ACS_12_2",24,16,0.731899764887772,"12_2_ACS","Fantome_Island","ACS","30m",150,0.0457437353054857,-0.760746141677994,-1.33966837500855
"30m_ACS_12_2",48,32,2.14294810172045,"12_2_ACS","Fantome_Island","ACS","30m",150,0.066967128178764,-0.459716146014013,-1.17413832496793
"30m_ACS_12_2",96,64,5.26279471064827,"12_2_ACS","Fantome_Island","ACS","30m",150,0.0822311673538792,-0.158686150350032,-1.08496354445141
"30m_ACS_12_2",192,128,14.7940254989111,"12_2_ACS","Fantome_Island","ACS","30m",150,0.115578324210243,0.142343845313949,-0.937123606733458
"30m_ACS_12_2",384,256,4.74974883385157,"12_2_ACS","Fantome_Island","ACS","30m",150,0.0185537063822327,0.443373840977931,-1.73156932051989
"30m_ACS_12_2",768,512,3.61331877535774,"12_2_ACS","Fantome_Island","ACS","30m",150,0.00705726323312058,0.744403836641912,-2.15136368325176
"30m_ACS_12_3",24,16,0.182748359045683,"12_3_ACS","Fantome_Island","ACS","30m",150,0.0114217724403552,-0.760746141677994,-1.94226649667366
"30m_ACS_12_3",48,32,3.21851122658032,"12_3_ACS","Fantome_Island","ACS","30m",150,0.100578475830635,-0.459716146014013,-0.997494949977373
"30m_ACS_12_3",96,64,10.1872139009996,"12_3_ACS","Fantome_Island","ACS","30m",150,0.159175217203119,-0.158686150350032,-0.798124548845608
"30m_ACS_12_3",192,128,3.47290792823015,"12_3_ACS","Fantome_Island","ACS","30m",150,0.027132093189298,0.142343845313949,-1.56651669995404
"30m_ACS_12_3",384,256,9.80069961408151,"12_3_ACS","Fantome_Island","ACS","30m",150,0.0382839828675059,0.443373840977931,-1.41698288679383
"30m_ACS_12_3",768,512,5.36737473738312,"12_3_ACS","Fantome_Island","ACS","30m",150,0.0104831537839514,0.744403836641912,-1.97950804321884
"30m_ACS_12_4",24,16,0.479853953824677,"12_4_ACS","Fantome_Island","ACS","30m",150,0.0299908721140423,-0.760746141677994,-1.52301090507044
"30m_ACS_12_4",48,32,1.319616,"12_4_ACS","Fantome_Island","ACS","30m",150,0.041238,-0.459716146014013,-1.3847024057073
"30m_ACS_12_4",96,64,0.954948027381614,"12_4_ACS","Fantome_Island","ACS","30m",150,0.0149210629278377,-0.158686150350032,-1.8262002380395
"30m_ACS_12_4",192,128,36.2435070714961,"12_4_ACS","Fantome_Island","ACS","30m",150,0.283152398996063,0.142343845313949,-0.547979754481249
"30m_ACS_12_4",384,256,41.9249100677839,"12_4_ACS","Fantome_Island","ACS","30m",150,0.163769179952281,0.443373840977931,-0.78576782562841
"30m_ACS_12_4",768,512,4.91445313198141,"12_4_ACS","Fantome_Island","ACS","30m",150,0.00959854127340119,0.744403836641912,-2.0177947633197
"30m_ACS_12_4",3072,2048,18.221084164788,"12_4_ACS","Fantome_Island","ACS","30m",150,0.00889701375233787,1.34646382796987,-2.05075573813132
"30m_ACS_13_1",24,16,0.209497358857085,"13_1_ACS","Fantome_Island","ACS","30m",150,0.0130935849285678,-0.760746141677994,-1.88294143048976
"30m_ACS_13_1",48,32,2.43574951824257,"13_1_ACS","Fantome_Island","ACS","30m",150,0.0761171724450802,-0.459716146014013,-1.11851735299546
"30m_ACS_13_1",96,64,0.477474013690807,"13_1_ACS","Fantome_Island","ACS","30m",150,0.00746053146391886,-0.158686150350032,-2.12723023370348
"30m_ACS_13_1",192,128,29.232405858764,"13_1_ACS","Fantome_Island","ACS","30m",150,0.228378170771594,0.142343845313949,-0.641345409911777
"30m_ACS_13_1",384,256,6.9515648,"13_1_ACS","Fantome_Island","ACS","30m",150,0.02715455,0.443373840977931,-1.56615738985667
"30m_ACS_13_1",768,512,6.38757546666667,"13_1_ACS","Fantome_Island","ACS","30m",150,0.0124757333333333,0.744403836641912,-1.90393391678597
"30m_ACS_13_1",1536,1024,10.6963818666667,"13_1_ACS","Fantome_Island","ACS","30m",150,0.0104456854166667,1.04543383230589,-1.98106305755924
"30m_ACS_13_2",24,16,0.718225696063443,"13_2_ACS","Fantome_Island","ACS","30m",150,0.0448891060039652,-0.760746141677994,-1.34785904377213
"30m_ACS_13_2",48,32,3.05740864090245,"13_2_ACS","Fantome_Island","ACS","30m",150,0.0955440200282015,-0.459716146014013,-1.01979648966628
"30m_ACS_13_2",96,64,0.478677065975023,"13_2_ACS","Fantome_Island","ACS","30m",150,0.00747932915585973,-0.158686150350032,-2.12613735360261
"30m_ACS_13_2",192,128,16.3017249900077,"13_2_ACS","Fantome_Island","ACS","30m",150,0.127357226484435,0.142343845313949,-0.89497640732956
"30m_ACS_13_2",384,256,4.59189660115045,"13_2_ACS","Fantome_Island","ACS","30m",150,0.0179370960982439,0.443373840977931,-1.74624786511518
"30m_ACS_13_2",1536,1024,11.1643465984357,"13_2_ACS","Fantome_Island","ACS","30m",150,0.0109026822250349,1.04543383230589,-1.96246664589134
"30m_ACS_13_3",24,16,0.180622975475405,"13_3_ACS","Fantome_Island","ACS","30m",150,0.0112889359672128,-0.760746141677994,-1.94734699034651
"30m_ACS_13_3",48,32,2.50720428864435,"13_3_ACS","Fantome_Island","ACS","30m",150,0.078350134020136,-0.459716146014013,-1.10596025632167
"30m_ACS_13_3",96,64,21.3431546646576,"13_3_ACS","Fantome_Island","ACS","30m",150,0.333486791635276,-0.158686150350032,-0.476921362447618
"30m_ACS_13_3",192,128,6.6060261241645,"13_3_ACS","Fantome_Island","ACS","30m",150,0.0516095790950351,0.142343845313949,-1.28726968282986
"30m_ACS_13_4",24,16,0.156262096437138,"13_4_ACS","Fantome_Island","ACS","30m",150,0.00976638102732116,-0.760746141677994,-2.01026633607944
"30m_ACS_13_4",48,32,1.54698261363415,"13_4_ACS","Fantome_Island","ACS","30m",150,0.0483432066760672,-0.459716146014013,-1.31566454558058
"30m_ACS_13_4",96,64,2.13945282307764,"13_4_ACS","Fantome_Island","ACS","30m",150,0.033428950360588,-0.158686150350032,-1.47587725965515
"30m_ACS_13_4",192,128,28.703745920105,"13_4_ACS","Fantome_Island","ACS","30m",150,0.224248015000821,0.142343845313949,-0.649271392555913
"30m_ACS_13_4",384,256,4.59189660115045,"13_4_ACS","Fantome_Island","ACS","30m",150,0.0179370960982439,0.443373840977931,-1.74624786511518
"30m_ACS_13_4",3072,2048,18.221084164788,"13_4_ACS","Fantome_Island","ACS","30m",150,0.00889701375233787,1.34646382796987,-2.05075573813132
"30m_ACS_14_1",24,16,0.137303479299065,"14_1_ACS","Fantome_Island","ACS","30m",150,0.00858146745619159,-0.760746141677994,-2.06643844016615
"30m_ACS_14_1",48,32,0.928465755466557,"14_1_ACS","Fantome_Island","ACS","30m",150,0.0290145548583299,-0.459716146014013,-1.53738408799981
"30m_ACS_14_1",96,64,20.822961837486,"14_1_ACS","Fantome_Island","ACS","30m",150,0.325358778710719,-0.158686150350032,-0.487637470798302
"30m_ACS_14_1",192,128,3.12525254544743,"14_1_ACS","Fantome_Island","ACS","30m",150,0.024416035511308,0.142343845313949,-1.61232485207573
"30m_ACS_14_1",768,512,4.27917653333333,"14_1_ACS","Fantome_Island","ACS","30m",150,0.00835776666666667,0.744403836641912,-2.07790975771903
"30m_ACS_14_2",24,16,0.583038517643814,"14_2_ACS","Fantome_Island","ACS","30m",150,0.0364399073527384,-0.760746141677994,-1.43842273587702
"30m_ACS_14_2",48,32,1.38320978174905,"14_2_ACS","Fantome_Island","ACS","30m",150,0.0432253056796577,-0.459716146014013,-1.3642619268101
"30m_ACS_14_2",96,64,6.85815357032441,"14_2_ACS","Fantome_Island","ACS","30m",150,0.107158649536319,-0.158686150350032,-0.969972768212582
"30m_ACS_14_2",192,128,7.90201162193598,"14_2_ACS","Fantome_Island","ACS","30m",150,0.0617344657963748,0.142343845313949,-1.20947230556048
"30m_ACS_14_2",768,512,6.38757546666667,"14_2_ACS","Fantome_Island","ACS","30m",150,0.0124757333333333,0.744403836641912,-1.90393391678597
"30m_ACS_14_3",24,16,0.899102729560881,"14_3_ACS","Fantome_Island","ACS","30m",150,0.0561939205975551,-0.760746141677994,-1.25031066652612
"30m_ACS_14_3",48,32,0.75358115000408,"14_3_ACS","Fantome_Island","ACS","30m",150,0.0235494109376275,-0.459716146014013,-1.62801995179358
"30m_ACS_14_3",96,64,14.0698389005638,"14_3_ACS","Fantome_Island","ACS","30m",150,0.219841232821309,-0.158686150350032,-0.657890849185726
"30m_ACS_14_3",192,128,2.44559282363805,"14_3_ACS","Fantome_Island","ACS","30m",150,0.0191061939346723,0.142343845313949,-1.71882581832425
"30m_ACS_14_3",384,256,2.22498587637788,"14_3_ACS","Fantome_Island","ACS","30m",150,0.00869135107960111,0.443373840977931,-2.0609127067727
"30m_ACS_14_4",24,16,1.18786532150307,"14_4_ACS","Fantome_Island","ACS","30m",150,0.0742415825939421,-0.760746141677994,-1.12935277891621
"30m_ACS_14_4",48,32,1.99592664436745,"14_4_ACS","Fantome_Island","ACS","30m",150,0.0623727076364829,-0.459716146014013,-1.20500540255686
"30m_ACS_14_4",96,64,11.243679616591,"14_4_ACS","Fantome_Island","ACS","30m",150,0.175682494009234,-0.158686150350032,-0.755271511890976
"30m_ACS_14_4",192,128,0.913674950083786,"14_4_ACS","Fantome_Island","ACS","30m",150,0.00713808554752958,0.142343845313949,-2.14641825147739
"30m_ACS_15_1",24,16,1.51494130202602,"15_1_ACS","Orpheus_Island","ACS","30m",150,0.0946838313766265,-0.760746141677994,-1.02372417668232
"30m_ACS_15_1",48,32,0.648791645526516,"15_1_ACS","Orpheus_Island","ACS","30m",150,0.0202747389227036,-0.459716146014013,-1.69304472947978
"30m_ACS_15_1",96,64,12.5425306916051,"15_1_ACS","Orpheus_Island","ACS","30m",150,0.19597704205633,-0.158686150350032,-0.707794801563076
"30m_ACS_15_1",192,128,17.6607401593344,"15_1_ACS","Orpheus_Island","ACS","30m",150,0.1379745324948,0.142343845313949,-0.860201068799373
"30m_ACS_15_1",384,256,6.883576896622,"15_1_ACS","Orpheus_Island","ACS","30m",150,0.0268889722524297,0.443373840977931,-1.57042579701911
"30m_ACS_15_1",768,512,17.0472082746601,"15_1_ACS","Orpheus_Island","ACS","30m",150,0.0332953286614454,0.744403836641912,-1.47761669378697
"30m_ACS_15_2",24,16,3.56248318826638,"15_2_ACS","Orpheus_Island","ACS","30m",150,0.222655199266649,-0.760746141677994,-0.652367159115953
"30m_ACS_15_2",48,32,3.23671676316372,"15_2_ACS","Orpheus_Island","ACS","30m",150,0.101147398848866,-0.459716146014013,-0.995045281258074
"30m_ACS_15_2",96,64,3.66737034780562,"15_2_ACS","Orpheus_Island","ACS","30m",150,0.0573026616844628,-0.158686150350032,-1.2418252047686
"30m_ACS_15_2",192,128,4.68787881817114,"15_2_ACS","Orpheus_Island","ACS","30m",150,0.036624053266962,0.142343845313949,-1.43623359302004
"30m_ACS_15_2",768,512,3.8799651421159,"15_2_ACS","Orpheus_Island","ACS","30m",150,0.00757805691819511,0.744403836641912,-2.12044213709676
"30m_ACS_15_3",24,16,2.49521521262856,"15_3_ACS","Orpheus_Island","ACS","30m",150,0.155950950789285,-0.760746141677994,-0.807011973126899
"30m_ACS_15_3",48,32,2.57323479285018,"15_3_ACS","Orpheus_Island","ACS","30m",150,0.080413587276568,-0.459716146014013,-1.09467056343213
"30m_ACS_15_3",96,64,9.45381935129578,"15_3_ACS","Orpheus_Island","ACS","30m",150,0.147715927363997,-0.158686150350032,-0.830572674672057
"30m_ACS_15_3",192,128,5.44358409036974,"15_3_ACS","Orpheus_Island","ACS","30m",150,0.0425280007060136,0.142343845313949,-1.37132503352758
"30m_ACS_15_3",384,256,3.21538621443048,"15_3_ACS","Orpheus_Island","ACS","30m",150,0.0125601024001191,0.443373840977931,-1.90100681986432
"30m_ACS_15_4",24,16,3.26109677629304,"15_4_ACS","Orpheus_Island","ACS","30m",150,0.203818548518315,-0.760746141677994,-0.690756295537669
"30m_ACS_15_4",48,32,10.1477249958776,"15_4_ACS","Orpheus_Island","ACS","30m",150,0.317116406121175,-0.459716146014013,-0.498781289024368
"30m_ACS_15_4",96,64,36.8493233205438,"15_4_ACS","Orpheus_Island","ACS","30m",150,0.575770676883496,-0.158686150350032,-0.239750456845863
"30m_ACS_15_4",192,128,9.27377378686816,"15_4_ACS","Orpheus_Island","ACS","30m",150,0.0724513577099075,0.142343845313949,-1.13995347160901
"30m_ACS_15_4",384,256,4.44997175275577,"15_4_ACS","Orpheus_Island","ACS","30m",150,0.0173827021592022,0.443373840977931,-1.75988271110872
"30m_ACS_16_1",24,16,1.23138240123373,"16_1_ACS","Orpheus_Island","ACS","30m",150,0.0769614000771082,-0.760746141677994,-1.11372704023958
"30m_ACS_16_1",48,32,4.2616098987629,"16_1_ACS","Orpheus_Island","ACS","30m",150,0.133175309336341,-0.459716146014013,-0.875576285773395
"30m_ACS_16_1",96,64,19.0529687154604,"16_1_ACS","Orpheus_Island","ACS","30m",150,0.297702636179069,-0.158686150350032,-0.526217319626188
"30m_ACS_16_1",192,128,9.47445767933906,"16_1_ACS","Orpheus_Island","ACS","30m",150,0.0740192006198364,0.142343845313949,-1.13065560943638
"30m_ACS_16_1",384,256,32.0034761569246,"16_1_ACS","Orpheus_Island","ACS","30m",150,0.125013578737987,0.443373840977931,-0.903042812186363
"30m_ACS_16_1",768,512,12.9525680460738,"16_1_ACS","Orpheus_Island","ACS","30m",150,0.0252979844649879,0.744403836641912,-1.59691407845275
"30m_ACS_16_1",1536,1024,44.546123661877,"16_1_ACS","Orpheus_Island","ACS","30m",150,0.0435020738885518,1.04543383230589,-1.36149003828939
"30m_ACS_16_2",24,16,2.04768165487453,"16_2_ACS","Orpheus_Island","ACS","30m",150,0.127980103429658,-0.760746141677994,-0.892857543183089
"30m_ACS_16_2",48,32,2.78423258393427,"16_2_ACS","Orpheus_Island","ACS","30m",150,0.0870072682479459,-0.459716146014013,-1.06044446659829
"30m_ACS_16_2",96,64,16.0038816178509,"16_2_ACS","Orpheus_Island","ACS","30m",150,0.25006065027892,-0.158686150350032,-0.601954643780318
"30m_ACS_16_2",192,128,8.66686613601716,"16_2_ACS","Orpheus_Island","ACS","30m",150,0.0677098916876341,0.142343845313949,-1.16934788092271
"30m_ACS_16_2",384,256,5.1624512556896,"16_2_ACS","Orpheus_Island","ACS","30m",150,0.0201658252175375,0.443373840977931,-1.69538400127402
"30m_ACS_16_2",768,512,6.22836580408612,"16_2_ACS","Orpheus_Island","ACS","30m",150,0.0121647769611057,0.744403836641912,-1.91489584936769
"30m_ACS_16_2",1536,1024,7.43721397658942,"16_2_ACS","Orpheus_Island","ACS","30m",150,0.00726290427401311,1.04543383230589,-2.13888967985648
"30m_ACS_16_2",3072,2048,15.1751346458018,"16_2_ACS","Orpheus_Island","ACS","30m",150,0.00740973371377041,1.34646382796987,-2.13019739913513
"30m_ACS_16_3",24,16,0.689057153824677,"16_3_ACS","Orpheus_Island","ACS","30m",150,0.0430660721140423,-0.760746141677994,-1.36586473671167
"30m_ACS_16_3",48,32,0.478155501526969,"16_3_ACS","Orpheus_Island","ACS","30m",150,0.0149423594227178,-0.459716146014013,-1.8255808213049
"30m_ACS_16_3",96,64,0.798402487426913,"16_3_ACS","Orpheus_Island","ACS","30m",150,0.0124750388660455,-0.158686150350032,-1.90395809265585
"30m_ACS_16_3",768,512,6.2057316869097,"16_3_ACS","Orpheus_Island","ACS","30m",150,0.0121205697009955,0.744403836641912,-1.9164769666232
"30m_ACS_16_3",1536,1024,11.574733041057,"16_3_ACS","Orpheus_Island","ACS","30m",150,0.0113034502354072,1.04543383230589,-1.94678897337598
"30m_ACS_16_4",48,32,1.5609740774182,"16_4_ACS","Orpheus_Island","ACS","30m",150,0.0487804399193187,-0.459716146014013,-1.31175428738286
"30m_ACS_16_4",96,64,2.74056254654945,"16_4_ACS","Orpheus_Island","ACS","30m",150,0.0428212897898352,-0.158686150350032,-1.36834025576712
"30m_ACS_16_4",192,128,4.48391111922291,"16_4_ACS","Orpheus_Island","ACS","30m",150,0.035030555618929,0.142343845313949,-1.45555297429175
"30m_ACS_16_4",384,256,5.34255000469384,"16_4_ACS","Orpheus_Island","ACS","30m",150,0.0208693359558353,0.443373840977931,-1.68049136958834
"30m_ACS_16_4",768,512,7.75993028423179,"16_4_ACS","Orpheus_Island","ACS","30m",150,0.0151561138363902,0.744403836641912,-1.81941214143278
"30m_ACS_16_4",1536,1024,34.724199123171,"16_4_ACS","Orpheus_Island","ACS","30m",150,0.0339103507062216,1.04543383230589,-1.46966771865632
"30m_HFY_11_1",24,16,0.9370950259256,"11_1_HFY","Orpheus_Island","HFY","30m",150,0.05856843912035,-0.760746141677994,-1.23233634999375
"30m_HFY_11_1",48,32,0.223833245526516,"11_1_HFY","Orpheus_Island","HFY","30m",150,0.00699478892270362,-0.459716146014013,-2.15522538640277
"30m_HFY_11_1",192,128,1.15314112004976,"11_1_HFY","Orpheus_Island","HFY","30m",150,0.00900891500038875,0.142343845313949,-2.04532751065448
"30m_HFY_11_1",384,256,6.10864040924208,"11_1_HFY","Orpheus_Island","HFY","30m",150,0.0238618765986019,0.443373840977931,-1.62229540457308
"30m_HFY_11_2",12,8,0.292886420644616,"11_2_HFY","Orpheus_Island","HFY","30m",150,0.036610802580577,-1.06177613734198,-1.43639075042753
"30m_HFY_11_2",24,16,1.63192561564967,"11_2_HFY","Orpheus_Island","HFY","30m",150,0.101995350978104,-0.760746141677994,-0.991419623243667
"30m_HFY_11_2",48,32,1.2241448750102,"11_2_HFY","Orpheus_Island","HFY","30m",150,0.0382545273440688,-0.459716146014013,-1.4173171596164
"30m_HFY_11_2",96,64,0.620924791700657,"11_2_HFY","Orpheus_Island","HFY","30m",150,0.00970194987032277,-0.158686150350032,-2.01314097369042
"30m_HFY_11_2",384,256,2.38968314602156,"11_2_HFY","Orpheus_Island","HFY","30m",150,0.00933469978914673,0.443373840977931,-2.02989964472224
"30m_HFY_11_3",24,16,2.04010855000171,"11_3_HFY","Orpheus_Island","HFY","30m",150,0.127506784375107,-0.760746141677994,-0.894466706694462
"30m_HFY_11_3",48,32,0.910009620544577,"11_3_HFY","Orpheus_Island","HFY","30m",150,0.028437800642018,-0.459716146014013,-1.54610399465009
"30m_HFY_11_3",96,64,0.5781456,"11_3_HFY","Orpheus_Island","HFY","30m",150,0.009033525,-0.158686150350032,-2.0441427492077
"30m_HFY_11_3",192,128,4.65682669662161,"11_3_HFY","Orpheus_Island","HFY","30m",150,0.0363814585673563,0.142343845313949,-1.43911989364372
"30m_HFY_11_3",384,256,25.6384845112337,"11_3_HFY","Orpheus_Island","HFY","30m",150,0.100150330122007,0.443373840977931,-0.999347614818437
"30m_HFY_11_3",768,512,4.91445313198141,"11_3_HFY","Orpheus_Island","HFY","30m",150,0.00959854127340119,0.744403836641912,-2.0177947633197
"30m_HFY_11_3",1536,1024,10.6963818666667,"11_3_HFY","Orpheus_Island","HFY","30m",150,0.0104456854166667,1.04543383230589,-1.98106305755924
"30m_HFY_11_4",24,16,0.358818689174636,"11_4_HFY","Orpheus_Island","HFY","30m",150,0.0224261680734148,-0.760746141677994,-1.64924492734175
"30m_HFY_11_4",48,32,1.2473131914477,"11_4_HFY","Orpheus_Island","HFY","30m",150,0.0389785372327405,-0.459716146014013,-1.40917446290103
"30m_HFY_11_4",96,64,0.578636392550891,"11_4_HFY","Orpheus_Island","HFY","30m",150,0.00904119363360768,-0.158686150350032,-2.04377422945069
"30m_HFY_11_4",192,128,15.3776123994856,"11_4_HFY","Orpheus_Island","HFY","30m",150,0.120137596870981,0.142343845313949,-0.920321059554556
"30m_HFY_11_4",384,256,12.4203049474148,"11_4_HFY","Orpheus_Island","HFY","30m",150,0.0485168162008392,0.443373840977931,-1.31410770639933
"30m_HFY_11_4",768,512,13.6089043559369,"11_4_HFY","Orpheus_Island","HFY","30m",150,0.0265798913201893,0.744403836641912,-1.57544679913214
"30m_HFY_12_1",12,8,0.0976288068815386,"12_1_HFY","Fantome_Island","HFY","30m",150,0.0122036008601923,-1.06177613734198,-1.91351200514719
"30m_HFY_12_1",24,16,1.21211184223001,"12_1_HFY","Fantome_Island","HFY","30m",150,0.0757569901393755,-0.760746141677994,-1.12057728838476
"30m_HFY_12_1",48,32,2.88526496926021,"12_1_HFY","Fantome_Island","HFY","30m",150,0.0901645302893816,-0.459716146014013,-1.04496427541968
"30m_HFY_12_1",96,64,26.0680104428623,"12_1_HFY","Fantome_Island","HFY","30m",150,0.407312663169723,-0.158686150350032,-0.390072087681632
"30m_HFY_12_1",192,128,15.8649628258965,"12_1_HFY","Fantome_Island","HFY","30m",150,0.123945022077316,0.142343845313949,-0.906770910830533
"30m_HFY_12_2",12,8,0.0976288068815386,"12_2_HFY","Fantome_Island","HFY","30m",150,0.0122036008601923,-1.06177613734198,-1.91351200514719
"30m_HFY_12_2",24,16,2.09407071354873,"12_2_HFY","Fantome_Island","HFY","30m",150,0.130879419596796,-0.760746141677994,-0.883128639608479
"30m_HFY_12_2",48,32,3.4941266034409,"12_2_HFY","Fantome_Island","HFY","30m",150,0.109191456357528,-0.459716146014013,-0.961811341502515
"30m_HFY_12_2",96,64,12.0164969580717,"12_2_HFY","Fantome_Island","HFY","30m",150,0.18775776496987,-0.158686150350032,-0.726402093131607
"30m_HFY_12_2",192,128,2.71809070016757,"12_2_HFY","Fantome_Island","HFY","30m",150,0.0212350835950592,0.142343845313949,-1.67294602500523
"30m_HFY_12_3",12,8,0.195257613763077,"12_3_HFY","Fantome_Island","HFY","30m",150,0.0244072017203846,-1.06177613734198,-1.61248200948321
"30m_HFY_12_3",24,16,1.93702323667063,"12_3_HFY","Fantome_Island","HFY","30m",150,0.121063952291915,-0.760746141677994,-0.916985152077596
"30m_HFY_12_3",48,32,5.32327422605217,"12_3_HFY","Fantome_Island","HFY","30m",150,0.16635231956413,-0.459716146014013,-0.778971139088041
"30m_HFY_12_3",96,64,10.9601350880949,"12_3_HFY","Fantome_Island","HFY","30m",150,0.171252110751484,-0.158686150350032,-0.766364066947521
"30m_HFY_12_3",192,128,1.01721950564066,"12_3_HFY","Fantome_Island","HFY","30m",150,0.00794702738781766,0.142343845313949,-2.0997952902727
"30m_HFY_12_4",24,16,0.629469442999314,"12_4_HFY","Fantome_Island","HFY","30m",150,0.0393418401874571,-0.760746141677994,-1.40514533011655
"30m_HFY_12_4",48,32,6.53471581092126,"12_4_HFY","Fantome_Island","HFY","30m",150,0.20420986909129,-0.459716146014013,-0.689923273080072
"30m_HFY_12_4",96,64,54.3370558726533,"12_4_HFY","Fantome_Island","HFY","30m",150,0.849016498010208,-0.158686150350032,-0.0710838705037737
"30m_HFY_12_4",192,128,4.68787881817114,"12_4_HFY","Fantome_Island","HFY","30m",150,0.036624053266962,0.142343845313949,-1.43623359302004
"30m_HFY_12_4",384,256,3.211690368207,"12_4_HFY","Fantome_Island","HFY","30m",150,0.0125456655008086,0.443373840977931,-1.90150629603427
"30m_HFY_13_1",24,16,0.308431559045683,"13_1_HFY","Fantome_Island","HFY","30m",150,0.0192769724403552,-0.760746141677994,-1.71496117352938
"30m_HFY_13_1",48,32,2.12518675449985,"13_1_HFY","Fantome_Island","HFY","30m",150,0.0664120860781203,-0.459716146014013,-1.17775287787006
"30m_HFY_13_1",96,64,20.3052189279018,"13_1_HFY","Fantome_Island","HFY","30m",150,0.317269045748466,-0.158686150350032,-0.498572297632979
"30m_HFY_13_1",192,128,3.12525254544743,"13_1_HFY","Fantome_Island","HFY","30m",150,0.024416035511308,0.142343845313949,-1.61232485207573
"30m_HFY_13_1",768,512,3.42316373333333,"13_1_HFY","Fantome_Island","HFY","30m",150,0.00668586666666667,0.744403836641912,-2.1748422886032
"30m_HFY_13_2",24,16,2.49532037806404,"13_2_HFY","Fantome_Island","HFY","30m",150,0.155957523629002,-0.760746141677994,-0.806993669372727
"30m_HFY_13_2",48,32,3.8865451914477,"13_2_HFY","Fantome_Island","HFY","30m",150,0.121454537232741,-0.459716146014013,-0.915586256418048
"30m_HFY_13_2",192,128,4.49957230016757,"13_2_HFY","Fantome_Island","HFY","30m",150,0.0351529085950592,0.142343845313949,-1.45403873509582
"30m_HFY_13_2",384,256,9.45338479058242,"13_2_HFY","Fantome_Island","HFY","30m",150,0.0369272843382126,0.443373840977931,-1.43265262953545
"30m_HFY_13_2",1536,1024,6.956324309388,"13_2_HFY","Fantome_Island","HFY","30m",150,0.00679328545838672,1.04543383230589,-2.16792013568199
"30m_HFY_13_3",12,8,0.195257613763077,"13_3_HFY","Fantome_Island","HFY","30m",150,0.0244072017203846,-1.06177613734198,-1.61248200948321
"30m_HFY_13_3",24,16,2.03499311943826,"13_3_HFY","Fantome_Island","HFY","30m",150,0.127187069964891,-0.760746141677994,-0.895557037495201
"30m_HFY_13_3",48,32,3.52117965449169,"13_3_HFY","Fantome_Island","HFY","30m",150,0.110036864202865,-0.459716146014013,-0.958461794498246
"30m_HFY_13_3",96,64,1.79135682584825,"13_3_HFY","Fantome_Island","HFY","30m",150,0.0279899504038789,-0.158686150350032,-1.55299787107084
"30m_HFY_13_3",192,128,7.21887269846835,"13_3_HFY","Fantome_Island","HFY","30m",150,0.056397442956784,0.142343845313949,-1.24874058635236
"30m_HFY_13_3",768,512,26.5197679136147,"13_3_HFY","Fantome_Island","HFY","30m",150,0.0517964217062787,0.744403836641912,-1.28570024193229
"30m_HFY_13_3",1536,1024,10.4254646561901,"13_3_HFY","Fantome_Island","HFY","30m",150,0.0101811178283106,1.04543383230589,-1.9922045363396
"30m_HFY_13_4",12,8,0.195257613763077,"13_4_HFY","Fantome_Island","HFY","30m",150,0.0244072017203846,-1.06177613734198,-1.61248200948321
"30m_HFY_13_4",24,16,0.581305385100423,"13_4_HFY","Fantome_Island","HFY","30m",150,0.0363315865687765,-0.760746141677994,-1.43971563646099
"30m_HFY_13_4",48,32,2.12225824706886,"13_4_HFY","Fantome_Island","HFY","30m",150,0.066320570220902,-0.459716146014013,-1.17835174839978
"30m_HFY_13_4",96,64,2.74888309074249,"13_4_HFY","Fantome_Island","HFY","30m",150,0.0429512982928515,-0.158686150350032,-1.36702370417501
"30m_HFY_13_4",192,128,28.959044087441,"13_4_HFY","Fantome_Island","HFY","30m",150,0.226242531933133,0.142343845313949,-0.645425747564793
"30m_HFY_13_4",384,256,2.17617493333333,"13_4_HFY","Fantome_Island","HFY","30m",150,0.00850068333333333,0.443373840977931,-2.07054616181892
"30m_HFY_13_4",768,512,12.7653433826408,"13_4_HFY","Fantome_Island","HFY","30m",150,0.0249323112942203,0.744403836641912,-1.60323745933025
"30m_HFY_13_4",1536,1024,24.9359579625004,"13_4_HFY","Fantome_Island","HFY","30m",150,0.0243515214477543,1.04543383230589,-1.61347389951209
"30m_HFY_13_4",6144,4096,30.0247169743873,"13_4_HFY","Fantome_Island","HFY","30m",150,0.00733025316757503,1.64749382363386,-2.13488102571602
"30m_HFY_14_1",12,8,0.0976288068815386,"14_1_HFY","Fantome_Island","HFY","30m",150,0.0122036008601923,-1.06177613734198,-1.91351200514719
"30m_HFY_14_1",24,16,0.891478755870321,"14_1_HFY","Fantome_Island","HFY","30m",150,0.0557174222418951,-0.760746141677994,-1.25400898435176
"30m_HFY_14_1",48,32,3.35625656363823,"14_1_HFY","Fantome_Island","HFY","30m",150,0.104883017613695,-0.459716146014013,-0.979294825950666
"30m_HFY_14_1",96,64,39.2508158576332,"14_1_HFY","Fantome_Island","HFY","30m",150,0.613293997775518,-0.158686150350032,-0.212331285672408
"30m_HFY_14_1",192,128,3.03816401675045,"14_1_HFY","Fantome_Island","HFY","30m",150,0.0237356563808629,0.142343845313949,-1.62459875389105
"30m_HFY_14_1",768,512,4.27917653333333,"14_1_HFY","Fantome_Island","HFY","30m",150,0.00835776666666667,0.744403836641912,-2.07790975771903
"30m_HFY_14_2",12,8,0.195257613763077,"14_2_HFY","Fantome_Island","HFY","30m",150,0.0244072017203846,-1.06177613734198,-1.61248200948321
"30m_HFY_14_2",24,16,0.164261505364203,"14_2_HFY","Fantome_Island","HFY","30m",150,0.0102663440852627,-0.760746141677994,-1.98858418408201
"30m_HFY_14_2",48,32,3.98318273083466,"14_2_HFY","Fantome_Island","HFY","30m",150,0.124474460338583,-0.459716146014013,-0.9049197479405
"30m_HFY_14_2",96,64,2.23915442738161,"14_2_HFY","Fantome_Island","HFY","30m",150,0.0349867879278377,-0.158686150350032,-1.45609592745848
"30m_HFY_14_2",192,128,5.41106115479615,"14_2_HFY","Fantome_Island","HFY","30m",150,0.0422739152718449,0.142343845313949,-1.37392752737294
"30m_HFY_14_2",384,256,5.49188574773839,"14_2_HFY","Fantome_Island","HFY","30m",150,0.0214526787021031,0.443373840977931,-1.66851847164205
"30m_HFY_14_3",24,16,1.15190310144208,"14_3_HFY","Fantome_Island","HFY","30m",150,0.07199394384013,-0.760746141677994,-1.14270403506088
"30m_HFY_14_3",48,32,3.69357559153768,"14_3_HFY","Fantome_Island","HFY","30m",150,0.115424237235552,-0.459716146014013,-0.937702986739872
"30m_HFY_14_3",96,64,1.42410570912936,"14_3_HFY","Fantome_Island","HFY","30m",150,0.0222516517051462,-0.158686150350032,-1.65263774648947
"30m_HFY_14_3",192,128,71.6100948345958,"14_3_HFY","Fantome_Island","HFY","30m",150,0.55945386589528,0.142343845313949,-0.252235720776717
"30m_HFY_14_3",384,256,2.07565013333333,"14_3_HFY","Fantome_Island","HFY","30m",150,0.00810800833333333,0.443373840977931,-2.09108581361509
"30m_HFY_14_4",24,16,1.07772687694845,"14_4_HFY","Fantome_Island","HFY","30m",150,0.0673579298092782,-0.760746141677994,-1.17161126898796
"30m_HFY_14_4",48,32,6.10665796365456,"14_4_HFY","Fantome_Island","HFY","30m",150,0.190833061364205,-0.459716146014013,-0.719346382649794
"30m_HFY_14_4",96,64,4.0413288909966,"14_4_HFY","Fantome_Island","HFY","30m",150,0.0631457639218219,-0.158686150350032,-1.1996557783958
"30m_HFY_14_4",384,256,2.03621346974736,"14_4_HFY","Fantome_Island","HFY","30m",150,0.00795395886620062,0.443373840977931,-2.09941665929274
"30m_HFY_14_4",768,512,14.7433593959442,"14_4_HFY","Fantome_Island","HFY","30m",150,0.0287956238202036,0.744403836641912,-1.54067350860004
"30m_HFY_14_4",3072,2048,43.1161344,"14_4_HFY","Fantome_Island","HFY","30m",150,0.0210528,1.34646382796987,-1.67669013528291
"30m_HFY_15_1",24,16,0.976722178349273,"15_1_HFY","Orpheus_Island","HFY","30m",150,0.0610451361468296,-0.760746141677994,-1.2143489333365
"30m_HFY_15_1",48,32,2.51757203585344,"15_1_HFY","Orpheus_Island","HFY","30m",150,0.07867412612042,-0.459716146014013,-1.10416807235103
"30m_HFY_15_1",96,64,5.9076673347871,"15_1_HFY","Orpheus_Island","HFY","30m",150,0.0923073021060484,-0.158686150350032,-1.03476394210598
"30m_HFY_15_1",192,128,74.4151262516623,"15_1_HFY","Orpheus_Island","HFY","30m",150,0.581368173841112,0.142343845313949,-0.235548746737433
"30m_HFY_15_1",384,256,8.60127201942244,"15_1_HFY","Orpheus_Island","HFY","30m",150,0.0335987188258689,0.443373840977931,-1.47367728265372
"30m_HFY_15_1",768,512,40.4146777330454,"15_1_HFY","Orpheus_Island","HFY","30m",150,0.0789349174473544,0.744403836641912,-1.10273084089503
"30m_HFY_15_1",3072,2048,53.9933099766585,"15_1_HFY","Orpheus_Island","HFY","30m",150,0.0263639208870403,1.34646382796987,-1.57899000026254
"30m_HFY_15_2",12,8,0.0976288068815386,"15_2_HFY","Orpheus_Island","HFY","30m",150,0.0122036008601923,-1.06177613734198,-1.91351200514719
"30m_HFY_15_2",24,16,1.26649385762243,"15_2_HFY","Orpheus_Island","HFY","30m",150,0.079155866101402,-0.760746141677994,-1.10151689481215
"30m_HFY_15_2",48,32,1.14800060936112,"15_2_HFY","Orpheus_Island","HFY","30m",150,0.0358750190425349,-0.459716146014013,-1.44520785973347
"30m_HFY_15_2",96,64,11.2370226225731,"15_2_HFY","Orpheus_Island","HFY","30m",150,0.175578478477705,-0.158686150350032,-0.755528718789744
"30m_HFY_15_2",192,128,7.07275084254159,"15_2_HFY","Orpheus_Island","HFY","30m",150,0.0552558659573561,0.142343845313949,-1.25762161053548
"30m_HFY_15_2",384,256,21.0203748953632,"15_2_HFY","Orpheus_Island","HFY","30m",150,0.0821108394350126,0.443373840977931,-1.08559950797093
"30m_HFY_15_2",768,512,34.7661563046653,"15_2_HFY","Orpheus_Island","HFY","30m",150,0.0679026490325493,0.744403836641912,-1.16811328260054
"30m_HFY_15_3",24,16,0.4605696,"15_3_HFY","Orpheus_Island","HFY","30m",150,0.0287856,-0.760746141677994,-1.54082471378663
"30m_HFY_15_3",48,32,2.62353368239361,"15_3_HFY","Orpheus_Island","HFY","30m",150,0.0819854275748003,-0.459716146014013,-1.08626333403416
"30m_HFY_15_3",96,64,8.36711589427874,"15_3_HFY","Orpheus_Island","HFY","30m",150,0.130736185848105,-0.158686150350032,-0.883604189473236
"30m_HFY_15_3",192,128,7.89042548674511,"15_3_HFY","Orpheus_Island","HFY","30m",150,0.0616439491151962,0.142343845313949,-1.21010954672195
"30m_HFY_15_3",384,256,6.48228608579099,"15_3_HFY","Orpheus_Island","HFY","30m",150,0.025321430022621,0.443373840977931,-1.59651177126937
"30m_HFY_15_3",1536,1024,10.6963818666667,"15_3_HFY","Orpheus_Island","HFY","30m",150,0.0104456854166667,1.04543383230589,-1.98106305755924
"30m_HFY_15_4",24,16,0.424914178349273,"15_4_HFY","Orpheus_Island","HFY","30m",150,0.0265571361468296,-0.760746141677994,-1.57581875997752
"30m_HFY_15_4",48,32,0.2639232,"15_4_HFY","Orpheus_Island","HFY","30m",150,0.0082476,-0.459716146014013,-2.08367241004332
"30m_HFY_15_4",96,64,9.2211204313941,"15_4_HFY","Orpheus_Island","HFY","30m",150,0.144080006740533,-0.158686150350032,-0.84139627987081
"30m_HFY_15_4",192,128,14.9912852830947,"15_4_HFY","Orpheus_Island","HFY","30m",150,0.117119416274178,0.142343845313949,-0.93137110081382
"30m_HFY_15_4",384,256,9.28664252839933,"15_4_HFY","Orpheus_Island","HFY","30m",150,0.0362759473765599,0.443373840977931,-1.44038123678024
"30m_HFY_15_4",768,512,4.27917653333333,"15_4_HFY","Orpheus_Island","HFY","30m",150,0.00835776666666667,0.744403836641912,-2.07790975771903
"30m_HFY_16_1",12,8,0.195257613763077,"16_1_HFY","Orpheus_Island","HFY","30m",150,0.0244072017203846,-1.06177613734198,-1.61248200948321
"30m_HFY_16_1",24,16,1.58963944348218,"16_1_HFY","Orpheus_Island","HFY","30m",150,0.0993524652176365,-0.760746141677994,-1.00282135233742
"30m_HFY_16_1",48,32,5.93112424396605,"16_1_HFY","Orpheus_Island","HFY","30m",150,0.185347632623939,-0.459716146014013,-0.732012956680147
"30m_HFY_16_1",96,64,15.8457384913605,"16_1_HFY","Orpheus_Island","HFY","30m",150,0.247589663927507,-0.158686150350032,-0.606267489671893
"30m_HFY_16_1",192,128,19.5048708534062,"16_1_HFY","Orpheus_Island","HFY","30m",150,0.152381803542236,0.142343845313949,-0.817066890562157
"30m_HFY_16_1",384,256,4.43015639990523,"16_1_HFY","Orpheus_Island","HFY","30m",150,0.0173052984371298,0.443373840977931,-1.76182090671478
"30m_HFY_16_1",768,512,9.69111756678625,"16_1_HFY","Orpheus_Island","HFY","30m",150,0.0189279639976294,0.744403836641912,-1.7228960987752
"30m_HFY_16_1",3072,2048,26.91072,"16_1_HFY","Orpheus_Island","HFY","30m",150,0.01314,1.34646382796987,-1.88140463477624
"30m_HFY_16_2",12,8,0.0976288068815386,"16_2_HFY","Orpheus_Island","HFY","30m",150,0.0122036008601923,-1.06177613734198,-1.91351200514719
"30m_HFY_16_2",24,16,1.81876153121554,"16_2_HFY","Orpheus_Island","HFY","30m",150,0.113672595700972,-0.760746141677994,-0.944344222826338
"30m_HFY_16_2",48,32,3.50561441365047,"16_2_HFY","Orpheus_Island","HFY","30m",150,0.109550450426577,-0.459716146014013,-0.960385832458594
"30m_HFY_16_2",96,64,8.12920719120708,"16_2_HFY","Orpheus_Island","HFY","30m",150,0.127018862362611,-0.158686150350032,-0.896131781313943
"30m_HFY_16_2",192,128,16.0546574997346,"16_2_HFY","Orpheus_Island","HFY","30m",150,0.125427011716676,0.142343845313949,-0.901608924619962
"30m_HFY_16_2",384,256,19.2051229237055,"16_2_HFY","Orpheus_Island","HFY","30m",150,0.0750200114207246,0.443373840977931,-1.12482287407016
"30m_HFY_16_2",768,512,12.8874519395083,"16_2_HFY","Orpheus_Island","HFY","30m",150,0.0251708045693522,0.744403836641912,-1.59910290227264
"30m_HFY_16_3",12,8,0.0976288068815386,"16_3_HFY","Orpheus_Island","HFY","30m",150,0.0122036008601923,-1.06177613734198,-1.91351200514719
"30m_HFY_16_3",24,16,1.21577454855012,"16_3_HFY","Orpheus_Island","HFY","30m",150,0.0759859092843825,-0.760746141677994,-1.11926693518501
"30m_HFY_16_3",48,32,0.75358115000408,"16_3_HFY","Orpheus_Island","HFY","30m",150,0.0235494109376275,-0.459716146014013,-1.62801995179358
"30m_HFY_16_3",96,64,7.48397378335049,"16_3_HFY","Orpheus_Island","HFY","30m",150,0.116937090364851,-0.158686150350032,-0.932047716503611
"30m_HFY_16_3",192,128,7.30049606620711,"16_3_HFY","Orpheus_Island","HFY","30m",150,0.057035125517243,0.142343845313949,-1.24385759836347
"30m_HFY_16_3",768,512,3.8799651421159,"16_3_HFY","Orpheus_Island","HFY","30m",150,0.00757805691819511,0.744403836641912,-2.12044213709676
"30m_HFY_16_4",12,8,0.195257613763077,"16_4_HFY","Orpheus_Island","HFY","30m",150,0.0244072017203846,-1.06177613734198,-1.61248200948321
"30m_HFY_16_4",24,16,1.29176040194553,"16_4_HFY","Orpheus_Island","HFY","30m",150,0.0807350251215955,-0.760746141677994,-1.09293801525274
"30m_HFY_16_4",48,32,0.260631594796328,"16_4_HFY","Orpheus_Island","HFY","30m",150,0.00814473733738524,-0.459716146014013,-2.08912291685131
"30m_HFY_16_4",96,64,7.55688243128847,"16_4_HFY","Orpheus_Island","HFY","30m",150,0.118076287988882,-0.158686150350032,-0.927837308394383
"30m_HFY_16_4",192,128,16.6501690816346,"16_4_HFY","Orpheus_Island","HFY","30m",150,0.130079445950271,0.142343845313949,-0.885791321544385
"30m_HFY_16_4",384,256,2.31036698905518,"16_4_HFY","Orpheus_Island","HFY","30m",150,0.00902487105099679,0.443373840977931,-2.04455899465672
"30m_HFY_16_4",768,512,35.1718533442746,"16_4_HFY","Orpheus_Island","HFY","30m",150,0.0686950260630362,0.744403836641912,-1.16307470735936
"30m_SBT_11_1",24,16,0.488771005122084,"11_1_SBT","Orpheus_Island","SBT","30m",150,0.0305481878201302,-0.760746141677994,-1.51501454787842
"30m_SBT_11_1",48,32,1.05133553392203,"11_1_SBT","Orpheus_Island","SBT","30m",150,0.0328542354350634,-0.459716146014013,-1.48340863500814
"30m_SBT_11_1",96,64,1.39591369188373,"11_1_SBT","Orpheus_Island","SBT","30m",150,0.0218111514356832,-0.158686150350032,-1.66132140691264
"30m_SBT_11_1",192,128,6.76966400209943,"11_1_SBT","Orpheus_Island","SBT","30m",150,0.0528880000164018,0.142343845313949,-1.27664285571241
"30m_SBT_11_1",384,256,10.9197266261153,"11_1_SBT","Orpheus_Island","SBT","30m",150,0.0426551821332627,0.443373840977931,-1.37002819931087
"30m_SBT_11_1",768,512,4.91445313198141,"11_1_SBT","Orpheus_Island","SBT","30m",150,0.00959854127340119,0.744403836641912,-2.0177947633197
"30m_SBT_11_2",24,16,0.198170420173072,"11_2_SBT","Orpheus_Island","SBT","30m",150,0.012385651260817,-0.760746141677994,-1.90708115245781
"30m_SBT_11_2",48,32,0.916731554228985,"11_2_SBT","Orpheus_Island","SBT","30m",150,0.0286478610696558,-0.459716146014013,-1.54290779814067
"30m_SBT_11_2",96,64,2.82806535764822,"11_2_SBT","Orpheus_Island","SBT","30m",150,0.0441885212132535,-0.158686150350032,-1.35469053203513
"30m_SBT_11_2",192,128,17.1618498884029,"11_2_SBT","Orpheus_Island","SBT","30m",150,0.134076952253147,0.142343845313949,-0.872645870690857
"30m_SBT_11_2",384,256,3.07239191949726,"11_2_SBT","Orpheus_Island","SBT","30m",150,0.0120015309355362,0.443373840977931,-1.92076335108177
"30m_SBT_11_2",768,512,3.8799651421159,"11_2_SBT","Orpheus_Island","SBT","30m",150,0.00757805691819511,0.744403836641912,-2.12044213709676
"30m_SBT_11_2",3072,2048,21.5074169311776,"11_2_SBT","Orpheus_Island","SBT","30m",150,0.0105016684234266,1.34646382796987,-1.97874169811804
"30m_SBT_11_3",24,16,4.06472493847839,"11_3_SBT","Orpheus_Island","SBT","30m",150,0.254045308654899,-0.760746141677994,-0.595088820608446
"30m_SBT_11_3",48,32,0.845549817783858,"11_3_SBT","Orpheus_Island","SBT","30m",150,0.0264234318057456,-0.459716146014013,-1.57801077803457
"30m_SBT_11_3",96,64,6.12574202960988,"11_3_SBT","Orpheus_Island","SBT","30m",150,0.0957147192126543,-0.158686150350032,-1.0190212703602
"30m_SBT_11_3",192,128,13.0519052096337,"11_3_SBT","Orpheus_Island","SBT","30m",150,0.101968009450263,0.142343845313949,-0.991536058614356
"30m_SBT_11_3",384,256,18.0103751445936,"11_3_SBT","Orpheus_Island","SBT","30m",150,0.0703530279085687,0.443373840977931,-1.15271720632185
"30m_SBT_11_3",768,512,16.5349077301647,"11_3_SBT","Orpheus_Island","SBT","30m",150,0.032294741660478,0.744403836641912,-1.4908681852152
"30m_SBT_11_3",1536,1024,11.1643465984357,"11_3_SBT","Orpheus_Island","SBT","30m",150,0.0109026822250349,1.04543383230589,-1.96246664589134
"30m_SBT_11_3",3072,2048,136.389991072339,"11_3_SBT","Orpheus_Island","SBT","30m",150,0.0665966753282903,1.34646382796987,-1.17654745134949
"30m_SBT_11_3",12288,8192,74.8081937940527,"11_3_SBT","Orpheus_Island","SBT","30m",150,0.00913185959400057,1.94852381929784,-2.0394407745821
"30m_SBT_11_4",24,16,1.14148602775096,"11_4_SBT","Orpheus_Island","SBT","30m",150,0.0713428767344353,-0.760746141677994,-1.14664938273663
"30m_SBT_11_4",48,32,0.75358115000408,"11_4_SBT","Orpheus_Island","SBT","30m",150,0.0235494109376275,-0.459716146014013,-1.62801995179358
"30m_SBT_11_4",96,64,15.8119985062122,"11_4_SBT","Orpheus_Island","SBT","30m",150,0.247062476659565,-0.158686150350032,-0.60719320934153
"30m_SBT_11_4",192,128,3.02326869597331,"11_4_SBT","Orpheus_Island","SBT","30m",150,0.0236192866872915,0.142343845313949,-1.62673322240629
"30m_SBT_11_4",384,256,5.49188574773839,"11_4_SBT","Orpheus_Island","SBT","30m",150,0.0214526787021031,0.443373840977931,-1.66851847164205
"30m_SBT_12_1",24,16,0.343590189532804,"12_1_SBT","Fantome_Island","SBT","30m",150,0.0214743868458003,-0.760746141677994,-1.66807922764979
"30m_SBT_12_1",48,32,1.44114260901401,"12_1_SBT","Fantome_Island","SBT","30m",150,0.0450357065316877,-0.459716146014013,-1.34644301954382
"30m_SBT_12_1",96,64,1.22533369658716,"12_1_SBT","Fantome_Island","SBT","30m",150,0.0191458390091743,-0.158686150350032,-1.71792559724156
"30m_SBT_12_1",192,128,14.0485752406806,"12_1_SBT","Fantome_Island","SBT","30m",150,0.109754494067817,0.142343845313949,-0.959577687861285
"30m_SBT_12_1",384,256,3.2668998713605,"12_1_SBT","Fantome_Island","SBT","30m",150,0.012761327622502,0.443373840977931,-1.89410414151349
"30m_SBT_12_1",3072,2048,14.9293959435938,"12_1_SBT","Fantome_Island","SBT","30m",150,0.00728974411308293,1.34646382796987,-2.13728771615754
"30m_SBT_12_2",24,16,0.383434651300451,"12_2_SBT","Fantome_Island","SBT","30m",150,0.0239646657062782,-0.760746141677994,-1.62042862479576
"30m_SBT_12_2",48,32,0.719466791447697,"12_2_SBT","Fantome_Island","SBT","30m",150,0.0224833372327405,-0.459716146014013,-1.64813922538968
"30m_SBT_12_2",96,64,3.01035214491023,"12_2_SBT","Fantome_Island","SBT","30m",150,0.0470367522642223,-0.158686150350032,-1.32756267252758
"30m_SBT_12_2",192,128,32.0008877532008,"12_2_SBT","Fantome_Island","SBT","30m",150,0.250006935571881,0.142343845313949,-0.602047943172696
"30m_SBT_12_2",384,256,2.86122253570832,"12_2_SBT","Fantome_Island","SBT","30m",150,0.0111766505301106,0.443373840977931,-1.95168832831342
"30m_SBT_12_2",768,512,17.7384395680986,"12_2_SBT","Fantome_Island","SBT","30m",150,0.0346453897814426,0.744403836641912,-1.46035454822933
"30m_SBT_12_2",1536,1024,8.841168,"12_2_SBT","Fantome_Island","SBT","30m",150,0.008633953125,1.04543383230589,-2.0637903135219
"30m_SBT_12_2",3072,2048,109.965676957628,"12_2_SBT","Fantome_Island","SBT","30m",150,0.0536941782019666,1.34646382796987,-1.27007280018174
"30m_SBT_12_3",48,32,0.2639232,"12_3_SBT","Fantome_Island","SBT","30m",150,0.0082476,-0.459716146014013,-2.08367241004332
"30m_SBT_12_3",96,64,28.2358625389227,"12_3_SBT","Fantome_Island","SBT","30m",150,0.441185352170667,-0.158686150350032,-0.355378915037499
"30m_SBT_12_3",192,128,4.57142113551843,"12_3_SBT","Fantome_Island","SBT","30m",150,0.0357142276212377,0.142343845313949,-1.44715873776852
"30m_SBT_12_3",384,256,9.80069961408151,"12_3_SBT","Fantome_Island","SBT","30m",150,0.0382839828675059,0.443373840977931,-1.41698288679383
"30m_SBT_12_3",768,512,25.4556017987576,"12_3_SBT","Fantome_Island","SBT","30m",150,0.0497179722631984,0.744403836641912,-1.3034865922762
"30m_SBT_12_3",1536,1024,34.0948065655015,"12_3_SBT","Fantome_Island","SBT","30m",150,0.0332957095366226,1.04543383230589,-1.47761172579151
"30m_SBT_12_3",3072,2048,16.8216498215692,"12_3_SBT","Fantome_Island","SBT","30m",150,0.00821369620193806,1.34646382796987,-2.08546136433382
"30m_SBT_12_4",24,16,0.493046429649724,"12_4_SBT","Fantome_Island","SBT","30m",150,0.0308154018531078,-0.760746141677994,-1.51123216441069
"30m_SBT_12_4",48,32,1.28940263538906,"12_4_SBT","Fantome_Island","SBT","30m",150,0.0402938323559081,-0.459716146014013,-1.39476142479649
"30m_SBT_12_4",96,64,2.52774402584825,"12_4_SBT","Fantome_Island","SBT","30m",150,0.0394960004038789,-0.158686150350032,-1.40344688134751
"30m_SBT_12_4",192,128,7.76109104009593,"12_4_SBT","Fantome_Island","SBT","30m",150,0.0606335237507495,0.142343845313949,-1.21728719176773
"30m_SBT_12_4",768,512,4.91445313198141,"12_4_SBT","Fantome_Island","SBT","30m",150,0.00959854127340119,0.744403836641912,-2.0177947633197
"30m_SBT_13_1",24,16,1.09361074059957,"13_1_SBT","Fantome_Island","SBT","30m",150,0.0683506712874733,-0.760746141677994,-1.16525721577043
"30m_SBT_13_1",48,32,0.50875217500204,"13_1_SBT","Fantome_Island","SBT","30m",150,0.0158985054688138,-0.459716146014013,-1.79864369939992
"30m_SBT_13_1",96,64,17.245859106797,"13_1_SBT","Fantome_Island","SBT","30m",150,0.269466548543704,-0.158686150350032,-0.56949514025305
"30m_SBT_13_1",192,128,4.63134235236161,"13_1_SBT","Fantome_Island","SBT","30m",150,0.0361823621278251,0.142343845313949,-1.44150308408778
"30m_SBT_13_1",384,256,3.2668998713605,"13_1_SBT","Fantome_Island","SBT","30m",150,0.012761327622502,0.443373840977931,-1.89410414151349
"30m_SBT_13_2",24,16,0.705128575475405,"13_2_SBT","Fantome_Island","SBT","30m",150,0.0440705359672128,-0.760746141677994,-1.35585166775222
"30m_SBT_13_2",48,32,0.2639232,"13_2_SBT","Fantome_Island","SBT","30m",150,0.0082476,-0.459716146014013,-2.08367241004332
"30m_SBT_13_2",96,64,12.119347183553,"13_2_SBT","Fantome_Island","SBT","30m",150,0.189364799743016,-0.158686150350032,-0.72270074707576
"30m_SBT_13_2",192,128,3.12525254544743,"13_2_SBT","Fantome_Island","SBT","30m",150,0.024416035511308,0.142343845313949,-1.61232485207573
"30m_SBT_13_2",384,256,7.66166212096277,"13_2_SBT","Fantome_Island","SBT","30m",150,0.0299283676600108,0.443373840977931,-1.52391696961428
"30m_SBT_13_2",1536,1024,11.1643465984357,"13_2_SBT","Fantome_Island","SBT","30m",150,0.0109026822250349,1.04543383230589,-1.96246664589134
"30m_SBT_13_3",24,16,2.39765173923059,"13_3_SBT","Fantome_Island","SBT","30m",150,0.149853233701912,-0.760746141677994,-0.824333880921582
"30m_SBT_13_3",48,32,4.67084475003673,"13_3_SBT","Fantome_Island","SBT","30m",150,0.145963898438648,-0.459716146014013,-0.83575454591178
"30m_SBT_13_3",96,64,2.22575905010599,"13_3_SBT","Fantome_Island","SBT","30m",150,0.034777485157906,-0.158686150350032,-1.45870182605764
"30m_SBT_13_3",192,128,7.08886233790087,"13_3_SBT","Fantome_Island","SBT","30m",150,0.0553817370148505,0.142343845313949,-1.25663342699178
"30m_SBT_13_3",768,512,4.88506588494018,"13_3_SBT","Fantome_Island","SBT","30m",150,0.00954114430652379,0.744403836641912,-2.02039953554683
"30m_SBT_13_4",24,16,0.829304170848977,"13_4_SBT","Fantome_Island","SBT","30m",150,0.0518315106780611,-0.760746141677994,-1.28540613305542
"30m_SBT_13_4",48,32,3.7745279383126,"13_4_SBT","Fantome_Island","SBT","30m",150,0.117953998072269,-0.459716146014013,-0.928287334038263
"30m_SBT_13_4",96,64,11.3470537286533,"13_4_SBT","Fantome_Island","SBT","30m",150,0.177297714510208,-0.158686150350032,-0.751296862718329
"30m_SBT_13_4",192,128,3.12525254544743,"13_4_SBT","Fantome_Island","SBT","30m",150,0.024416035511308,0.142343845313949,-1.61232485207573
"30m_SBT_13_4",384,256,3.2668998713605,"13_4_SBT","Fantome_Island","SBT","30m",150,0.012761327622502,0.443373840977931,-1.89410414151349
"30m_SBT_14_1",24,16,0.182748359045683,"14_1_SBT","Fantome_Island","SBT","30m",150,0.0114217724403552,-0.760746141677994,-1.94226649667366
"30m_SBT_14_1",48,32,0.983389991447697,"14_1_SBT","Fantome_Island","SBT","30m",150,0.0307309372327405,-0.459716146014013,-1.51242419441982
"30m_SBT_14_1",96,64,9.90129610064534,"14_1_SBT","Fantome_Island","SBT","30m",150,0.154707751572583,-0.158686150350032,-0.810487925596948
"30m_SBT_14_1",192,128,5.76791017700776,"14_1_SBT","Fantome_Island","SBT","30m",150,0.0450617982578731,0.142343845313949,-1.34619148110113
"30m_SBT_14_1",384,256,3.211690368207,"14_1_SBT","Fantome_Island","SBT","30m",150,0.0125456655008086,0.443373840977931,-1.90150629603427
"30m_SBT_14_1",768,512,4.83914846542425,"14_1_SBT","Fantome_Island","SBT","30m",150,0.00945146184653174,0.744403836641912,-2.02450101447675
"30m_SBT_14_1",1536,1024,11.1643465984357,"14_1_SBT","Fantome_Island","SBT","30m",150,0.0109026822250349,1.04543383230589,-1.96246664589134
"30m_SBT_14_2",24,16,0.376563810346134,"14_2_SBT","Fantome_Island","SBT","30m",150,0.0235352381466334,-0.760746141677994,-1.62828140282815
"30m_SBT_14_2",48,32,0.2639232,"14_2_SBT","Fantome_Island","SBT","30m",150,0.0082476,-0.459716146014013,-2.08367241004332
"30m_SBT_14_2",96,64,6.30334758634862,"14_2_SBT","Fantome_Island","SBT","30m",150,0.0984898060366972,-0.158686150350032,-1.00660871783859
"30m_SBT_14_2",192,128,10.1841534865733,"14_2_SBT","Fantome_Island","SBT","30m",150,0.0795636991138538,0.142343845313949,-1.0992850336498
"30m_SBT_14_2",384,256,2.65765546666667,"14_2_SBT","Fantome_Island","SBT","30m",150,0.0103814666666667,0.443373840977931,-1.98374128615581
"30m_SBT_14_2",768,512,4.18551466666667,"14_2_SBT","Fantome_Island","SBT","30m",150,0.00817483333333333,0.744403836641912,-2.08752109287581
"30m_SBT_14_3",24,16,1.01784618850681,"14_3_SBT","Fantome_Island","SBT","30m",150,0.0636153867816756,-0.760746141677994,-1.19643782796529
"30m_SBT_14_3",48,32,0.66760388389397,"14_3_SBT","Fantome_Island","SBT","30m",150,0.0208626213716865,-0.459716146014013,-1.6806311237267
"30m_SBT_14_3",96,64,6.60412743315493,"14_3_SBT","Fantome_Island","SBT","30m",150,0.103189491143046,-0.158686150350032,-0.986364529171744
"30m_SBT_14_3",192,128,19.6695161054042,"14_3_SBT","Fantome_Island","SBT","30m",150,0.15366809457347,0.142343845313949,-0.813416293782307
"30m_SBT_14_3",384,256,3.96860354917459,"14_3_SBT","Fantome_Island","SBT","30m",150,0.0155023576139632,0.443373840977931,-1.80960224887016
"30m_SBT_14_3",768,512,21.9371858794852,"14_3_SBT","Fantome_Island","SBT","30m",150,0.0428460661708695,0.744403836641912,-1.3680890458227
"30m_SBT_14_3",3072,2048,130.650092904833,"14_3_SBT","Fantome_Island","SBT","30m",150,0.063793990676188,1.34646382796987,-1.19522022941502
"30m_SBT_14_4",24,16,0.149615489174636,"14_4_SBT","Fantome_Island","SBT","30m",150,0.00935096807341478,-0.760746141677994,-2.02914342579287
"30m_SBT_14_4",48,32,1.27026475014229,"14_4_SBT","Fantome_Island","SBT","30m",150,0.0396957734419467,-0.459716146014013,-1.40125573173957
"30m_SBT_14_4",96,64,14.4917624694614,"14_4_SBT","Fantome_Island","SBT","30m",150,0.226433788585334,-0.158686150350032,-0.645058766965828
"30m_SBT_14_4",192,128,12.7269958577386,"14_4_SBT","Fantome_Island","SBT","30m",150,0.0994296551385828,0.142343845313949,-1.0024840668879
"30m_SBT_14_4",384,256,5.49188574773839,"14_4_SBT","Fantome_Island","SBT","30m",150,0.0214526787021031,0.443373840977931,-1.66851847164205
"30m_SBT_14_4",768,512,8.52777190733915,"14_4_SBT","Fantome_Island","SBT","30m",150,0.0166558045065218,0.744403836641912,-1.7784343852301
"30m_SBT_15_1",24,16,0.520208161528402,"15_1_SBT","Orpheus_Island","SBT","30m",150,0.0325130100955252,-0.760746141677994,-1.48794282111106
"30m_SBT_15_1",48,32,3.52891910346538,"15_1_SBT","Orpheus_Island","SBT","30m",150,0.110278721983293,-0.459716146014013,-0.957508275562453
"30m_SBT_15_1",96,64,8.22469529363612,"15_1_SBT","Orpheus_Island","SBT","30m",150,0.128510863963064,-0.158686150350032,-0.891060156692418
"30m_SBT_15_1",192,128,6.8261891857956,"15_1_SBT","Orpheus_Island","SBT","30m",150,0.0533296030140282,0.142343845313949,-1.27303164919653
"30m_SBT_15_1",384,256,9.74549011092801,"15_1_SBT","Orpheus_Island","SBT","30m",150,0.0380683207458125,0.443373840977931,-1.41943628018359
"30m_SBT_15_1",768,512,4.55567629752558,"15_1_SBT","Orpheus_Island","SBT","30m",150,0.00889780526860464,0.744403836641912,-2.05071710316157
"30m_SBT_15_1",1536,1024,14.9557514220154,"15_1_SBT","Orpheus_Island","SBT","30m",150,0.0146052259980619,1.04543383230589,-1.83549171846093
"30m_SBT_15_1",3072,2048,18.221084164788,"15_1_SBT","Orpheus_Island","SBT","30m",150,0.00889701375233787,1.34646382796987,-2.05075573813132
"30m_SBT_15_2",48,32,3.21409585415637,"15_2_SBT","Orpheus_Island","SBT","30m",150,0.100440495442386,-0.459716146014013,-0.998091153711366
"30m_SBT_15_2",96,64,26.1545778069228,"15_2_SBT","Orpheus_Island","SBT","30m",150,0.408665278233169,-0.158686150350032,-0.388632260043051
"30m_SBT_15_2",192,128,4.13325058557877,"15_2_SBT","Orpheus_Island","SBT","30m",150,0.0322910201998342,0.142343845313949,-1.49091823370197
"30m_SBT_15_2",384,256,5.34255000469384,"15_2_SBT","Orpheus_Island","SBT","30m",150,0.0208693359558353,0.443373840977931,-1.68049136958834
"30m_SBT_15_2",768,512,7.55706247649714,"15_2_SBT","Orpheus_Island","SBT","30m",150,0.0147598876494085,0.744403836641912,-1.83091694830076
"30m_SBT_15_2",1536,1024,84.7315289573778,"15_2_SBT","Orpheus_Island","SBT","30m",150,0.0827456337474393,1.04543383230589,-1.0822549134365
"30m_SBT_15_2",3072,2048,43.3122169062391,"15_2_SBT","Orpheus_Island","SBT","30m",150,0.0211485434112495,1.34646382796987,-1.67471953893862
"30m_SBT_15_3",24,16,0.50769244583929,"15_3_SBT","Orpheus_Island","SBT","30m",150,0.0317307778649557,-0.760746141677994,-1.49851928124604
"30m_SBT_15_3",48,32,0.235606458667676,"15_3_SBT","Orpheus_Island","SBT","30m",150,0.00736270183336488,-0.459716146014013,-2.13296278674947
"30m_SBT_15_3",192,128,3.48617165971661,"15_3_SBT","Orpheus_Island","SBT","30m",150,0.027235716091536,0.142343845313949,-1.56486120160935
"30m_SBT_15_3",384,256,6.53379974272101,"15_3_SBT","Orpheus_Island","SBT","30m",150,0.0255226552450039,0.443373840977931,-1.59307414584951
"30m_SBT_15_3",768,512,18.9352730334948,"15_3_SBT","Orpheus_Island","SBT","30m",150,0.0369829551435446,0.744403836641912,-1.43199838924884
"30m_SBT_15_3",1536,1024,8.21095422195877,"15_3_SBT","Orpheus_Island","SBT","30m",150,0.00801850998238161,1.04543383230589,-2.09590632579929
"30m_SBT_15_4",24,16,1.06042035493048,"15_4_SBT","Orpheus_Island","SBT","30m",150,0.0662762721831548,-0.760746141677994,-1.17864192716603
"30m_SBT_15_4",48,32,1.59643057774522,"15_4_SBT","Orpheus_Island","SBT","30m",150,0.0498884555545382,-0.459716146014013,-1.30199994072957
"30m_SBT_15_4",96,64,4.65691026986572,"15_4_SBT","Orpheus_Island","SBT","30m",150,0.0727642229666519,-0.158686150350032,-1.13808210403003
"30m_SBT_15_4",192,128,8.64709761162069,"15_4_SBT","Orpheus_Island","SBT","30m",150,0.0675554500907866,0.142343845313949,-1.17033960816861
"30m_SBT_15_4",384,256,14.9367061845223,"15_4_SBT","Orpheus_Island","SBT","30m",150,0.0583465085332902,0.443373840977931,-1.2339851271095
"30m_SBT_15_4",768,512,26.6479566551451,"15_4_SBT","Orpheus_Island","SBT","30m",150,0.0520467903420802,0.744403836641912,-1.28360604770395
"30m_SBT_15_4",1536,1024,15.8077018804228,"15_4_SBT","Orpheus_Island","SBT","30m",150,0.0154372088676004,1.04543383230589,-1.81143121973711
"30m_SBT_16_1",24,16,0.202585661730438,"16_1_SBT","Orpheus_Island","SBT","30m",150,0.0126616038581524,-0.760746141677994,-1.89751127831335
"30m_SBT_16_1",48,32,0.2639232,"16_1_SBT","Orpheus_Island","SBT","30m",150,0.0082476,-0.459716146014013,-2.08367241004332
"30m_SBT_16_1",96,64,0.477474013690807,"16_1_SBT","Orpheus_Island","SBT","30m",150,0.00746053146391886,-0.158686150350032,-2.12723023370348
"30m_SBT_16_1",192,128,5.29861052937572,"16_1_SBT","Orpheus_Island","SBT","30m",150,0.0413953947607478,0.142343845313949,-1.3830479714695
"30m_SBT_16_1",384,256,5.5204062662225,"16_1_SBT","Orpheus_Island","SBT","30m",150,0.0215640869774316,0.443373840977931,-1.66626892513952
"30m_SBT_16_1",768,512,9.82890626396282,"16_1_SBT","Orpheus_Island","SBT","30m",150,0.0191970825468024,0.744403836641912,-1.71676476765572
"30m_SBT_16_1",1536,1024,8.31198598750014,"16_1_SBT","Orpheus_Island","SBT","30m",150,0.00811717381591811,1.04543383230589,-2.09059515423175
"30m_SBT_16_2",24,16,0.358818689174636,"16_2_SBT","Orpheus_Island","SBT","30m",150,0.0224261680734148,-0.760746141677994,-1.64924492734175
"30m_SBT_16_2",48,32,1.34834215074241,"16_2_SBT","Orpheus_Island","SBT","30m",150,0.0421356922107003,-0.459716146014013,-1.3753498670372
"30m_SBT_16_2",384,256,4.25182506666667,"16_2_SBT","Orpheus_Island","SBT","30m",150,0.0166086916666667,0.443373840977931,-1.77966457732141
"30m_SBT_16_3",24,16,0.375558185100423,"16_3_SBT","Orpheus_Island","SBT","30m",150,0.0234723865687765,-0.760746141677994,-1.62944275100829
"30m_SBT_16_3",48,32,0.989187608671757,"16_3_SBT","Orpheus_Island","SBT","30m",150,0.0309121127709924,-0.459716146014013,-1.50987131090479
"30m_SBT_16_3",96,64,6.63907238138861,"16_3_SBT","Orpheus_Island","SBT","30m",150,0.103735505959197,-0.158686150350032,-0.984072570487394
"30m_SBT_16_3",192,128,11.4456841673361,"16_3_SBT","Orpheus_Island","SBT","30m",150,0.0894194075573131,0.142343845313949,-1.04856821184936
"30m_SBT_16_3",384,256,2.22498587637788,"16_3_SBT","Orpheus_Island","SBT","30m",150,0.00869135107960111,0.443373840977931,-2.0609127067727
"30m_SBT_16_3",768,512,14.1080827972962,"16_3_SBT","Orpheus_Island","SBT","30m",150,0.0275548492134691,0.744403836641912,-1.55980196119222
"30m_SBT_16_3",1536,1024,24.7426091724775,"16_3_SBT","Orpheus_Island","SBT","30m",150,0.0241627042699976,1.04543383230589,-1.61685446144936
"30m_SBT_16_4",24,16,0.674962240079711,"16_4_SBT","Orpheus_Island","SBT","30m",150,0.0421851400049819,-0.760746141677994,-1.37484050520819
"30m_SBT_16_4",48,32,1.5112363914477,"16_4_SBT","Orpheus_Island","SBT","30m",150,0.0472261372327405,-0.459716146014013,-1.32581757521752
"30m_SBT_16_4",96,64,1.32837907003099,"16_4_SBT","Orpheus_Island","SBT","30m",150,0.0207559229692342,-0.158686150350032,-1.68285794975677
"30m_SBT_16_4",192,128,11.4045980144917,"16_4_SBT","Orpheus_Island","SBT","30m",150,0.089098421988216,0.142343845313949,-1.05012998763404
"30m_SBT_16_4",384,256,8.65846101912432,"16_4_SBT","Orpheus_Island","SBT","30m",150,0.0338221133559544,0.443373840977931,-1.47079925924112
"30m_SBT_16_4",768,512,4.84471710577572,"16_4_SBT","Orpheus_Island","SBT","30m",150,0.0094623380972182,0.744403836641912,-2.0240015383068
"30m_SKC_11_1",24,16,0.2092032,"11_1_SKC","Orpheus_Island","SKC","30m",150,0.0130752,-0.760746141677994,-1.88355165938367
"30m_SKC_11_1",48,32,3.161780945551,"11_1_SKC","Orpheus_Island","SKC","30m",150,0.0988056545484687,-0.459716146014013,-1.00521820046372
"30m_SKC_11_1",96,64,4.95026853912664,"11_1_SKC","Orpheus_Island","SKC","30m",150,0.0773479459238538,-0.158686150350032,-1.11155121507102
"30m_SKC_11_1",192,128,17.2806097699153,"11_1_SKC","Orpheus_Island","SKC","30m",150,0.135004763827463,0.142343845313949,-0.869650906560715
"30m_SKC_11_1",384,256,3.2668998713605,"11_1_SKC","Orpheus_Island","SKC","30m",150,0.012761327622502,0.443373840977931,-1.89410414151349
"30m_SKC_11_2",48,32,1.50716230000816,"11_2_SKC","Orpheus_Island","SKC","30m",150,0.047098821875255,-0.459716146014013,-1.32698995612959
"30m_SKC_11_2",96,64,1.44161129769963,"11_2_SKC","Orpheus_Island","SKC","30m",150,0.0225251765265568,-0.158686150350032,-1.6473317968324
"30m_SKC_11_2",384,256,2.07565013333333,"11_2_SKC","Orpheus_Island","SKC","30m",150,0.00810800833333333,0.443373840977931,-2.09108581361509
"30m_SKC_11_2",768,512,3.8799651421159,"11_2_SKC","Orpheus_Island","SKC","30m",150,0.00757805691819511,0.744403836641912,-2.12044213709676
"30m_SKC_11_3",24,16,0.299230978349273,"11_3_SKC","Orpheus_Island","SKC","30m",150,0.0187019361468296,-0.760746141677994,-1.72811343012889
"30m_SKC_11_3",48,32,0.815584508812594,"11_3_SKC","Orpheus_Island","SKC","30m",150,0.0254870159003936,-0.459716146014013,-1.59368101011167
"30m_SKC_11_3",96,64,54.5467837793993,"11_3_SKC","Orpheus_Island","SKC","30m",150,0.852293496553113,-0.158686150350032,-0.0694108254396874
"30m_SKC_11_3",192,128,2.08608542621202,"11_3_SKC","Orpheus_Island","SKC","30m",150,0.0162975423922814,0.142343845313949,-1.78787788062311
"30m_SKC_11_3",384,256,12.0797637871577,"11_3_SKC","Orpheus_Island","SKC","30m",150,0.0471865772935847,0.443373840977931,-1.32618152332284
"30m_SKC_11_4",24,16,4.53396216953238,"11_4_SKC","Orpheus_Island","SKC","30m",150,0.283372635595774,-0.760746141677994,-0.547642090516039
"30m_SKC_11_4",48,32,0.718650540534968,"11_4_SKC","Orpheus_Island","SKC","30m",150,0.0224578293917178,-0.459716146014013,-1.64863222175017
"30m_SKC_11_4",96,64,16.7152631122258,"11_4_SKC","Orpheus_Island","SKC","30m",150,0.261175986128528,-0.158686150350032,-0.58306675684301
"30m_SKC_11_4",192,128,8.38346021528126,"11_4_SKC","Orpheus_Island","SKC","30m",150,0.0654957829318848,0.142343845313949,-1.18378666196809
"30m_SKC_11_4",384,256,5.29103634776382,"11_4_SKC","Orpheus_Island","SKC","30m",150,0.0206681107334524,0.443373840977931,-1.68469922030237
"30m_SKC_11_4",768,512,3.43669735554797,"11_4_SKC","Orpheus_Island","SKC","30m",150,0.00671229952255463,0.744403836641912,-2.17312867224933
"30m_SKC_12_1",24,16,0.856155850613696,"12_1_SKC","Fantome_Island","SKC","30m",150,0.053509740663356,-0.760746141677994,-1.27156715384253
"30m_SKC_12_1",48,32,14.088911150102,"12_1_SKC","Fantome_Island","SKC","30m",150,0.440278473440688,-0.459716146014013,-0.356272548005083
"30m_SKC_12_1",96,64,4.36979170231282,"12_1_SKC","Fantome_Island","SKC","30m",150,0.0682779953486378,-0.158686150350032,-1.16571923831602
"30m_SKC_12_2",24,16,1.31673604013919,"12_2_SKC","Fantome_Island","SKC","30m",150,0.0822960025086996,-0.760746141677994,-1.08462125993448
"30m_SKC_12_2",48,32,4.38185505763387,"12_2_SKC","Fantome_Island","SKC","30m",150,0.136932970551059,-0.459716146014013,-0.863491970387524
"30m_SKC_12_2",96,64,26.5851585638201,"12_2_SKC","Fantome_Island","SKC","30m",150,0.415393102559689,-0.158686150350032,-0.381540719031386
"30m_SKC_12_2",192,128,1.56262627272371,"12_2_SKC","Fantome_Island","SKC","30m",150,0.012208017755654,0.142343845313949,-1.91335484773971
"30m_SKC_12_2",1536,1024,8.21095422195877,"12_2_SKC","Fantome_Island","SKC","30m",150,0.00801850998238161,1.04543383230589,-2.09590632579929
"30m_SKC_12_3",24,16,0.702604200718266,"12_3_SKC","Fantome_Island","SKC","30m",150,0.0439127625448916,-0.760746141677994,-1.35740924063956
"30m_SKC_12_3",48,32,1.63925944125036,"12_3_SKC","Fantome_Island","SKC","30m",150,0.0512268575390739,-0.459716146014013,-1.29050228467214
"30m_SKC_12_3",96,64,32.2841153863133,"12_3_SKC","Fantome_Island","SKC","30m",150,0.504439302911146,-0.158686150350032,-0.297191083136908
"30m_SKC_12_3",192,128,1.89736722558113,"12_3_SKC","Fantome_Island","SKC","30m",150,0.0148231814498526,0.142343845313949,-1.82905857518048
"30m_SKC_12_3",384,256,13.0980266666667,"12_3_SKC","Fantome_Island","SKC","30m",150,0.0511641666666667,0.443373840977931,-1.29103409502496
"30m_SKC_12_4",24,16,0.149615489174636,"12_4_SKC","Fantome_Island","SKC","30m",150,0.00935096807341478,-0.760746141677994,-2.02914342579287
"30m_SKC_12_4",48,32,1.4083483914477,"12_4_SKC","Fantome_Island","SKC","30m",150,0.0440108872327405,-0.459716146014013,-1.35643987623598
"30m_SKC_12_4",96,64,6.18694609610894,"12_4_SKC","Fantome_Island","SKC","30m",150,0.0966710327517021,-0.158686150350032,-1.01470364174673
"30m_SKC_12_4",192,128,2.40195447036154,"12_4_SKC","Fantome_Island","SKC","30m",150,0.0187652692996995,0.142343845313949,-1.72664519866181
"30m_SKC_12_4",384,256,6.43688257818673,"12_4_SKC","Fantome_Island","SKC","30m",150,0.0251440725710419,0.443373840977931,-1.59956437852414
"30m_SKC_13_1",48,32,2.50179173198866,"13_1_SKC","Fantome_Island","SKC","30m",150,0.0781809916246457,-0.459716146014013,-1.10689882540568
"30m_SKC_13_1",96,64,5.1794124545231,"13_1_SKC","Fantome_Island","SKC","30m",150,0.0809283196019234,-0.158686150350032,-1.09189947721759
"30m_SKC_13_1",192,128,3.84621972410572,"13_1_SKC","Fantome_Island","SKC","30m",150,0.0300485915945759,0.142343845313949,-1.52217587897034
"30m_SKC_13_1",1536,1024,32.8438168878351,"13_1_SKC","Fantome_Island","SKC","30m",150,0.0320740399295264,1.04543383230589,-1.49384633447132
"30m_SKC_13_2",24,16,0.180622975475405,"13_2_SKC","Fantome_Island","SKC","30m",150,0.0112889359672128,-0.760746141677994,-1.94734699034651
"30m_SKC_13_2",48,32,2.77140778954047,"13_2_SKC","Fantome_Island","SKC","30m",150,0.0866064934231398,-0.459716146014013,-1.06244954502518
"30m_SKC_13_2",96,64,11.3797511676619,"13_2_SKC","Fantome_Island","SKC","30m",150,0.177808611994717,-0.158686150350032,-0.75004720820716
"30m_SKC_13_2",192,128,2.51410410927223,"13_2_SKC","Fantome_Island","SKC","30m",150,0.0196414383536893,0.142343845313949,-1.70682671175287
"30m_SKC_13_2",384,256,7.16266026666667,"13_2_SKC","Fantome_Island","SKC","30m",150,0.0279791416666667,0.443373840977931,-1.5531656127587
"30m_SKC_13_3",24,16,0.745970896437139,"13_3_SKC","Fantome_Island","SKC","30m",150,0.0466231810273212,-0.760746141677994,-1.33139809856571
"30m_SKC_13_3",48,32,2.33745942073813,"13_3_SKC","Fantome_Island","SKC","30m",150,0.0730456068980666,-0.459716146014013,-1.13640589824165
"30m_SKC_13_3",96,64,13.217972859505,"13_3_SKC","Fantome_Island","SKC","30m",150,0.206530825929766,-0.158686150350032,-0.685015118186448
"30m_SKC_13_3",192,128,3.37183578579886,"13_3_SKC","Fantome_Island","SKC","30m",150,0.0263424670765536,0.142343845313949,-1.57934355406824
"30m_SKC_13_4",24,16,0.669407223200607,"13_4_SKC","Fantome_Island","SKC","30m",150,0.0418379514500379,-0.760746141677994,-1.37842958837895
"30m_SKC_13_4",96,64,31.8078054181715,"13_4_SKC","Fantome_Island","SKC","30m",150,0.496996959658929,-0.158686150350032,-0.303646268021978
"30m_SKC_13_4",192,128,4.31713513849737,"13_4_SKC","Fantome_Island","SKC","30m",150,0.0337276182695107,0.142343845313949,-1.47201432613751
"30m_SKC_13_4",384,256,2.43360514386623,"13_4_SKC","Fantome_Island","SKC","30m",150,0.00950627009322748,0.443373840977931,-2.02198985064173
"30m_SKC_14_1",24,16,0.322761089174636,"14_1_SKC","Fantome_Island","SKC","30m",150,0.0201725680734148,-0.760746141677994,-1.69523881030888
"30m_SKC_14_1",96,64,3.67894520055903,"14_1_SKC","Fantome_Island","SKC","30m",150,0.0574835187587348,-0.158686150350032,-1.24045665510413
"30m_SKC_14_1",192,128,9.63812329759376,"14_1_SKC","Fantome_Island","SKC","30m",150,0.0752978382624513,0.142343845313949,-1.1232174918493
"30m_SKC_14_1",384,256,4.26119934612524,"14_1_SKC","Fantome_Island","SKC","30m",150,0.0166453099458017,0.443373840977931,-1.77870811360445
"30m_SKC_14_1",1536,1024,18.9073360886254,"14_1_SKC","Fantome_Island","SKC","30m",150,0.0184641953990483,1.04543383230589,-1.73366961253869
"30m_SKC_14_2",24,16,0.209497358857085,"14_2_SKC","Fantome_Island","SKC","30m",150,0.0130935849285678,-0.760746141677994,-1.88294143048976
"30m_SKC_14_2",48,32,0.5278464,"14_2_SKC","Fantome_Island","SKC","30m",150,0.0164952,-0.459716146014013,-1.78264241437933
"30m_SKC_14_2",96,64,12.671913035931,"14_2_SKC","Fantome_Island","SKC","30m",150,0.197998641186422,-0.158686150350032,-0.703337790179195
"30m_SKC_14_2",192,128,16.8258784927916,"14_2_SKC","Fantome_Island","SKC","30m",150,0.131452175724935,0.142343845313949,-0.881232221292016
"30m_SKC_14_2",768,512,9.77013176988036,"14_2_SKC","Fantome_Island","SKC","30m",150,0.0190822886130476,0.744403836641912,-1.71936953988285
"30m_SKC_14_3",12,8,2.05105733296241,"14_3_SKC","Fantome_Island","SKC","30m",150,0.256382166620301,-1.06177613734198,-0.591112186671751
"30m_SKC_14_3",24,16,0.209497358857085,"14_3_SKC","Fantome_Island","SKC","30m",150,0.0130935849285678,-0.760746141677994,-1.88294143048976
"30m_SKC_14_3",48,32,1.75107128180434,"14_3_SKC","Fantome_Island","SKC","30m",150,0.0547209775563855,-0.459716146014013,-1.2618461528166
"30m_SKC_14_3",96,64,13.3719341790456,"14_3_SKC","Fantome_Island","SKC","30m",150,0.208936471547588,-0.158686150350032,-0.679985743795008
"30m_SKC_14_3",192,128,3.35800964883073,"14_3_SKC","Fantome_Island","SKC","30m",150,0.0262344503814901,0.142343845313949,-1.58112802995188
"30m_SKC_14_3",384,256,2.07565013333333,"14_3_SKC","Fantome_Island","SKC","30m",150,0.00810800833333333,0.443373840977931,-2.09108581361509
"30m_SKC_14_3",1536,1024,57.8895240139071,"14_3_SKC","Fantome_Island","SKC","30m",150,0.0565327382948312,1.04543383230589,-1.2476999779658
"30m_SKC_14_3",3072,2048,18.221084164788,"14_3_SKC","Fantome_Island","SKC","30m",150,0.00889701375233787,1.34646382796987,-2.05075573813132
"30m_SKC_14_4",24,16,0.943795767234909,"14_4_SKC","Fantome_Island","SKC","30m",150,0.0589872354521818,-0.760746141677994,-1.22924195738225
"30m_SKC_14_4",48,32,1.28142755000408,"14_4_SKC","Fantome_Island","SKC","30m",150,0.0400446109376275,-0.459716146014013,-1.39745592146559
"30m_SKC_14_4",96,64,21.4096252072524,"14_4_SKC","Fantome_Island","SKC","30m",150,0.334525393863318,-0.158686150350032,-0.475570909297896
"30m_SKC_14_4",192,128,2.85174413939038,"14_4_SKC","Fantome_Island","SKC","30m",150,0.0222792510889873,0.142343845313949,-1.65209941194475
"30m_SKC_15_1",24,16,0.754000111392504,"15_1_SKC","Orpheus_Island","SKC","30m",150,0.0471250069620315,-0.760746141677994,-1.32674857262548
"30m_SKC_15_1",48,32,1.64469635294346,"15_1_SKC","Orpheus_Island","SKC","30m",150,0.0513967610294831,-0.459716146014013,-1.28906424892972
"30m_SKC_15_1",96,64,13.148439386352,"15_1_SKC","Orpheus_Island","SKC","30m",150,0.205444365411751,-0.158686150350032,-0.6873057653495
"30m_SKC_15_1",192,128,5.45414166541775,"15_1_SKC","Orpheus_Island","SKC","30m",150,0.0426104817610762,0.142343845313949,-1.37048355556734
"30m_SKC_15_1",384,256,7.12703782606593,"15_1_SKC","Orpheus_Island","SKC","30m",150,0.02783999150807,0.443373840977931,-1.5553309015327
"30m_SKC_15_1",768,512,9.12389363910905,"15_1_SKC","Orpheus_Island","SKC","30m",150,0.0178201047638849,0.744403836641912,-1.74908974708683
"30m_SKC_15_2",24,16,0.620148867523909,"15_2_SKC","Orpheus_Island","SKC","30m",150,0.0387593042202443,-0.760746141677994,-1.41162402770024
"30m_SKC_15_2",48,32,1.6182251927859,"15_2_SKC","Orpheus_Island","SKC","30m",150,0.0505695372745593,-0.459716146014013,-1.29611102026552
"30m_SKC_15_2",96,64,7.57533881102533,"15_2_SKC","Orpheus_Island","SKC","30m",150,0.118364668922271,-0.158686150350032,-0.926777912325305
"30m_SKC_15_2",192,128,2.49944055915858,"15_2_SKC","Orpheus_Island","SKC","30m",150,0.0195268793684264,0.142343845313949,-1.70936715667944
"30m_SKC_15_2",384,256,20.0988968924374,"15_2_SKC","Orpheus_Island","SKC","30m",150,0.0785113159860835,0.443373840977931,-1.10506774304927
"30m_SKC_15_2",768,512,75.2364226380014,"15_2_SKC","Orpheus_Island","SKC","30m",150,0.146946137964847,0.744403836641912,-0.832841823559363
"30m_SKC_15_2",1536,1024,93.7467008554498,"15_2_SKC","Orpheus_Island","SKC","30m",150,0.0915495125541502,1.04543383230589,-1.03834396371189
"30m_SKC_15_2",3072,2048,88.1962575562212,"15_2_SKC","Orpheus_Island","SKC","30m",150,0.0430645788848736,1.34646382796987,-1.36587979525775
"30m_SKC_15_2",6144,4096,35.1708416983734,"15_2_SKC","Orpheus_Island","SKC","30m",150,0.00858663127401694,1.64749382363386,-2.066177186117
"30m_SKC_15_3",24,16,1.04987414145248,"15_3_SKC","Orpheus_Island","SKC","30m",150,0.06561713384078,-0.760746141677994,-1.18298274353727
"30m_SKC_15_3",48,32,1.2241448750102,"15_3_SKC","Orpheus_Island","SKC","30m",150,0.0382545273440688,-0.459716146014013,-1.4173171596164
"30m_SKC_15_3",96,64,3.01893886228949,"15_3_SKC","Orpheus_Island","SKC","30m",150,0.0471709197232733,-0.158686150350032,-1.32632565593898
"30m_SKC_15_3",192,128,6.59039145803913,"15_3_SKC","Orpheus_Island","SKC","30m",150,0.0514874332659307,0.142343845313949,-1.28829875793442
"30m_SKC_15_3",384,256,2.38968314602156,"15_3_SKC","Orpheus_Island","SKC","30m",150,0.00933469978914673,0.443373840977931,-2.02989964472224
"30m_SKC_15_3",768,512,4.27917653333333,"15_3_SKC","Orpheus_Island","SKC","30m",150,0.00835776666666667,0.744403836641912,-2.07790975771903
"30m_SKC_15_3",1536,1024,10.6963818666667,"15_3_SKC","Orpheus_Island","SKC","30m",150,0.0104456854166667,1.04543383230589,-1.98106305755924
"30m_SKC_15_4",24,16,1.1951298148982,"15_4_SKC","Orpheus_Island","SKC","30m",150,0.0746956134311376,-0.760746141677994,-1.12670490178017
"30m_SKC_15_4",48,32,0.24482897500204,"15_4_SKC","Orpheus_Island","SKC","30m",150,0.00765090546881376,-0.459716146014013,-2.11628716395241
"30m_SKC_15_4",96,64,11.1778573676161,"15_4_SKC","Orpheus_Island","SKC","30m",150,0.174654021369002,-0.158686150350032,-0.757821410379835
"30m_SKC_15_4",192,128,14.805279622787,"15_4_SKC","Orpheus_Island","SKC","30m",150,0.115666247053023,0.142343845313949,-0.936793355458072
"30m_SKC_15_4",384,256,21.0363825384753,"15_4_SKC","Orpheus_Island","SKC","30m",150,0.0821733692909191,0.443373840977931,-1.08526890562154
"30m_SKC_15_4",1536,1024,26.5689659582924,"15_4_SKC","Orpheus_Island","SKC","30m",150,0.025946255818645,1.04543383230589,-1.58592530427494
"30m_SKC_16_1",48,32,0.499529658667676,"16_1_SKC","Orpheus_Island","SKC","30m",150,0.0156103018333649,-0.459716146014013,-1.80658869954504
"30m_SKC_16_1",96,64,2.55175300223544,"16_1_SKC","Orpheus_Island","SKC","30m",150,0.0398711406599287,-0.158686150350032,-1.39934133957647
"30m_SKC_16_2",24,16,0.865980667729222,"16_2_SKC","Orpheus_Island","SKC","30m",150,0.0541237917330764,-0.760746141677994,-1.26661178577973
"30m_SKC_16_2",48,32,4.1656295650667,"16_2_SKC","Orpheus_Island","SKC","30m",150,0.130175923908334,-0.459716146014013,-0.885469331287242
"30m_SKC_16_2",96,64,4.21798960234272,"16_2_SKC","Orpheus_Island","SKC","30m",150,0.065906087536605,-0.158686150350032,-1.18107446914722
"30m_SKC_16_2",192,128,5.06590390247829,"16_2_SKC","Orpheus_Island","SKC","30m",150,0.0395773742381116,0.142343845313949,-1.40255302245217
"30m_SKC_16_2",384,256,2.67409870051823,"16_2_SKC","Orpheus_Island","SKC","30m",150,0.0104456980488993,0.443373840977931,-1.98106253235621
"30m_SKC_16_2",768,512,4.27917653333333,"16_2_SKC","Orpheus_Island","SKC","30m",150,0.00835776666666667,0.744403836641912,-2.07790975771903
"30m_SKC_16_3",24,16,0.149615489174636,"16_3_SKC","Orpheus_Island","SKC","30m",150,0.00935096807341478,-0.760746141677994,-2.02914342579287
"30m_SKC_16_3",48,32,1.08764523164304,"16_3_SKC","Orpheus_Island","SKC","30m",150,0.033988913488845,-0.459716146014013,-1.46866271812777
"30m_SKC_16_3",96,64,5.67682682038252,"16_3_SKC","Orpheus_Island","SKC","30m",150,0.0887004190684769,-0.158686150350032,-1.05207432832276
"30m_SKC_16_3",192,128,18.1006327192706,"16_3_SKC","Orpheus_Island","SKC","30m",150,0.141411193119301,0.142343845313949,-0.849516213470116
"30m_SKC_16_3",768,512,4.84471710577572,"16_3_SKC","Orpheus_Island","SKC","30m",150,0.0094623380972182,0.744403836641912,-2.0240015383068
"30m_SKC_16_3",3072,2048,72.000576,"16_3_SKC","Orpheus_Island","SKC","30m",150,0.03515653125,1.34646382796987,-1.45399398153057
"30m_SKC_16_4",24,16,0.685839713070928,"16_4_SKC","Orpheus_Island","SKC","30m",150,0.042864982066933,-0.760746141677994,-1.36789735362939
"30m_SKC_16_4",48,32,1.0556928,"16_4_SKC","Orpheus_Island","SKC","30m",150,0.0329904,-0.459716146014013,-1.48161241871535
"30m_SKC_16_4",96,64,7.34656373684786,"16_4_SKC","Orpheus_Island","SKC","30m",150,0.114790058388248,-0.158686150350032,-0.940095723210573
"30m_SKC_16_4",192,128,4.97447264498458,"16_4_SKC","Orpheus_Island","SKC","30m",150,0.038863067538942,0.142343845313949,-1.41046292265911
"30m_SKC_16_4",384,256,12.456329236617,"16_4_SKC","Orpheus_Island","SKC","30m",150,0.048657536080535,0.443373840977931,-1.31284988664482
"30m_SKC_16_4",768,512,4.84471710577572,"16_4_SKC","Orpheus_Island","SKC","30m",150,0.0094623380972182,0.744403836641912,-2.0240015383068
"30m_SKC_16_4",1536,1024,8.21095422195877,"16_4_SKC","Orpheus_Island","SKC","30m",150,0.00801850998238161,1.04543383230589,-2.09590632579929
"50m_ACS_11_2",24,16,0.0897692935047818,"11_2_ACS","Orpheus_Island","ACS","50m",250,0.00561058084404887,-0.760746141677994,-2.25099217540923
"50m_ACS_11_2",48,32,0.305251305001224,"11_2_ACS","Orpheus_Island","ACS","50m",250,0.00953910328128826,-0.459716146014013,-2.02049244901627
"50m_ACS_11_2",96,64,2.16241694654945,"11_2_ACS","Orpheus_Island","ACS","50m",250,0.0337877647898352,-0.158686150350032,-1.47124053777672
"50m_ACS_11_2",192,128,5.68504354077013,"11_2_ACS","Orpheus_Island","ACS","50m",250,0.0444144026622666,0.142343845313949,-1.35247617442468
"50m_ACS_11_2",384,256,9.52234412841783,"11_2_ACS","Orpheus_Island","ACS","50m",250,0.0371966567516322,0.443373840977931,-1.42949609290216
"50m_ACS_11_2",768,512,2.59883141397719,"11_2_ACS","Orpheus_Island","ACS","50m",250,0.0050758426054242,0.744403836641912,-2.29449185321554
"50m_ACS_11_2",3072,2048,16.2247259096024,"11_2_ACS","Orpheus_Island","ACS","50m",250,0.00792222944804806,1.34646382796987,-2.10115258346945
"50m_ACS_11_2",6144,4096,18.0440150163576,"11_2_ACS","Orpheus_Island","ACS","50m",250,0.00440527710360293,1.64749382363386,-2.356026768119
"50m_ACS_11_3",24,16,0.755164619700557,"11_3_ACS","Orpheus_Island","ACS","50m",250,0.0471977887312848,-0.760746141677994,-1.32607834806712
"50m_ACS_11_3",48,32,0.546975912632069,"11_3_ACS","Orpheus_Island","ACS","50m",250,0.0170929972697521,-0.459716146014013,-1.76718177674207
"50m_ACS_11_3",96,64,1.0163499298412,"11_3_ACS","Orpheus_Island","ACS","50m",250,0.0158804676537687,-0.158686150350032,-1.79913671245926
"50m_ACS_11_3",192,128,9.54229628173293,"11_3_ACS","Orpheus_Island","ACS","50m",250,0.0745491897010385,0.142343845313949,-1.12755707267081
"50m_ACS_11_3",384,256,6.62076223388423,"11_3_ACS","Orpheus_Island","ACS","50m",250,0.0258623524761103,0.443373840977931,-1.58733197361936
"50m_ACS_11_3",768,512,7.58120448,"11_3_ACS","Orpheus_Island","ACS","50m",250,0.01480704,0.744403836641912,-1.82953175040168
"50m_ACS_11_3",1536,1024,20.6626841032885,"11_3_ACS","Orpheus_Island","ACS","50m",250,0.0201784024446176,1.04543383230589,-1.69511322050502
"50m_ACS_11_3",6144,4096,18.0440150163576,"11_3_ACS","Orpheus_Island","ACS","50m",250,0.00440527710360293,1.64749382363386,-2.356026768119
"50m_ACS_12_1",24,16,0.476836658376629,"12_1_ACS","Fantome_Island","ACS","50m",250,0.0298022911485393,-0.760746141677994,-1.52575034683252
"50m_ACS_12_1",48,32,0.47506176,"12_1_ACS","Fantome_Island","ACS","50m",250,0.01484568,-0.459716146014013,-1.82839990494001
"50m_ACS_12_1",96,64,9.63860903995904,"12_1_ACS","Fantome_Island","ACS","50m",250,0.15060326624936,-0.158686150350032,-0.822165609153305
"50m_ACS_12_1",192,128,18.6079163426167,"12_1_ACS","Fantome_Island","ACS","50m",250,0.145374346426693,0.142343845313949,-0.837512224758206
"50m_ACS_12_1",384,256,26.861178143473,"12_1_ACS","Fantome_Island","ACS","50m",250,0.104926477122941,0.443373840977931,-0.979114908208185
"50m_ACS_12_1",768,512,2.94867187918885,"12_1_ACS","Fantome_Island","ACS","50m",250,0.00575912476404072,0.744403836641912,-2.23964351293606
"50m_ACS_12_2",12,8,0.175731852386769,"12_2_ACS","Fantome_Island","ACS","50m",250,0.0219664815483462,-1.06177613734198,-1.65823950004389
"50m_ACS_12_2",24,16,0.564838274246914,"12_2_ACS","Fantome_Island","ACS","50m",250,0.0353023921404321,-0.760746141677994,-1.45219586520169
"50m_ACS_12_2",48,32,2.09670992001809,"12_2_ACS","Fantome_Island","ACS","50m",250,0.0655221850005654,-0.459716146014013,-1.18361162837422
"50m_ACS_12_2",96,64,6.3931807167768,"12_2_ACS","Fantome_Island","ACS","50m",250,0.0998934486996376,-0.158686150350032,-1.00046299312429
"50m_ACS_12_2",192,128,32.3713046177245,"12_2_ACS","Fantome_Island","ACS","50m",250,0.252900817325973,0.142343845313949,-0.597049767098512
"50m_ACS_12_2",384,256,13.9847081833619,"12_2_ACS","Fantome_Island","ACS","50m",250,0.0546277663412576,0.443373840977931,-1.26258655686229
"50m_ACS_12_2",768,512,18.1142107852146,"12_2_ACS","Fantome_Island","ACS","50m",250,0.0353793179398724,0.744403836641912,-1.45125054389111
"50m_ACS_12_3",24,16,0.289187602436974,"12_3_ACS","Fantome_Island","ACS","50m",250,0.0180742251523109,-0.760746141677994,-1.74294031197472
"50m_ACS_12_3",48,32,2.63505570986514,"12_3_ACS","Fantome_Island","ACS","50m",250,0.0823454909332855,-0.459716146014013,-1.0843601768999
"50m_ACS_12_3",96,64,7.76250868360176,"12_3_ACS","Fantome_Island","ACS","50m",250,0.121289198181278,-0.158686150350032,-0.916177874971461
"50m_ACS_12_3",192,128,12.9040855116651,"12_3_ACS","Fantome_Island","ACS","50m",250,0.100813168059884,0.142343845313949,-0.996482737312745
"50m_ACS_12_3",384,256,7.10214785029732,"12_3_ACS","Fantome_Island","ACS","50m",250,0.0277427650402239,0.443373840977931,-1.55685025624517
"50m_ACS_12_3",768,512,3.22042484242987,"12_3_ACS","Fantome_Island","ACS","50m",250,0.00628989227037084,0.744403836641912,-2.2013567928352
"50m_ACS_12_4",24,16,0.487330681226998,"12_4_ACS","Fantome_Island","ACS","50m",250,0.0304581675766874,-0.760746141677994,-1.51629622822491
"50m_ACS_12_4",48,32,1.08442346731591,"12_4_ACS","Fantome_Island","ACS","50m",250,0.0338882333536222,-0.459716146014013,-1.46995107102016
"50m_ACS_12_4",96,64,0.572968816428968,"12_4_ACS","Fantome_Island","ACS","50m",250,0.00895263775670263,-0.158686150350032,-2.04804898765585
"50m_ACS_12_4",192,128,47.762621631551,"12_4_ACS","Fantome_Island","ACS","50m",250,0.373145481496492,0.142343845313949,-0.428121812982408
"50m_ACS_12_4",384,256,35.305565079904,"12_4_ACS","Fantome_Island","ACS","50m",250,0.137912363593375,0.443373840977931,-0.860396798365907
"50m_ACS_12_4",768,512,5.11666314440349,"12_4_ACS","Fantome_Island","ACS","50m",250,0.00999348270391306,0.744403836641912,-2.00028313484645
"50m_ACS_12_4",3072,2048,10.9326504988728,"12_4_ACS","Fantome_Island","ACS","50m",250,0.00533820825140272,1.34646382796987,-2.27260448774767
"50m_ACS_13_1",24,16,0.251396830628502,"13_1_ACS","Fantome_Island","ACS","50m",250,0.0157123019142814,-0.760746141677994,-1.80376018444214
"50m_ACS_13_1",48,32,2.94412110837985,"13_1_ACS","Fantome_Island","ACS","50m",250,0.0920037846368703,-0.459716146014013,-1.03619430729464
"50m_ACS_13_1",96,64,0.945543522847432,"13_1_ACS","Fantome_Island","ACS","50m",250,0.0147741175444911,-0.158686150350032,-1.830498450007
"50m_ACS_13_1",192,128,22.3403765954105,"13_1_ACS","Fantome_Island","ACS","50m",250,0.174534192151645,0.142343845313949,-0.758119479832908
"50m_ACS_13_1",384,256,17.5052370435588,"13_1_ACS","Fantome_Island","ACS","50m",250,0.0683798322014017,0.443373840977931,-1.16507196926178
"50m_ACS_13_1",768,512,3.83254528,"13_1_ACS","Fantome_Island","ACS","50m",250,0.00748544,0.744403836641912,-2.12578266640233
"50m_ACS_13_1",1536,1024,6.41782912,"13_1_ACS","Fantome_Island","ACS","50m",250,0.00626741125,1.04543383230589,-2.2029118071756
"50m_ACS_13_2",24,16,0.937559924228347,"13_2_ACS","Fantome_Island","ACS","50m",250,0.0585974952642717,-0.760746141677994,-1.2321209473975
"50m_ACS_13_2",48,32,2.94043631899385,"13_2_ACS","Fantome_Island","ACS","50m",250,0.0918886349685578,-0.459716146014013,-1.03673819999217
"50m_ACS_13_2",96,64,0.287206239585014,"13_2_ACS","Fantome_Island","ACS","50m",250,0.00448759749351584,-0.158686150350032,-2.34798610321897
"50m_ACS_13_2",192,128,13.9123770177473,"13_2_ACS","Fantome_Island","ACS","50m",250,0.10869044545115,0.142343845313949,-0.963808631352709
"50m_ACS_13_2",384,256,7.6991729691081,"13_2_ACS","Fantome_Island","ACS","50m",250,0.0300748944105785,0.443373840977931,-1.52179588874235
"50m_ACS_13_2",1536,1024,11.6857995515615,"13_2_ACS","Fantome_Island","ACS","50m",250,0.0114119136245718,1.04543383230589,-1.94264152412623
"50m_ACS_13_3",24,16,0.915952121857913,"13_3_ACS","Fantome_Island","ACS","50m",250,0.0572470076161196,-0.760746141677994,-1.24224720959544
"50m_ACS_13_3",48,32,2.13773825318661,"13_3_ACS","Fantome_Island","ACS","50m",250,0.0668043204120816,-0.459716146014013,-1.17519544964344
"50m_ACS_13_3",96,64,14.1661890259062,"13_3_ACS","Fantome_Island","ACS","50m",250,0.221346703529785,-0.158686150350032,-0.654926941493964
"50m_ACS_13_3",192,128,14.5832618013108,"13_3_ACS","Fantome_Island","ACS","50m",250,0.113931732822741,0.142343845313949,-0.943355297251863
"50m_ACS_13_4",24,16,0.273295844871847,"13_4_ACS","Fantome_Island","ACS","50m",250,0.0170809903044904,-0.760746141677994,-1.76748695382805
"50m_ACS_13_4",48,32,2.23057309379529,"13_4_ACS","Fantome_Island","ACS","50m",250,0.0697054091811028,-0.459716146014013,-1.15673351908487
"50m_ACS_13_4",96,64,1.63429153384658,"13_4_ACS","Fantome_Island","ACS","50m",250,0.0255358052163528,-0.158686150350032,-1.59285044305594
"50m_ACS_13_4",192,128,37.848914352016,"13_4_ACS","Fantome_Island","ACS","50m",250,0.295694643375125,0.142343845313949,-0.529156542818137
"50m_ACS_13_4",384,256,12.855220761544,"13_4_ACS","Fantome_Island","ACS","50m",250,0.0502157060997813,0.443373840977931,-1.29916042616905
"50m_ACS_13_4",768,512,18.3666965973271,"13_4_ACS","Fantome_Island","ACS","50m",250,0.0358724542916546,0.744403836641912,-1.44523890910995
"50m_ACS_13_4",1536,1024,6.69860795906143,"13_4_ACS","Fantome_Island","ACS","50m",250,0.00654160933502093,1.04543383230589,-2.1843153955077
"50m_ACS_13_4",3072,2048,10.9326504988728,"13_4_ACS","Fantome_Island","ACS","50m",250,0.00533820825140272,1.34646382796987,-2.27260448774767
"50m_ACS_14_1",24,16,0.164764175158879,"14_1_ACS","Fantome_Island","ACS","50m",250,0.0102977609474299,-0.760746141677994,-1.98725719411852
"50m_ACS_14_1",48,32,0.772919490714243,"14_1_ACS","Fantome_Island","ACS","50m",250,0.0241537340848201,-0.459716146014013,-1.61701571927803
"50m_ACS_14_1",96,64,14.9477178444021,"14_1_ACS","Fantome_Island","ACS","50m",250,0.233558091318783,-0.158686150350032,-0.631605082543492
"50m_ACS_14_1",192,128,3.53204457965641,"14_1_ACS","Fantome_Island","ACS","50m",250,0.0275940982785657,0.142343845313949,-1.55918379326538
"50m_ACS_14_1",768,512,2.56750592,"14_1_ACS","Fantome_Island","ACS","50m",250,0.00501466,0.744403836641912,-2.29975850733539
"50m_ACS_14_2",24,16,0.432205198165728,"14_2_ACS","Fantome_Island","ACS","50m",250,0.027012824885358,-0.760746141677994,-1.56842999678358
"50m_ACS_14_2",48,32,1.65724763466423,"14_2_ACS","Fantome_Island","ACS","50m",250,0.0517889885832571,-0.459716146014013,-1.28576257048432
"50m_ACS_14_2",96,64,7.35636639637253,"14_2_ACS","Fantome_Island","ACS","50m",250,0.114943224943321,-0.158686150350032,-0.939516622101916
"50m_ACS_14_2",192,128,6.25948803648121,"14_2_ACS","Fantome_Island","ACS","50m",250,0.0489022502850095,0.142343845313949,-1.31067115593003
"50m_ACS_14_2",384,256,1.92917136429587,"14_2_ACS","Fantome_Island","ACS","50m",250,0.00753582564178074,0.443373840977931,-2.12286915847533
"50m_ACS_14_2",768,512,3.83254528,"14_2_ACS","Fantome_Island","ACS","50m",250,0.00748544,0.744403836641912,-2.12578266640233
"50m_ACS_14_3",24,16,0.614871557736529,"14_3_ACS","Fantome_Island","ACS","50m",250,0.038429472358533,-0.760746141677994,-1.41533557841233
"50m_ACS_14_3",48,32,0.757399995003672,"14_3_ACS","Fantome_Island","ACS","50m",250,0.0236687498438648,-0.459716146014013,-1.6258246804
"50m_ACS_14_3",96,64,16.2021285248442,"14_3_ACS","Fantome_Island","ACS","50m",250,0.253158258200691,-0.158686150350032,-0.596607901054178
"50m_ACS_14_3",192,128,1.46735569418283,"14_3_ACS","Fantome_Island","ACS","50m",250,0.0114637163608034,0.142343845313949,-1.9406745679406
"50m_ACS_14_3",384,256,3.26200574675093,"14_3_ACS","Fantome_Island","ACS","50m",250,0.0127422099482458,0.443373840977931,-1.89475524350029
"50m_ACS_14_3",768,512,2.94867187918885,"14_3_ACS","Fantome_Island","ACS","50m",250,0.00575912476404072,0.744403836641912,-2.23964351293606
"50m_ACS_14_4",24,16,1.27375011072934,"14_4_ACS","Fantome_Island","ACS","50m",250,0.079609381920584,-0.760746141677994,-1.09903574788746
"50m_ACS_14_4",48,32,3.00615074663027,"14_4_ACS","Fantome_Island","ACS","50m",250,0.0939422108321958,-0.459716146014013,-1.0271392233637
"50m_ACS_14_4",96,64,12.0180413504132,"14_4_ACS","Fantome_Island","ACS","50m",250,0.187781896100206,-0.158686150350032,-0.726346280029302
"50m_ACS_14_4",192,128,2.8379552839855,"14_4_ACS","Fantome_Island","ACS","50m",250,0.0221715256561367,0.142343845313949,-1.65420442139863
"50m_ACS_14_4",384,256,1.83100763712181,"14_4_ACS","Fantome_Island","ACS","50m",250,0.00715237358250709,0.443373840977931,-2.14554980956671
"50m_ACS_15_1",24,16,2.01493962498847,"15_1_ACS","Orpheus_Island","ACS","50m",250,0.12593372656178,-0.760746141677994,-0.899857945045883
"50m_ACS_15_1",48,32,1.30502890231958,"15_1_ACS","Orpheus_Island","ACS","50m",250,0.0407821531974869,-0.459716146014013,-1.38952984827096
"50m_ACS_15_1",96,64,10.5709748078288,"15_1_ACS","Orpheus_Island","ACS","50m",250,0.165171481372324,-0.158686150350032,-0.782064936142832
"50m_ACS_15_1",192,128,18.4839131811485,"15_1_ACS","Orpheus_Island","ACS","50m",250,0.144405571727722,0.142343845313949,-0.840416049675508
"50m_ACS_15_1",384,256,10.6037042641413,"15_1_ACS","Orpheus_Island","ACS","50m",250,0.041420719781802,0.443373840977931,-1.38278235849547
"50m_ACS_15_1",768,512,10.228324964796,"15_1_ACS","Orpheus_Island","ACS","50m",250,0.0199771971968673,0.744403836641912,-1.69946544340333
"50m_ACS_15_2",24,16,3.58771679648628,"15_2_ACS","Orpheus_Island","ACS","50m",250,0.224232299780392,-0.760746141677994,-0.649301828823869
"50m_ACS_15_2",48,32,4.34812173951042,"15_2_ACS","Orpheus_Island","ACS","50m",250,0.135878804359701,-0.459716146014013,-0.86684828327882
"50m_ACS_15_2",96,64,7.50917024944313,"15_2_ACS","Orpheus_Island","ACS","50m",250,0.117330785147549,-0.158686150350032,-0.930588023131095
"50m_ACS_15_2",192,128,5.62545458180537,"15_2_ACS","Orpheus_Island","ACS","50m",250,0.0439488639203544,0.142343845313949,-1.35705234697242
"50m_ACS_15_2",384,256,1.30570496,"15_2_ACS","Orpheus_Island","ACS","50m",250,0.00510041,0.443373840977931,-2.29239491143528
"50m_ACS_15_2",768,512,13.7415006428361,"15_2_ACS","Orpheus_Island","ACS","50m",250,0.0268388684430392,0.744403836641912,-1.57123579846219
"50m_ACS_15_2",1536,1024,11.7293622739373,"15_2_ACS","Orpheus_Island","ACS","50m",250,0.0114544553456419,1.04543383230589,-1.94102555649692
"50m_ACS_15_3",24,16,1.49712912757714,"15_3_ACS","Orpheus_Island","ACS","50m",250,0.0935705704735712,-0.760746141677994,-1.02886072274326
"50m_ACS_15_3",48,32,2.27266758104526,"15_3_ACS","Orpheus_Island","ACS","50m",250,0.0710208619076644,-0.459716146014013,-1.14861406141386
"50m_ACS_15_3",96,64,8.18163736514408,"15_3_ACS","Orpheus_Island","ACS","50m",250,0.127838083830376,-0.158686150350032,-0.893339747636864
"50m_ACS_15_3",192,128,4.86971535161935,"15_3_ACS","Orpheus_Island","ACS","50m",250,0.0380446511845262,0.142343845313949,-1.4197063934094
"50m_ACS_15_3",384,256,3.85846345731658,"15_3_ACS","Orpheus_Island","ACS","50m",250,0.0150721228801429,0.443373840977931,-1.82182557381669
"50m_ACS_15_3",768,512,6.73937554346543,"15_3_ACS","Orpheus_Island","ACS","50m",250,0.0131628428583309,0.744403836641912,-1.88065030340061
"50m_ACS_15_4",24,16,3.43694840804034,"15_4_ACS","Orpheus_Island","ACS","50m",250,0.214809275502521,-0.760746141677994,-0.667946969655028
"50m_ACS_15_4",48,32,8.85980890894678,"15_4_ACS","Orpheus_Island","ACS","50m",250,0.276869028404587,-0.459716146014013,-0.557725623327316
"50m_ACS_15_4",96,64,29.3701760423496,"15_4_ACS","Orpheus_Island","ACS","50m",250,0.458909000661713,-0.158686150350032,-0.338273424328915
"50m_ACS_15_4",192,128,11.2781390369677,"15_4_ACS","Orpheus_Island","ACS","50m",250,0.0881104612263103,0.142343845313949,-1.05497252537748
"50m_ACS_15_4",384,256,2.66998305165346,"15_4_ACS","Orpheus_Island","ACS","50m",250,0.0104296212955213,0.443373840977931,-1.98173146072508
"50m_ACS_16_1",24,16,1.23434938590952,"16_1_ACS","Orpheus_Island","ACS","50m",250,0.0771468366193448,-0.760746141677994,-1.11268187733809
"50m_ACS_16_1",48,32,5.14369185820923,"16_1_ACS","Orpheus_Island","ACS","50m",250,0.160740370569038,-0.459716146014013,-0.79387503478939
"50m_ACS_16_1",96,64,19.9368320353369,"16_1_ACS","Orpheus_Island","ACS","50m",250,0.311513000552139,-0.158686150350032,-0.506523823963916
"50m_ACS_16_1",192,128,8.92503123491334,"16_1_ACS","Orpheus_Island","ACS","50m",250,0.0697268065227604,0.142343845313949,-1.15660022496148
"50m_ACS_16_1",384,256,20.5077906541548,"16_1_ACS","Orpheus_Island","ACS","50m",250,0.0801085572427921,0.443373840977931,-1.09632108984802
"50m_ACS_16_1",768,512,7.7715408276443,"16_1_ACS","Orpheus_Island","ACS","50m",250,0.0151787906789928,0.744403836641912,-1.8187628280691
"50m_ACS_16_1",1536,1024,26.7276741971262,"16_1_ACS","Orpheus_Island","ACS","50m",250,0.0261012443331311,1.04543383230589,-1.58333878790575
"50m_ACS_16_2",24,16,1.53366949993428,"16_2_ACS","Orpheus_Island","ACS","50m",250,0.0958543437458926,-0.760746141677994,-1.01838820180389
"50m_ACS_16_2",48,32,4.01042029355942,"16_2_ACS","Orpheus_Island","ACS","50m",250,0.125325634173732,-0.459716146014013,-0.901960089089092
"50m_ACS_16_2",96,64,19.81104687771,"16_2_ACS","Orpheus_Island","ACS","50m",250,0.309547607464218,-0.158686150350032,-0.509272548359535
"50m_ACS_16_2",192,128,6.13769544524453,"16_2_ACS","Orpheus_Island","ACS","50m",250,0.0479507456659729,0.142343845313949,-1.31920463487289
"50m_ACS_16_2",384,256,14.6948992885852,"16_2_ACS","Orpheus_Island","ACS","50m",250,0.0574019503460358,0.443373840977931,-1.24107335132796
"50m_ACS_16_2",768,512,10.4763950259171,"16_2_ACS","Orpheus_Island","ACS","50m",250,0.0204617090349943,0.744403836641912,-1.6890580952832
"50m_ACS_16_2",1536,1024,4.46232838595365,"16_2_ACS","Orpheus_Island","ACS","50m",250,0.00435774256440787,1.04543383230589,-2.36073842947284
"50m_ACS_16_2",3072,2048,9.10508078748108,"16_2_ACS","Orpheus_Island","ACS","50m",250,0.00444584022826225,1.34646382796987,-2.35204614875148
"50m_ACS_16_3",24,16,0.682742172809152,"16_3_ACS","Orpheus_Island","ACS","50m",250,0.042671385800572,-0.760746141677994,-1.36986325271677
"50m_ACS_16_3",48,32,1.28872389225252,"16_3_ACS","Orpheus_Island","ACS","50m",250,0.0402726216328912,-0.459716146014013,-1.39499009813931
"50m_ACS_16_3",96,64,1.66800871075582,"16_3_ACS","Orpheus_Island","ACS","50m",250,0.0260626361055597,-0.158686150350032,-1.58398165968258
"50m_ACS_16_3",192,128,5.17301072321297,"16_3_ACS","Orpheus_Island","ACS","50m",250,0.0404141462751013,0.142343845313949,-1.39346659098219
"50m_ACS_16_3",384,256,9.80069961408151,"16_3_ACS","Orpheus_Island","ACS","50m",250,0.0382839828675059,0.443373840977931,-1.41698288679383
"50m_ACS_16_3",768,512,41.1776688971666,"16_3_ACS","Orpheus_Island","ACS","50m",250,0.0804251345647785,0.744403836641912,-1.09460820377766
"50m_ACS_16_3",1536,1024,6.94483982463419,"16_3_ACS","Orpheus_Island","ACS","50m",250,0.00678207014124433,1.04543383230589,-2.16863772299234
"50m_ACS_16_3",3072,2048,8.54131408419456,"16_3_ACS","Orpheus_Island","ACS","50m",250,0.00417056351767313,1.34646382796987,-2.37980526011467
"50m_ACS_16_4",48,32,1.09493836645092,"16_4_ACS","Orpheus_Island","ACS","50m",250,0.0342168239515912,-0.459716146014013,-1.46576030468131
"50m_ACS_16_4",96,64,3.39464318082403,"16_4_ACS","Orpheus_Island","ACS","50m",250,0.0530412997003754,-0.158686150350032,-1.27538584271441
"50m_ACS_16_4",192,128,6.06808238904226,"16_4_ACS","Orpheus_Island","ACS","50m",250,0.0474068936643927,0.142343845313949,-1.32415850088461
"50m_ACS_16_4",384,256,10.3003712927448,"16_4_ACS","Orpheus_Island","ACS","50m",250,0.0402358253622843,0.443373840977931,-1.39538708551115
"50m_ACS_16_4",768,512,4.65595817053908,"16_4_ACS","Orpheus_Island","ACS","50m",250,0.00909366830183413,0.744403836641912,-2.04126089104913
"50m_ACS_16_4",1536,1024,32.1659914857785,"16_4_ACS","Orpheus_Island","ACS","50m",250,0.0314121010603306,1.04543383230589,-1.50290301398702
"50m_HFY_11_1",24,16,1.22639469658405,"11_1_HFY","Orpheus_Island","HFY","50m",250,0.0766496685365032,-0.760746141677994,-1.11548971886673
"50m_HFY_11_1",48,32,0.527573794101949,"11_1_HFY","Orpheus_Island","HFY","50m",250,0.0164866810656859,-0.459716146014013,-1.78286676339322
"50m_HFY_11_1",96,64,1.52272819643285,"11_1_HFY","Orpheus_Island","HFY","50m",250,0.0237926280692632,-0.158686150350032,-1.62355758432082
"50m_HFY_11_1",192,128,5.77758242259647,"11_1_HFY","Orpheus_Island","HFY","50m",250,0.0451373626765349,0.142343845313949,-1.34546381983709
"50m_HFY_11_1",384,256,9.77382465478733,"11_1_HFY","Orpheus_Island","HFY","50m",250,0.038179002557763,0.443373840977931,-1.41817542191716
"50m_HFY_11_2",12,8,0.175731852386769,"11_2_HFY","Orpheus_Island","HFY","50m",250,0.0219664815483462,-1.06177613734198,-1.65823950004389
"50m_HFY_11_2",24,16,1.21539923041509,"11_2_HFY","Orpheus_Island","HFY","50m",250,0.0759624519009432,-0.760746141677994,-1.1194010256377
"50m_HFY_11_2",48,32,1.16144073963794,"11_2_HFY","Orpheus_Island","HFY","50m",250,0.0362950231136856,-0.459716146014013,-1.44015292268973
"50m_HFY_11_2",96,64,1.42590737857683,"11_2_HFY","Orpheus_Island","HFY","50m",250,0.022279802790263,-0.158686150350032,-1.65208865764012
"50m_HFY_11_2",384,256,5.73523955045175,"11_2_HFY","Orpheus_Island","HFY","50m",250,0.0224032794939522,0.443373840977931,-1.64968840301064
"50m_HFY_11_3",12,8,0.0585772841289231,"11_3_HFY","Orpheus_Island","HFY","50m",250,0.00732216051611539,-1.06177613734198,-2.13536075476355
"50m_HFY_11_3",24,16,1.60409495154066,"11_3_HFY","Orpheus_Island","HFY","50m",250,0.100255934471291,-0.760746141677994,-0.998889910659363
"50m_HFY_11_3",48,32,0.958024637661904,"11_3_HFY","Orpheus_Island","HFY","50m",250,0.0299382699269345,-0.459716146014013,-1.52377330028205
"50m_HFY_11_3",96,64,0.75823682143742,"11_3_HFY","Orpheus_Island","HFY","50m",250,0.0118474503349597,-0.158686150350032,-1.92637510320659
"50m_HFY_11_3",192,128,5.21583723348648,"11_3_HFY","Orpheus_Island","HFY","50m",250,0.0407487283866131,0.142343845313949,-1.38988593939747
"50m_HFY_11_3",384,256,17.3451049426003,"11_3_HFY","Orpheus_Island","HFY","50m",250,0.0677543161820325,0.443373840977931,-1.16906303352614
"50m_HFY_11_3",768,512,5.81467054007175,"11_3_HFY","Orpheus_Island","HFY","50m",250,0.0113567783985776,0.744403836641912,-1.94474484839155
"50m_HFY_11_3",1536,1024,6.41782912,"11_3_HFY","Orpheus_Island","HFY","50m",250,0.00626741125,1.04543383230589,-2.2029118071756
"50m_HFY_11_3",3072,2048,9.44026715430693,"11_3_HFY","Orpheus_Island","HFY","50m",250,0.00460950544643893,1.34646382796987,-2.33634566753966
"50m_HFY_11_4",12,8,0.0585772841289231,"11_4_HFY","Orpheus_Island","HFY","50m",250,0.00732216051611539,-1.06177613734198,-2.13536075476355
"50m_HFY_11_4",24,16,0.623259504118793,"11_4_HFY","Orpheus_Island","HFY","50m",250,0.0389537190074245,-0.760746141677994,-1.40945107284894
"50m_HFY_11_4",48,32,0.748387914868618,"11_4_HFY","Orpheus_Island","HFY","50m",250,0.0233871223396443,-0.459716146014013,-1.63102321251739
"50m_HFY_11_4",96,64,1.65215218044283,"11_4_HFY","Orpheus_Island","HFY","50m",250,0.0258148778194192,-0.158686150350032,-1.58812992610688
"50m_HFY_11_4",192,128,9.22656743969137,"11_4_HFY","Orpheus_Island","HFY","50m",250,0.0720825581225889,0.142343845313949,-1.14216980917091
"50m_HFY_11_4",384,256,22.5259383690419,"11_4_HFY","Orpheus_Island","HFY","50m",250,0.0879919467540699,0.443373840977931,-1.05555707376248
"50m_HFY_11_4",768,512,8.16534261356214,"11_4_HFY","Orpheus_Island","HFY","50m",250,0.0159479347921136,0.744403836641912,-1.79729554874849
"50m_HFY_12_1",12,8,0.0585772841289231,"12_1_HFY","Fantome_Island","HFY","50m",250,0.00732216051611539,-1.06177613734198,-2.13536075476355
"50m_HFY_12_1",24,16,1.15505757872207,"12_1_HFY","Fantome_Island","HFY","50m",250,0.0721910986701296,-0.760746141677994,-1.14151634864595
"50m_HFY_12_1",48,32,3.06228683402545,"12_1_HFY","Fantome_Island","HFY","50m",250,0.0956964635632952,-0.459716146014013,-1.01910411116072
"50m_HFY_12_1",96,64,20.2022695786553,"12_1_HFY","Fantome_Island","HFY","50m",250,0.315660462166489,-0.158686150350032,-0.500779811957165
"50m_HFY_12_1",192,128,15.4409693755379,"12_1_HFY","Fantome_Island","HFY","50m",250,0.12063257324639,0.142343845313949,-0.918535408024329
"50m_HFY_12_2",12,8,0.175731852386769,"12_2_HFY","Fantome_Island","HFY","50m",250,0.0219664815483462,-1.06177613734198,-1.65823950004389
"50m_HFY_12_2",24,16,1.75682387822569,"12_2_HFY","Fantome_Island","HFY","50m",250,0.109801492389106,-0.760746141677994,-0.959391757044862
"50m_HFY_12_2",48,32,4.47986201232402,"12_2_HFY","Fantome_Island","HFY","50m",250,0.139995687885126,-0.459716146014013,-0.853885341154167
"50m_HFY_12_2",96,64,33.5255373033152,"12_2_HFY","Fantome_Island","HFY","50m",250,0.5238365203643,-0.158686150350032,-0.280804227102458
"50m_HFY_12_2",192,128,7.55284610010054,"12_2_HFY","Fantome_Island","HFY","50m",250,0.0590066101570355,0.142343845313949,-1.22909933422358
"50m_HFY_12_3",12,8,0.117154568257846,"12_3_HFY","Fantome_Island","HFY","50m",250,0.0146443210322308,-1.06177613734198,-1.83433075909957
"50m_HFY_12_3",24,16,2.76995351487567,"12_3_HFY","Fantome_Island","HFY","50m",250,0.173122094679729,-0.760746141677994,-0.761647501823384
"50m_HFY_12_3",48,32,4.6330829573886,"12_3_HFY","Fantome_Island","HFY","50m",250,0.144783842418394,-0.459716146014013,-0.839279901813373
"50m_HFY_12_3",96,64,9.82851419486652,"12_3_HFY","Fantome_Island","HFY","50m",250,0.153570534294789,-0.158686150350032,-0.813692104752199
"50m_HFY_12_3",192,128,1.19866908633026,"12_3_HFY","Fantome_Island","HFY","50m",250,0.00936460223695518,0.142343845313949,-2.02851066462768
"50m_HFY_12_4",24,16,0.734630146010201,"12_4_HFY","Fantome_Island","HFY","50m",250,0.0459143841256375,-0.760746141677994,-1.3380512367337
"50m_HFY_12_4",48,32,6.10589136831495,"12_4_HFY","Fantome_Island","HFY","50m",250,0.190809105259842,-0.459716146014013,-0.719400904947675
"50m_HFY_12_4",96,64,39.4238026075506,"12_4_HFY","Fantome_Island","HFY","50m",250,0.615996915742978,-0.158686150350032,-0.210421462314728
"50m_HFY_12_4",192,128,5.62545458180537,"12_4_HFY","Fantome_Island","HFY","50m",250,0.0439488639203544,0.142343845313949,-1.35705234697242
"50m_HFY_12_4",384,256,3.14874230277262,"12_4_HFY","Fantome_Island","HFY","50m",250,0.0122997746202055,0.443373840977931,-1.91010284645474
"50m_HFY_13_1",24,16,0.683094488194704,"13_1_HFY","Fantome_Island","HFY","50m",250,0.042693405512169,-0.760746141677994,-1.36963920157567
"50m_HFY_13_1",48,32,5.02802689936788,"13_1_HFY","Fantome_Island","HFY","50m",250,0.157125840605246,-0.459716146014013,-0.803752385874047
"50m_HFY_13_1",96,64,13.4922575022187,"13_1_HFY","Fantome_Island","HFY","50m",250,0.210816523472167,-0.158686150350032,-0.676095352797475
"50m_HFY_13_1",192,128,3.47871642466596,"13_1_HFY","Fantome_Island","HFY","50m",250,0.0271774720677028,0.142343845313949,-1.56579094194146
"50m_HFY_13_1",768,512,2.05389824,"13_1_HFY","Fantome_Island","HFY","50m",250,0.00401152,0.744403836641912,-2.39669103821956
"50m_HFY_13_2",12,8,0.0585772841289231,"13_2_HFY","Fantome_Island","HFY","50m",250,0.00732216051611539,-1.06177613734198,-2.13536075476355
"50m_HFY_13_2",24,16,1.99004325648327,"13_2_HFY","Fantome_Island","HFY","50m",250,0.124377703530204,-0.760746141677994,-0.905257466121687
"50m_HFY_13_2",48,32,3.13633581048587,"13_2_HFY","Fantome_Island","HFY","50m",250,0.0980104940776833,-0.459716146014013,-1.00872742149084
"50m_HFY_13_2",96,64,6.30523822361835,"13_2_HFY","Fantome_Island","HFY","50m",250,0.0985193472440367,-0.158686150350032,-1.00647847431215
"50m_HFY_13_2",192,128,5.96145222030163,"13_2_HFY","Fantome_Island","HFY","50m",250,0.0465738454711065,0.142343845313949,-1.33185790211593
"50m_HFY_13_2",384,256,8.53965064957533,"13_2_HFY","Fantome_Island","HFY","50m",250,0.0333580103499036,0.443373840977931,-1.47679986090681
"50m_HFY_13_2",768,512,8.06533502359234,"13_2_HFY","Fantome_Island","HFY","50m",250,0.0157526074679538,0.744403836641912,-1.80264754884471
"50m_HFY_13_2",1536,1024,4.1737945856328,"13_2_HFY","Fantome_Island","HFY","50m",250,0.00407597127503203,1.04543383230589,-2.38976888529835
"50m_HFY_13_3",12,8,0.292886420644616,"13_3_HFY","Fantome_Island","HFY","50m",250,0.036610802580577,-1.06177613734198,-1.43639075042753
"50m_HFY_13_3",24,16,2.06125131269165,"13_3_HFY","Fantome_Island","HFY","50m",250,0.128828207043228,-0.760746141677994,-0.889989037426245
"50m_HFY_13_3",48,32,3.85460091269501,"13_3_HFY","Fantome_Island","HFY","50m",250,0.120456278521719,-0.459716146014013,-0.919170558419697
"50m_HFY_13_3",96,64,1.49845057550895,"13_3_HFY","Fantome_Island","HFY","50m",250,0.0234132902423273,-0.158686150350032,-1.63053755111846
"50m_HFY_13_3",192,128,5.49911113908101,"13_3_HFY","Fantome_Island","HFY","50m",250,0.0429618057740704,0.142343845313949,-1.36691747262432
"50m_HFY_13_3",384,256,3.18918656,"13_3_HFY","Fantome_Island","HFY","50m",250,0.01245776,0.443373840977931,-1.90456004010818
"50m_HFY_13_3",768,512,26.2230435691148,"13_3_HFY","Fantome_Island","HFY","50m",250,0.0512168819709273,0.744403836641912,-1.29058686444704
"50m_HFY_13_3",1536,1024,6.25527879371406,"13_3_HFY","Fantome_Island","HFY","50m",250,0.00610867069698638,1.04543383230589,-2.21405328595596
"50m_HFY_13_3",6144,4096,159.1629202591,"13_3_HFY","Fantome_Island","HFY","50m",250,0.0388581348288818,1.64749382363386,-1.41051804915478
"50m_HFY_13_4",12,8,0.292886420644616,"13_4_HFY","Fantome_Island","HFY","50m",250,0.036610802580577,-1.06177613734198,-1.43639075042753
"50m_HFY_13_4",24,16,0.891012044565036,"13_4_HFY","Fantome_Island","HFY","50m",250,0.0556882527853147,-0.760746141677994,-1.25423640785275
"50m_HFY_13_4",48,32,3.17360198824132,"13_4_HFY","Fantome_Island","HFY","50m",250,0.0991750621325412,-0.459716146014013,-1.00359751877102
"50m_HFY_13_4",96,64,1.6493298544455,"13_4_HFY","Fantome_Island","HFY","50m",250,0.0257707789757109,-0.158686150350032,-1.58887245379136
"50m_HFY_13_4",192,128,33.7258948344674,"13_4_HFY","Fantome_Island","HFY","50m",250,0.263483553394276,0.142343845313949,-0.579246488204867
"50m_HFY_13_4",384,256,2.98314367592251,"13_4_HFY","Fantome_Island","HFY","50m",250,0.0116529049840723,0.443373840977931,-1.93356579469947
"50m_HFY_13_4",768,512,10.2267119495845,"13_4_HFY","Fantome_Island","HFY","50m",250,0.0199740467765322,0.744403836641912,-1.69953393739921
"50m_HFY_13_4",1536,1024,94.7566402575016,"13_4_HFY","Fantome_Island","HFY","50m",250,0.0925357815014664,1.04543383230589,-1.03369030289528
"50m_HFY_13_4",6144,4096,18.0148301846324,"13_4_HFY","Fantome_Island","HFY","50m",250,0.00439815190054501,1.64749382363386,-2.35672977533237
"50m_HFY_13_4",12288,8192,48.1019781470757,"13_4_HFY","Fantome_Island","HFY","50m",250,0.0058718235042817,1.94852381929784,-2.23122700695243
"50m_HFY_14_1",12,8,0.117154568257846,"14_1_HFY","Fantome_Island","HFY","50m",250,0.0146443210322308,-1.06177613734198,-1.83433075909957
"50m_HFY_14_1",24,16,0.617269341101632,"14_1_HFY","Fantome_Island","HFY","50m",250,0.038579333818852,-0.760746141677994,-1.41364527594808
"50m_HFY_14_1",48,32,3.59729313818294,"14_1_HFY","Fantome_Island","HFY","50m",250,0.112415410568217,-0.459716146014013,-0.949174149034044
"50m_HFY_14_1",96,64,24.787841987352,"14_1_HFY","Fantome_Island","HFY","50m",250,0.387310031052375,-0.158686150350032,-0.411941254952261
"50m_HFY_14_1",192,128,5.10854654159799,"14_1_HFY","Fantome_Island","HFY","50m",250,0.0399105198562343,0.142343845313949,-1.39891261525723
"50m_HFY_14_1",384,256,3.9202798456326,"14_1_HFY","Fantome_Island","HFY","50m",250,0.0153135931470024,0.443373840977931,-1.81492289546586
"50m_HFY_14_1",768,512,4.89548500526954,"14_1_HFY","Fantome_Island","HFY","50m",250,0.00956149415091707,0.744403836641912,-2.01947423630186
"50m_HFY_14_2",12,8,0.175731852386769,"14_2_HFY","Fantome_Island","HFY","50m",250,0.0219664815483462,-1.06177613734198,-1.65823950004389
"50m_HFY_14_2",24,16,0.486301408874017,"14_2_HFY","Fantome_Island","HFY","50m",250,0.0303938380546261,-0.760746141677994,-1.51721445488227
"50m_HFY_14_2",48,32,4.95612807332836,"14_2_HFY","Fantome_Island","HFY","50m",250,0.154879002291511,-0.459716146014013,-0.81000745768991
"50m_HFY_14_2",96,64,2.54962682372343,"14_2_HFY","Fantome_Island","HFY","50m",250,0.0398379191206787,-0.158686150350032,-1.3997033544353
"50m_HFY_14_2",192,128,10.0055231099944,"14_2_HFY","Fantome_Island","HFY","50m",250,0.0781681492968314,0.142343845313949,-1.10697017024435
"50m_HFY_14_2",384,256,3.29513144864303,"14_2_HFY","Fantome_Island","HFY","50m",250,0.0128716072212618,0.443373840977931,-1.89036722125841
"50m_HFY_14_2",768,512,3.83254528,"14_2_HFY","Fantome_Island","HFY","50m",250,0.00748544,0.744403836641912,-2.12578266640233
"50m_HFY_14_3",24,16,1.02702063629266,"14_3_HFY","Fantome_Island","HFY","50m",250,0.0641887897682911,-0.760746141677994,-1.19254081253675
"50m_HFY_14_3",48,32,4.96564811235691,"14_3_HFY","Fantome_Island","HFY","50m",250,0.155176503511154,-0.459716146014013,-0.809174038026122
"50m_HFY_14_3",96,64,2.64048824190658,"14_3_HFY","Fantome_Island","HFY","50m",250,0.0412576287797904,-0.158686150350032,-1.38449573606828
"50m_HFY_14_3",192,128,52.7797360501085,"14_3_HFY","Fantome_Island","HFY","50m",250,0.412341687891473,0.142343845313949,-0.384742755652204
"50m_HFY_14_3",384,256,3.2055300028163,"14_3_HFY","Fantome_Island","HFY","50m",250,0.0125216015735012,0.443373840977931,-1.90234011920469
"50m_HFY_14_3",768,512,3.48894942133061,"14_3_HFY","Fantome_Island","HFY","50m",250,0.00681435433853634,0.744403836641912,-2.16657528737072
"50m_HFY_14_3",3072,2048,9.76973355573121,"14_3_HFY","Fantome_Island","HFY","50m",250,0.00477037771275938,1.34646382796987,-2.32144723268467
"50m_HFY_14_4",12,8,0.0585772841289231,"14_4_HFY","Fantome_Island","HFY","50m",250,0.00732216051611539,-1.06177613734198,-2.13536075476355
"50m_HFY_14_4",24,16,1.49729485831978,"14_4_HFY","Fantome_Island","HFY","50m",250,0.0935809286449865,-0.760746141677994,-1.02881264942603
"50m_HFY_14_4",48,32,5.38429350897607,"14_4_HFY","Fantome_Island","HFY","50m",250,0.168259172155502,-0.459716146014013,-0.77402125216819
"50m_HFY_14_4",96,64,4.12028308592651,"14_4_HFY","Fantome_Island","HFY","50m",250,0.0643794232176017,-0.158686150350032,-1.19125291852544
"50m_HFY_14_4",192,128,1.09640994010054,"14_4_HFY","Fantome_Island","HFY","50m",250,0.0085657026570355,0.142343845313949,-2.06723700542976
"50m_HFY_14_4",384,256,6.34862603447517,"14_4_HFY","Fantome_Island","HFY","50m",250,0.0247993204471686,0.443373840977931,-1.60556021958057
"50m_HFY_14_4",768,512,14.5306685653118,"14_4_HFY","Fantome_Island","HFY","50m",250,0.0283802120416246,0.744403836641912,-1.54698436405249
"50m_HFY_14_4",3072,2048,25.86968064,"14_4_HFY","Fantome_Island","HFY","50m",250,0.01263168,1.34646382796987,-1.89853888489927
"50m_HFY_15_1",12,8,0.0585772841289231,"15_1_HFY","Orpheus_Island","HFY","50m",250,0.00732216051611539,-1.06177613734198,-2.13536075476355
"50m_HFY_15_1",24,16,0.876734440514346,"15_1_HFY","Orpheus_Island","HFY","50m",250,0.0547959025321466,-0.760746141677994,-1.26125191549756
"50m_HFY_15_1",48,32,3.37213392414463,"15_1_HFY","Orpheus_Island","HFY","50m",250,0.10537918512952,-0.459716146014013,-0.977245164039197
"50m_HFY_15_1",96,64,7.55472702366894,"15_1_HFY","Orpheus_Island","HFY","50m",250,0.118042609744827,-0.158686150350032,-0.927961197467159
"50m_HFY_15_1",192,128,49.4502990660528,"15_1_HFY","Orpheus_Island","HFY","50m",250,0.386330461453537,0.142343845313949,-0.413041047175869
"50m_HFY_15_1",384,256,17.0860854982673,"15_1_HFY","Orpheus_Island","HFY","50m",250,0.0667425214776066,0.443373840977931,-1.17559739008271
"50m_HFY_15_1",768,512,24.2488066398273,"15_1_HFY","Orpheus_Island","HFY","50m",250,0.0473609504684126,0.744403836641912,-1.32457959051139
"50m_HFY_15_1",3072,2048,32.3959859859951,"15_1_HFY","Orpheus_Island","HFY","50m",250,0.0158183525322242,1.34646382796987,-1.80083874987889
"50m_HFY_15_2",12,8,0.175731852386769,"15_2_HFY","Orpheus_Island","HFY","50m",250,0.0219664815483462,-1.06177613734198,-1.65823950004389
"50m_HFY_15_2",24,16,0.910716154573459,"15_2_HFY","Orpheus_Island","HFY","50m",250,0.0569197596608412,-0.760746141677994,-1.2447369423578
"50m_HFY_15_2",48,32,4.63557471731049,"15_2_HFY","Orpheus_Island","HFY","50m",250,0.144861709915953,-0.459716146014013,-0.839046392787933
"50m_HFY_15_2",96,64,12.0378635595351,"15_2_HFY","Orpheus_Island","HFY","50m",250,0.188091618117736,-0.158686150350032,-0.72563055738063
"50m_HFY_15_2",192,128,8.07710721876694,"15_2_HFY","Orpheus_Island","HFY","50m",250,0.0631024001466167,0.142343845313949,-1.19995412172881
"50m_HFY_15_2",384,256,23.3266149363965,"15_2_HFY","Orpheus_Island","HFY","50m",250,0.091119589595299,0.443373840977931,-1.04038824499676
"50m_HFY_15_2",768,512,28.3201522773967,"15_2_HFY","Orpheus_Island","HFY","50m",250,0.0553127974167903,0.744403836641912,-1.25717437675134
"50m_HFY_15_3",24,16,0.400302193973965,"15_3_HFY","Orpheus_Island","HFY","50m",250,0.0250188871233728,-0.760746141677994,-1.6017320122656
"50m_HFY_15_3",48,32,2.83670488687048,"15_3_HFY","Orpheus_Island","HFY","50m",250,0.0886470277147024,-0.459716146014013,-1.05233582147021
"50m_HFY_15_3",96,64,9.20329081981079,"15_3_HFY","Orpheus_Island","HFY","50m",250,0.143801419059544,-0.158686150350032,-0.842236828232076
"50m_HFY_15_3",192,128,11.1632903851524,"15_3_HFY","Orpheus_Island","HFY","50m",250,0.087213206134003,0.142343845313949,-1.05941774767214
"50m_HFY_15_3",384,256,5.84951157429089,"15_3_HFY","Orpheus_Island","HFY","50m",250,0.0228496545870738,0.443373840977931,-1.64112036067342
"50m_HFY_15_3",768,512,7.70251776,"15_3_HFY","Orpheus_Island","HFY","50m",250,0.01504398,0.744403836641912,-1.82263725261573
"50m_HFY_15_3",1536,1024,6.41782912,"15_3_HFY","Orpheus_Island","HFY","50m",250,0.00626741125,1.04543383230589,-2.2029118071756
"50m_HFY_15_4",12,8,0.0585772841289231,"15_4_HFY","Orpheus_Island","HFY","50m",250,0.00732216051611539,-1.06177613734198,-2.13536075476355
"50m_HFY_15_4",24,16,0.349021997740576,"15_4_HFY","Orpheus_Island","HFY","50m",250,0.021813874858786,-0.760746141677994,-1.66126718264151
"50m_HFY_15_4",48,32,0.374193957434309,"15_4_HFY","Orpheus_Island","HFY","50m",250,0.0116935611698222,-0.459716146014013,-1.93205320818137
"50m_HFY_15_4",96,64,15.7098767455705,"15_4_HFY","Orpheus_Island","HFY","50m",250,0.245466824149539,-0.158686150350032,-0.610007196259547
"50m_HFY_15_4",192,128,25.7425033532833,"15_4_HFY","Orpheus_Island","HFY","50m",250,0.201113307447526,0.142343845313949,-0.696559191661747
"50m_HFY_15_4",384,256,6.8173755970396,"15_4_HFY","Orpheus_Island","HFY","50m",250,0.0266303734259359,0.443373840977931,-1.57462274359912
"50m_HFY_15_4",768,512,8.38116644693086,"15_4_HFY","Orpheus_Island","HFY","50m",250,0.0163694657166618,0.744403836641912,-1.78596549530353
"50m_HFY_15_4",1536,1024,4.92657253317526,"15_4_HFY","Orpheus_Island","HFY","50m",250,0.00481110598942897,1.04543383230589,-2.31775507541564
"50m_HFY_16_1",12,8,0.175731852386769,"16_1_HFY","Orpheus_Island","HFY","50m",250,0.0219664815483462,-1.06177613734198,-1.65823950004389
"50m_HFY_16_1",24,16,1.14210986281261,"16_1_HFY","Orpheus_Island","HFY","50m",250,0.0713818664257884,-0.760746141677994,-1.14641210070897
"50m_HFY_16_1",48,32,4.5869562413882,"16_1_HFY","Orpheus_Island","HFY","50m",250,0.143342382543381,-0.459716146014013,-0.843625381247502
"50m_HFY_16_1",96,64,13.827243731828,"16_1_HFY","Orpheus_Island","HFY","50m",250,0.216050683309812,-0.158686150350032,-0.665444355794725
"50m_HFY_16_1",192,128,21.2195017974876,"16_1_HFY","Orpheus_Island","HFY","50m",250,0.165777357792872,0.142343845313949,-0.780474786554836
"50m_HFY_16_1",384,256,2.65809383994314,"16_1_HFY","Orpheus_Island","HFY","50m",250,0.0103831790622779,0.443373840977931,-1.98366965633113
"50m_HFY_16_1",768,512,8.5480763185871,"16_1_HFY","Orpheus_Island","HFY","50m",250,0.0166954615597404,0.744403836641912,-1.77740157001617
"50m_HFY_16_1",3072,2048,16.146432,"16_1_HFY","Orpheus_Island","HFY","50m",250,0.007884,1.34646382796987,-2.10325338439259
"50m_HFY_16_2",12,8,0.117154568257846,"16_2_HFY","Orpheus_Island","HFY","50m",250,0.0146443210322308,-1.06177613734198,-1.83433075909957
"50m_HFY_16_2",24,16,1.99464465553597,"16_2_HFY","Orpheus_Island","HFY","50m",250,0.124665290970998,-0.760746141677994,-0.904254444981756
"50m_HFY_16_2",48,32,3.63432313871659,"16_2_HFY","Orpheus_Island","HFY","50m",250,0.113572598084893,-0.459716146014013,-0.944726439188725
"50m_HFY_16_2",96,64,6.82915855635132,"16_2_HFY","Orpheus_Island","HFY","50m",250,0.106705602442989,-0.158686150350032,-0.971812777893237
"50m_HFY_16_2",192,128,16.229963392944,"16_2_HFY","Orpheus_Island","HFY","50m",250,0.126796589007375,0.142343845313949,-0.896892429381731
"50m_HFY_16_2",384,256,14.5752798342233,"16_2_HFY","Orpheus_Island","HFY","50m",250,0.0569346868524348,0.443373840977931,-1.24462306367892
"50m_HFY_16_2",768,512,15.8741107759054,"16_2_HFY","Orpheus_Island","HFY","50m",250,0.0310041226091902,0.744403836641912,-1.50858055431473
"50m_HFY_16_3",12,8,0.117154568257846,"16_3_HFY","Orpheus_Island","HFY","50m",250,0.0146443210322308,-1.06177613734198,-1.83433075909957
"50m_HFY_16_3",24,16,1.2188809099012,"16_3_HFY","Orpheus_Island","HFY","50m",250,0.0761800568688251,-0.760746141677994,-1.11815870747177
"50m_HFY_16_3",48,32,1.08556437000245,"16_3_HFY","Orpheus_Island","HFY","50m",250,0.0339238865625765,-0.459716146014013,-1.46949439768929
"50m_HFY_16_3",96,64,4.77686867822478,"16_3_HFY","Orpheus_Island","HFY","50m",250,0.0746385730972622,-0.158686150350032,-1.12703667180589
"50m_HFY_16_3",192,128,9.51739140715636,"16_3_HFY","Orpheus_Island","HFY","50m",250,0.074354620368409,0.142343845313949,-1.1286920394062
"50m_HFY_16_3",384,256,3.18186800466472,"16_3_HFY","Orpheus_Island","HFY","50m",250,0.0124291718932216,0.443373840977931,-1.9055578057256
"50m_HFY_16_3",768,512,20.6021776905391,"16_3_HFY","Orpheus_Island","HFY","50m",250,0.0402386283018341,0.744403836641912,-1.39535683240287
"50m_HFY_16_3",3072,2048,8.71000619365553,"16_3_HFY","Orpheus_Island","HFY","50m",250,0.00425293271174586,1.34646382796987,-2.3713114884707
"50m_HFY_16_4",12,8,0.234309136515693,"16_4_HFY","Orpheus_Island","HFY","50m",250,0.0292886420644616,-1.06177613734198,-1.53330076343559
"50m_HFY_16_4",24,16,1.65706315719499,"16_4_HFY","Orpheus_Island","HFY","50m",250,0.103566447324687,-0.760746141677994,-0.98478092125013
"50m_HFY_16_4",48,32,0.794220797973556,"16_4_HFY","Orpheus_Island","HFY","50m",250,0.0248193999366736,-0.459716146014013,-1.60520872273019
"50m_HFY_16_4",96,64,5.64843733724804,"16_4_HFY","Orpheus_Island","HFY","50m",250,0.0882568333945006,-0.158686150350032,-1.05425165885082
"50m_HFY_16_4",192,128,12.2705847264197,"16_4_HFY","Orpheus_Island","HFY","50m",250,0.0958639431751542,0.142343845313949,-1.01834471112568
"50m_HFY_16_4",384,256,1.38622019343311,"16_4_HFY","Orpheus_Island","HFY","50m",250,0.00541492263059807,0.443373840977931,-2.26640774427308
"50m_HFY_16_4",768,512,24.0517838857536,"16_4_HFY","Orpheus_Island","HFY","50m",250,0.0469761404018625,0.744403836641912,-1.32812266808269
"50m_SBT_11_1",24,16,0.742392664081259,"11_1_SBT","Orpheus_Island","SBT","50m",250,0.0463995415050787,-0.760746141677994,-1.33348631088473
"50m_SBT_11_1",48,32,1.09440654535444,"11_1_SBT","Orpheus_Island","SBT","50m",250,0.0342002045423263,-0.459716146014013,-1.46597129653632
"50m_SBT_11_1",96,64,2.38244486511076,"11_1_SBT","Orpheus_Island","SBT","50m",250,0.0372257010173556,-0.158686150350032,-1.42915711506396
"50m_SBT_11_1",192,128,10.114013757396,"11_1_SBT","Orpheus_Island","SBT","50m",250,0.0790157324796564,0.142343845313949,-1.10228642961008
"50m_SBT_11_1",384,256,9.63304133270875,"11_1_SBT","Orpheus_Island","SBT","50m",250,0.0376290677058936,0.443373840977931,-1.42447654158451
"50m_SBT_11_1",768,512,5.89734375837769,"11_1_SBT","Orpheus_Island","SBT","50m",250,0.0115182495280814,0.744403836641912,-1.93861351727208
"50m_SBT_11_2",24,16,0.229624193129132,"11_2_SBT","Orpheus_Island","SBT","50m",250,0.0143515120705708,-0.760746141677994,-1.8431023393962
"50m_SBT_11_2",48,32,0.708392852537391,"11_2_SBT","Orpheus_Island","SBT","50m",250,0.0221372766417935,-0.459716146014013,-1.65487580767543
"50m_SBT_11_2",96,64,4.43496251020268,"11_2_SBT","Orpheus_Island","SBT","50m",250,0.0692962892219168,-0.158686150350032,-1.15929002099561
"50m_SBT_11_2",192,128,18.6142190242952,"11_2_SBT","Orpheus_Island","SBT","50m",250,0.145423586127306,0.142343845313949,-0.837365149912913
"50m_SBT_11_2",384,256,1.84343515169835,"11_2_SBT","Orpheus_Island","SBT","50m",250,0.00720091856132169,0.443373840977931,-2.14261210069812
"50m_SBT_11_2",768,512,11.4457476860771,"11_2_SBT","Orpheus_Island","SBT","50m",250,0.0223549759493693,0.744403836641912,-1.650625793032
"50m_SBT_11_2",1536,1024,4.52832069055933,"11_2_SBT","Orpheus_Island","SBT","50m",250,0.00442218817437435,1.04543383230589,-2.35436278112555
"50m_SBT_11_2",3072,2048,12.9044501587066,"11_2_SBT","Orpheus_Island","SBT","50m",250,0.00630100105405595,1.34646382796987,-2.2005904477344
"50m_SBT_11_3",24,16,2.43883496308703,"11_3_SBT","Orpheus_Island","SBT","50m",250,0.15242718519294,-0.760746141677994,-0.816937570224803
"50m_SBT_11_3",48,32,0.657803223406007,"11_3_SBT","Orpheus_Island","SBT","50m",250,0.0205563507314377,-0.459716146014013,-1.68705398101272
"50m_SBT_11_3",96,64,6.42471727720076,"11_3_SBT","Orpheus_Island","SBT","50m",250,0.100386207456262,-0.158686150350032,-0.998325952899338
"50m_SBT_11_3",192,128,18.8249200388185,"11_3_SBT","Orpheus_Island","SBT","50m",250,0.147069687803269,0.142343845313949,-0.832476829490863
"50m_SBT_11_3",384,256,15.4816476316774,"11_3_SBT","Orpheus_Island","SBT","50m",250,0.0604751860612397,0.443373840977931,-1.21842278679005
"50m_SBT_11_3",768,512,12.8277749015643,"11_3_SBT","Orpheus_Island","SBT","50m",250,0.0250542478546177,0.744403836641912,-1.60111863053844
"50m_SBT_11_3",1536,1024,6.69860795906143,"11_3_SBT","Orpheus_Island","SBT","50m",250,0.00654160933502093,1.04543383230589,-2.1843153955077
"50m_SBT_11_3",3072,2048,94.7384448021097,"11_3_SBT","Orpheus_Island","SBT","50m",250,0.0462590062510301,1.34646382796987,-1.33480370110128
"50m_SBT_11_3",12288,8192,44.8849162764316,"11_3_SBT","Orpheus_Island","SBT","50m",250,0.00547911575640034,1.94852381929784,-2.26128952419846
"50m_SBT_11_4",24,16,1.03185741870116,"11_4_SBT","Orpheus_Island","SBT","50m",250,0.0644910886688223,-0.760746141677994,-1.19050029171095
"50m_SBT_11_4",48,32,0.452148690002448,"11_4_SBT","Orpheus_Island","SBT","50m",250,0.0141296465625765,-0.459716146014013,-1.84986870140993
"50m_SBT_11_4",96,64,33.6747849139628,"11_4_SBT","Orpheus_Island","SBT","50m",250,0.526168514280669,-0.158686150350032,-0.278875143485742
"50m_SBT_11_4",192,128,6.19588848733279,"11_4_SBT","Orpheus_Island","SBT","50m",250,0.0484053788072874,0.142343845313949,-1.31510637685699
"50m_SBT_11_4",384,256,8.40326279525105,"11_4_SBT","Orpheus_Island","SBT","50m",250,0.0328252452939494,0.443373840977931,-1.48379201986421
"50m_SBT_11_4",1536,1024,13.5845674702742,"11_4_SBT","Orpheus_Island","SBT","50m",250,0.0132661791701896,1.04543383230589,-1.87725414150928
"50m_SBT_12_1",24,16,0.206154113719683,"12_1_SBT","Fantome_Island","SBT","50m",250,0.0128846321074802,-0.760746141677994,-1.88992797726614
"50m_SBT_12_1",48,32,1.01158295040963,"12_1_SBT","Fantome_Island","SBT","50m",250,0.0316119672003009,-0.459716146014013,-1.50014847734447
"50m_SBT_12_1",96,64,2.05476210995925,"12_1_SBT","Fantome_Island","SBT","50m",250,0.0321056579681133,-0.158686150350032,-1.49341842529607
"50m_SBT_12_1",192,128,13.3360967938067,"12_1_SBT","Fantome_Island","SBT","50m",250,0.104188256201614,0.142343845313949,-0.98218123069358
"50m_SBT_12_1",384,256,4.51685953049145,"12_1_SBT","Fantome_Island","SBT","50m",250,0.0176439825409822,0.443373840977931,-1.75340338063512
"50m_SBT_12_1",3072,2048,8.9576375661563,"12_1_SBT","Fantome_Island","SBT","50m",250,0.00437384646784976,1.34646382796987,-2.3591364657739
"50m_SBT_12_2",24,16,0.230060790780271,"12_2_SBT","Fantome_Island","SBT","50m",250,0.0143787994237669,-0.760746141677994,-1.84227737441212
"50m_SBT_12_2",48,32,0.431680074868618,"12_2_SBT","Fantome_Island","SBT","50m",250,0.0134900023396443,-0.459716146014013,-1.86998797500604
"50m_SBT_12_2",96,64,3.07854766491023,"12_2_SBT","Fantome_Island","SBT","50m",250,0.0481023072642223,-0.158686150350032,-1.31783409185719
"50m_SBT_12_2",192,128,22.7756797676923,"12_2_SBT","Fantome_Island","SBT","50m",250,0.177934998185096,0.142343845313949,-0.749738621765638
"50m_SBT_12_2",384,256,4.49704472725172,"12_2_SBT","Fantome_Island","SBT","50m",250,0.017566580965827,0.443373840977931,-1.75531275826381
"50m_SBT_12_2",768,512,10.6430637408592,"12_2_SBT","Fantome_Island","SBT","50m",250,0.0207872338688655,0.744403836641912,-1.68220329784569
"50m_SBT_12_2",1536,1024,48.6508856616577,"12_2_SBT","Fantome_Island","SBT","50m",250,0.0475106305289626,1.04543383230589,-1.32320920587985
"50m_SBT_12_2",3072,2048,102.720956990863,"12_2_SBT","Fantome_Island","SBT","50m",250,0.0501567172806946,1.34646382796987,-1.2996708954934
"50m_SBT_12_3",24,16,0.0937572578622831,"12_3_SBT","Fantome_Island","SBT","50m",250,0.00585982861639269,-0.760746141677994,-2.2321150856958
"50m_SBT_12_3",48,32,0.15835392,"12_3_SBT","Fantome_Island","SBT","50m",250,0.00494856,-0.459716146014013,-2.30552115965967
"50m_SBT_12_3",96,64,17.2287237629386,"12_3_SBT","Fantome_Island","SBT","50m",250,0.269198808795916,-0.158686150350032,-0.56992686619585
"50m_SBT_12_3",192,128,4.19478418747231,"12_3_SBT","Fantome_Island","SBT","50m",250,0.0327717514646274,0.142343845313949,-1.48450034741542
"50m_SBT_12_3",384,256,7.21541129427564,"12_3_SBT","Fantome_Island","SBT","50m",250,0.0281852003682642,0.443373840977931,-1.54997887343836
"50m_SBT_12_3",768,512,19.2021962792546,"12_3_SBT","Fantome_Island","SBT","50m",250,0.037504289607919,0.744403836641912,-1.42591905636546
"50m_SBT_12_3",1536,1024,30.9105979778918,"12_3_SBT","Fantome_Island","SBT","50m",250,0.030186130837785,1.04543383230589,-1.52019254989463
"50m_SBT_12_3",3072,2048,24.9999043068312,"12_3_SBT","Fantome_Island","SBT","50m",250,0.0122069845248199,1.34646382796987,-1.91339160599554
"50m_SBT_12_4",24,16,0.583740230084641,"12_4_SBT","Fantome_Island","SBT","50m",250,0.03648376438029,-0.760746141677994,-1.43790035769989
"50m_SBT_12_4",48,32,0.950933002265705,"12_4_SBT","Fantome_Island","SBT","50m",250,0.0297166563208033,-0.459716146014013,-1.52700005840803
"50m_SBT_12_4",96,64,2.35419463063919,"12_4_SBT","Fantome_Island","SBT","50m",250,0.0367842911037373,-0.158686150350032,-1.434337609139
"50m_SBT_12_4",192,128,10.8847880743232,"12_4_SBT","Fantome_Island","SBT","50m",250,0.08503740683065,0.142343845313949,-1.07038999185624
"50m_SBT_12_4",384,256,5.96698881334027,"12_4_SBT","Fantome_Island","SBT","50m",250,0.0233085500521104,0.443373840977931,-1.63248474166402
"50m_SBT_12_4",768,512,7.86236659918885,"12_4_SBT","Fantome_Island","SBT","50m",250,0.0153561847640407,0.744403836641912,-1.81371667113652
"50m_SBT_12_4",1536,1024,16.1119059188413,"12_4_SBT","Fantome_Island","SBT","50m",250,0.0157342831238685,1.04543383230589,-1.80315303936916
"50m_SBT_13_1",24,16,0.882871005801529,"13_1_SBT","Fantome_Island","SBT","50m",250,0.0551794378625956,-0.760746141677994,-1.25822272818478
"50m_SBT_13_1",48,32,0.880929617731184,"13_1_SBT","Fantome_Island","SBT","50m",250,0.0275290505540995,-0.459716146014013,-1.56020876667517
"50m_SBT_13_1",96,64,11.6498738346185,"13_1_SBT","Fantome_Island","SBT","50m",250,0.182029278665914,-0.158686150350032,-0.739858751903026
"50m_SBT_13_1",192,128,7.92895707023314,"13_1_SBT","Fantome_Island","SBT","50m",250,0.0619449771111964,0.142343845313949,-1.20799390319154
"50m_SBT_13_1",384,256,1.9601399228163,"13_1_SBT","Fantome_Island","SBT","50m",250,0.00765679657350118,0.443373840977931,-2.11595289112984
"50m_SBT_13_2",24,16,0.791247593733814,"13_2_SBT","Fantome_Island","SBT","50m",250,0.0494529746083634,-0.760746141677994,-1.30580758036317
"50m_SBT_13_2",48,32,0.15835392,"13_2_SBT","Fantome_Island","SBT","50m",250,0.00494856,-0.459716146014013,-2.30552115965967
"50m_SBT_13_2",96,64,15.1228226396553,"13_2_SBT","Fantome_Island","SBT","50m",250,0.236294103744615,-0.158686150350032,-0.626547115198465
"50m_SBT_13_2",192,128,1.87515152726846,"13_2_SBT","Fantome_Island","SBT","50m",250,0.0146496213067848,0.142343845313949,-1.83417360169208
"50m_SBT_13_2",384,256,4.59699727257766,"13_2_SBT","Fantome_Island","SBT","50m",250,0.0179570205960065,0.443373840977931,-1.74576571923063
"50m_SBT_13_2",1536,1024,6.69860795906143,"13_2_SBT","Fantome_Island","SBT","50m",250,0.00654160933502093,1.04543383230589,-2.1843153955077
"50m_SBT_13_3",24,16,1.43859104353835,"13_3_SBT","Fantome_Island","SBT","50m",250,0.089911940221147,-0.760746141677994,-1.04618263053794
"50m_SBT_13_3",48,32,3.23272158820498,"13_3_SBT","Fantome_Island","SBT","50m",250,0.101022549631405,-0.459716146014013,-0.99558167485676
"50m_SBT_13_3",96,64,4.25554355289662,"13_3_SBT","Fantome_Island","SBT","50m",250,0.0664928680140097,-0.158686150350032,-1.17722493437007
"50m_SBT_13_3",192,128,5.02914695967861,"13_3_SBT","Fantome_Island","SBT","50m",250,0.0392902106224891,0.142343845313949,-1.40571564306553
"50m_SBT_13_3",384,256,1.22172808184842,"13_3_SBT","Fantome_Island","SBT","50m",250,0.00477237531972037,0.443373840977931,-2.3212654089091
"50m_SBT_13_3",768,512,2.93103953096411,"13_3_SBT","Fantome_Island","SBT","50m",250,0.00572468658391428,0.744403836641912,-2.24224828516319
"50m_SBT_13_4",24,16,0.600363942509386,"13_4_SBT","Fantome_Island","SBT","50m",250,0.0375227464068366,-0.760746141677994,-1.42570538176199
"50m_SBT_13_4",48,32,2.69639683785618,"13_4_SBT","Fantome_Island","SBT","50m",250,0.0842624011830056,-0.459716146014013,-1.07436616916276
"50m_SBT_13_4",96,64,9.76076156013856,"13_4_SBT","Fantome_Island","SBT","50m",250,0.152511899377165,-0.158686150350032,-0.816696270204201
"50m_SBT_13_4",192,128,7.27302639240529,"13_4_SBT","Fantome_Island","SBT","50m",250,0.0568205186906664,0.142343845313949,-1.24549480610294
"50m_SBT_13_4",384,256,1.9601399228163,"13_4_SBT","Fantome_Island","SBT","50m",250,0.00765679657350118,0.443373840977931,-2.11595289112984
"50m_SBT_14_1",24,16,0.43859606170964,"14_1_SBT","Fantome_Island","SBT","50m",250,0.0274122538568525,-0.760746141677994,-1.56205525496205
"50m_SBT_14_1",48,32,0.950346616102053,"14_1_SBT","Fantome_Island","SBT","50m",250,0.0296983317531892,-0.459716146014013,-1.52726794565696
"50m_SBT_14_1",96,64,8.88157853219638,"14_1_SBT","Fantome_Island","SBT","50m",250,0.138774664565568,-0.158686150350032,-0.857689813734879
"50m_SBT_14_1",192,128,54.8928668047384,"14_1_SBT","Fantome_Island","SBT","50m",250,0.428850521912019,0.142343845313949,-0.367694057048678
"50m_SBT_14_1",384,256,3.54392279245521,"14_1_SBT","Fantome_Island","SBT","50m",250,0.0138434484080282,0.443373840977931,-1.85875571348959
"50m_SBT_14_1",768,512,5.90859641418887,"14_1_SBT","Fantome_Island","SBT","50m",250,0.0115402273714626,0.744403836641912,-1.93778563440396
"50m_SBT_14_1",1536,1024,6.69860795906143,"14_1_SBT","Fantome_Island","SBT","50m",250,0.00654160933502093,1.04543383230589,-2.1843153955077
"50m_SBT_14_2",24,16,0.335587301635091,"14_2_SBT","Fantome_Island","SBT","50m",250,0.0209742063521932,-0.760746141677994,-1.67831446355691
"50m_SBT_14_2",48,32,0.15835392,"14_2_SBT","Fantome_Island","SBT","50m",250,0.00494856,-0.459716146014013,-2.30552115965967
"50m_SBT_14_2",96,64,5.62000909668991,"14_2_SBT","Fantome_Island","SBT","50m",250,0.0878126421357798,-0.158686150350032,-1.05644295545414
"50m_SBT_14_2",192,128,6.11049209194397,"14_2_SBT","Fantome_Island","SBT","50m",250,0.0477382194683123,0.142343845313949,-1.32113378326616
"50m_SBT_14_2",384,256,1.59459328,"14_2_SBT","Fantome_Island","SBT","50m",250,0.00622888,0.443373840977931,-2.20559003577216
"50m_SBT_14_2",768,512,2.5113088,"14_2_SBT","Fantome_Island","SBT","50m",250,0.0049049,0.744403836641912,-2.30936984249217
"50m_SBT_14_3",24,16,0.893027740113649,"14_3_SBT","Fantome_Island","SBT","50m",250,0.0558142337571031,-0.760746141677994,-1.25325503307178
"50m_SBT_14_3",48,32,0.616402367770691,"14_3_SBT","Fantome_Island","SBT","50m",250,0.0192625739928341,-0.459716146014013,-1.71528568002601
"50m_SBT_14_3",96,64,6.21982127095138,"14_3_SBT","Fantome_Island","SBT","50m",250,0.0971847073586152,-0.158686150350032,-1.01240206873918
"50m_SBT_14_3",192,128,13.2737299068768,"14_3_SBT","Fantome_Island","SBT","50m",250,0.103701014897475,0.142343845313949,-0.984216993252077
"50m_SBT_14_3",384,256,2.38116212950475,"14_3_SBT","Fantome_Island","SBT","50m",250,0.00930141456837794,0.443373840977931,-2.03145099848652
"50m_SBT_14_3",768,512,20.0294224153822,"14_3_SBT","Fantome_Island","SBT","50m",250,0.0391199656550434,0.744403836641912,-1.40760153516848
"50m_SBT_14_3",3072,2048,89.7062094231124,"14_3_SBT","Fantome_Island","SBT","50m",250,0.0438018600698791,1.34646382796987,-1.35850744655225
"50m_SBT_14_4",24,16,0.561208217166653,"14_4_SBT","Fantome_Island","SBT","50m",250,0.0350755135729158,-0.760746141677994,-1.45499596134734
"50m_SBT_14_4",48,32,0.977998887519685,"14_4_SBT","Fantome_Island","SBT","50m",250,0.0305624652349902,-0.459716146014013,-1.51481161754492
"50m_SBT_14_4",96,64,10.077632288623,"14_4_SBT","Fantome_Island","SBT","50m",250,0.157463004509734,-0.158686150350032,-0.802821466157372
"50m_SBT_14_4",192,128,9.33313029567498,"14_4_SBT","Fantome_Island","SBT","50m",250,0.0729150804349608,0.142343845313949,-1.13718264078536
"50m_SBT_14_4",384,256,3.29513144864303,"14_4_SBT","Fantome_Island","SBT","50m",250,0.0128716072212618,0.443373840977931,-1.89036722125841
"50m_SBT_14_4",768,512,11.2857598660222,"14_4_SBT","Fantome_Island","SBT","50m",250,0.0220424997383246,0.744403836641912,-1.65673915569137
"50m_SBT_15_1",24,16,0.876500405244151,"15_1_SBT","Orpheus_Island","SBT","50m",250,0.0547812753277595,-0.760746141677994,-1.26136786143289
"50m_SBT_15_1",48,32,2.11735146207923,"15_1_SBT","Orpheus_Island","SBT","50m",250,0.0661672331899759,-0.459716146014013,-1.17935702517881
"50m_SBT_15_1",96,64,5.72449547452351,"15_1_SBT","Orpheus_Island","SBT","50m",250,0.0894452417894299,-0.158686150350032,-1.04844275760704
"50m_SBT_15_1",192,128,9.36397266648728,"15_1_SBT","Orpheus_Island","SBT","50m",250,0.0731560364569319,0.142343845313949,-1.13574983233057
"50m_SBT_15_1",384,256,9.10373933147801,"15_1_SBT","Orpheus_Island","SBT","50m",250,0.035561481763586,0.443373840977931,-1.44902015129177
"50m_SBT_15_1",768,512,2.73340577851535,"15_1_SBT","Orpheus_Island","SBT","50m",250,0.00533868316116279,0.744403836641912,-2.27256585277793
"50m_SBT_15_1",1536,1024,8.97345085320924,"15_1_SBT","Orpheus_Island","SBT","50m",250,0.00876313559883715,1.04543383230589,-2.05734046807729
"50m_SBT_15_1",3072,2048,10.9326504988728,"15_1_SBT","Orpheus_Island","SBT","50m",250,0.00533820825140272,1.34646382796987,-2.27260448774767
"50m_SBT_15_2",24,16,0.479174957740576,"15_2_SBT","Orpheus_Island","SBT","50m",250,0.029948434858786,-0.760746141677994,-1.52362586943341
"50m_SBT_15_2",48,32,2.82324236606471,"15_2_SBT","Orpheus_Island","SBT","50m",250,0.0882263239395221,-0.459716146014013,-1.05440181582076
"50m_SBT_15_2",96,64,18.6632689211512,"15_2_SBT","Orpheus_Island","SBT","50m",250,0.291613576892988,-0.158686150350032,-0.535192260078196
"50m_SBT_15_2",192,128,6.67244684219369,"15_2_SBT","Orpheus_Island","SBT","50m",250,0.0521284909546382,0.142343845313949,-1.28292484709599
"50m_SBT_15_2",384,256,5.21502262347303,"15_2_SBT","Orpheus_Island","SBT","50m",250,0.0203711821229415,0.443373840977931,-1.69098376851705
"50m_SBT_15_2",768,512,4.53423748589828,"15_2_SBT","Orpheus_Island","SBT","50m",250,0.00885593258964508,0.744403836641912,-2.05276569791711
"50m_SBT_15_2",1536,1024,50.8389173744267,"15_2_SBT","Orpheus_Island","SBT","50m",250,0.0496473802484636,1.04543383230589,-1.30410366305286
"50m_SBT_15_2",3072,2048,25.9873301437434,"15_2_SBT","Orpheus_Island","SBT","50m",250,0.0126891260467497,1.34646382796987,-1.89656828855498
"50m_SBT_15_3",24,16,0.597970407382353,"15_3_SBT","Orpheus_Island","SBT","50m",250,0.0373731504613971,-0.760746141677994,-1.42744029068851
"50m_SBT_15_3",48,32,0.60496910020183,"15_3_SBT","Orpheus_Island","SBT","50m",250,0.0189052843813072,-0.459716146014013,-1.72341678541049
"50m_SBT_15_3",96,64,4.03202481322779,"15_3_SBT","Orpheus_Island","SBT","50m",250,0.0630003877066841,-0.158686150350032,-1.20065677787411
"50m_SBT_15_3",192,128,13.1843161514468,"15_3_SBT","Orpheus_Island","SBT","50m",250,0.103002469933178,0.142343845313949,-0.987152361066782
"50m_SBT_15_3",384,256,8.74151433427564,"15_3_SBT","Orpheus_Island","SBT","50m",250,0.0341465403682642,0.443373840977931,-1.46665329125285
"50m_SBT_15_3",768,512,21.9139395142606,"15_3_SBT","Orpheus_Island","SBT","50m",250,0.0428006631137902,0.744403836641912,-1.36854950237867
"50m_SBT_15_3",1536,1024,14.9009557181754,"15_3_SBT","Orpheus_Island","SBT","50m",250,0.0145517145685307,1.04543383230589,-1.83708583253499
"50m_SBT_15_4",24,16,0.636252212958286,"15_4_SBT","Orpheus_Island","SBT","50m",250,0.0397657633098929,-0.760746141677994,-1.40049067678238
"50m_SBT_15_4",48,32,0.957858346647134,"15_4_SBT","Orpheus_Island","SBT","50m",250,0.0299330733327229,-0.459716146014013,-1.52384869034593
"50m_SBT_15_4",96,64,3.9455973487537,"15_4_SBT","Orpheus_Island","SBT","50m",250,0.0616499585742765,-0.158686150350032,-1.21006721089257
"50m_SBT_15_4",192,128,9.22449392616159,"15_4_SBT","Orpheus_Island","SBT","50m",250,0.0720663587981375,0.142343845313949,-1.14226742041073
"50m_SBT_15_4",384,256,16.0354647163792,"15_4_SBT","Orpheus_Island","SBT","50m",250,0.0626385340483564,0.443373840977931,-1.20315841477769
"50m_SBT_15_4",768,512,36.6392345134714,"15_4_SBT","Orpheus_Island","SBT","50m",250,0.0715610049091238,0.744403836641912,-1.14532356939836
"50m_SBT_15_4",1536,1024,32.734982112727,"15_4_SBT","Orpheus_Island","SBT","50m",250,0.03196775596946,1.04543383230589,-1.49528784869189
"50m_SBT_16_1",24,16,0.333874161603299,"16_1_SBT","Orpheus_Island","SBT","50m",250,0.0208671351002062,-0.760746141677994,-1.68053717218889
"50m_SBT_16_1",48,32,0.31670784,"16_1_SBT","Orpheus_Island","SBT","50m",250,0.00989712,-0.459716146014013,-2.00449116399569
"50m_SBT_16_1",96,64,4.84410881704467,"16_1_SBT","Orpheus_Island","SBT","50m",250,0.075689200266323,-0.158686150350032,-1.12096608350312
"50m_SBT_16_1",192,128,38.1872072362585,"16_1_SBT","Orpheus_Island","SBT","50m",250,0.298337556533269,0.142343845313949,-0.525292071584377
"50m_SBT_16_1",384,256,10.7057604373134,"16_1_SBT","Orpheus_Island","SBT","50m",250,0.0418193767082556,0.443373840977931,-1.37862244435867
"50m_SBT_16_1",768,512,21.683688138086,"16_1_SBT","Orpheus_Island","SBT","50m",250,0.0423509533946992,0.744403836641912,-1.37313680848802
"50m_SBT_16_1",1536,1024,29.789428223123,"16_1_SBT","Orpheus_Island","SBT","50m",250,0.0290912384991436,1.04543383230589,-1.53623778917252
"50m_SBT_16_1",3072,2048,10.0929898929415,"16_1_SBT","Orpheus_Island","SBT","50m",250,0.00492821772116284,1.34646382796987,-2.30731011395018
"50m_SBT_16_2",24,16,0.426611904047827,"16_2_SBT","Orpheus_Island","SBT","50m",250,0.0266632440029892,-0.760746141677994,-1.57408701295331
"50m_SBT_16_2",48,32,1.34368631858169,"16_2_SBT","Orpheus_Island","SBT","50m",250,0.0419901974556779,-0.459716146014013,-1.37685208312082
"50m_SBT_16_2",96,64,0.479041492456148,"16_2_SBT","Orpheus_Island","SBT","50m",250,0.00748502331962731,-0.158686150350032,-2.12580684227221
"50m_SBT_16_2",192,128,1.42007086646627,"16_2_SBT","Orpheus_Island","SBT","50m",250,0.0110943036442678,0.142343845313949,-1.95489995192164
"50m_SBT_16_2",384,256,11.6305966507377,"16_2_SBT","Orpheus_Island","SBT","50m",250,0.0454320181669443,0.443373840977931,-1.34263797066282
"50m_SBT_16_2",768,512,2.72178087118738,"16_2_SBT","Orpheus_Island","SBT","50m",250,0.00531597826403785,0.744403836641912,-2.27441680346815
"50m_SBT_16_2",1536,1024,23.4739420297981,"16_2_SBT","Orpheus_Island","SBT","50m",250,0.0229237715134748,1.04543383230589,-1.63971392890612
"50m_SBT_16_2",3072,2048,40.5884325852617,"16_2_SBT","Orpheus_Island","SBT","50m",250,0.0198185705982723,1.34646382796987,-1.70292767193293
"50m_SBT_16_3",24,16,0.458610323145797,"16_3_SBT","Orpheus_Island","SBT","50m",250,0.0286631451966123,-0.760746141677994,-1.54267615634662
"50m_SBT_16_3",48,32,1.76391194940527,"16_3_SBT","Orpheus_Island","SBT","50m",250,0.0551222484189148,-0.459716146014013,-1.25867307600587
"50m_SBT_16_3",96,64,6.57283021071618,"16_3_SBT","Orpheus_Island","SBT","50m",250,0.10270047204244,-0.158686150350032,-0.988427560249305
"50m_SBT_16_3",192,128,9.49656686225093,"16_3_SBT","Orpheus_Island","SBT","50m",250,0.0741919286113354,0.142343845313949,-1.12964333933319
"50m_SBT_16_3",384,256,6.50329693759208,"16_3_SBT","Orpheus_Island","SBT","50m",250,0.025403503662469,0.443373840977931,-1.59510638116193
"50m_SBT_16_3",768,512,18.9914519055209,"16_3_SBT","Orpheus_Island","SBT","50m",250,0.0370926795029706,0.744403836641912,-1.43071179295012
"50m_SBT_16_3",1536,1024,19.7721380366618,"16_3_SBT","Orpheus_Island","SBT","50m",250,0.0193087285514275,1.04543383230589,-1.71424632286891
"50m_SBT_16_4",24,16,0.597528077552608,"16_4_SBT","Orpheus_Island","SBT","50m",250,0.037345504847038,-0.760746141677994,-1.42776166527062
"50m_SBT_16_4",48,32,1.06509575486862,"16_4_SBT","Orpheus_Island","SBT","50m",250,0.0332842423396443,-0.459716146014013,-1.47776132459054
"50m_SBT_16_4",96,64,2.71319341184319,"16_4_SBT","Orpheus_Island","SBT","50m",250,0.0423936470600498,-0.158686150350032,-1.37269922014037
"50m_SBT_16_4",192,128,17.7911133637281,"16_4_SBT","Orpheus_Island","SBT","50m",250,0.138993073154126,0.142343845313949,-0.857006842666045
"50m_SBT_16_4",384,256,6.50078157147459,"16_4_SBT","Orpheus_Island","SBT","50m",250,0.0253936780135726,0.443373840977931,-1.5952743914731
"50m_SBT_16_4",768,512,5.85550214265428,"16_4_SBT","Orpheus_Island","SBT","50m",250,0.0114365276223716,0.744403836641912,-1.94170581674543
"50m_SKC_11_1",12,8,0.234309136515693,"11_1_SKC","Orpheus_Island","SKC","50m",250,0.0292886420644616,-1.06177613734198,-1.53330076343559
"50m_SKC_11_1",24,16,0.12552192,"11_1_SKC","Orpheus_Island","SKC","50m",250,0.00784512,-0.760746141677994,-2.10540040900002
"50m_SKC_11_1",48,32,3.818210043121,"11_1_SKC","Orpheus_Island","SKC","50m",250,0.119319063847531,-0.459716146014013,-0.92329016268046
"50m_SKC_11_1",96,64,5.12373116071555,"11_1_SKC","Orpheus_Island","SKC","50m",250,0.0800582993861804,-0.158686150350032,-1.09659363949999
"50m_SKC_11_1",192,128,29.8075830435567,"11_1_SKC","Orpheus_Island","SKC","50m",250,0.232871742527787,0.142343845313949,-0.632883207080572
"50m_SKC_11_1",384,256,1.9601399228163,"11_1_SKC","Orpheus_Island","SKC","50m",250,0.00765679657350118,0.443373840977931,-2.11595289112984
"50m_SKC_11_2",48,32,2.44793346520795,"11_2_SKC","Orpheus_Island","SKC","50m",250,0.0764979207877485,-0.459716146014013,-1.11635036880297
"50m_SKC_11_2",96,64,7.77123506568018,"11_2_SKC","Orpheus_Island","SKC","50m",250,0.121425547901253,-0.158686150350032,-0.915689928209434
"50m_SKC_11_2",192,128,2.66395653505311,"11_2_SKC","Orpheus_Island","SKC","50m",250,0.0208121604301024,0.142343845313949,-1.68168283501319
"50m_SKC_11_2",384,256,3.17462180865829,"11_2_SKC","Orpheus_Island","SKC","50m",250,0.0124008664400714,0.443373840977931,-1.90654796991873
"50m_SKC_11_2",768,512,2.32797908526954,"11_2_SKC","Orpheus_Island","SKC","50m",250,0.00454683415091707,0.744403836641912,-2.34229088671311
"50m_SKC_11_3",24,16,0.448846467523909,"11_3_SKC","Orpheus_Island","SKC","50m",250,0.0280529042202443,-0.760746141677994,-1.55202217107321
"50m_SKC_11_3",48,32,1.54054547029368,"11_3_SKC","Orpheus_Island","SKC","50m",250,0.0481420459466774,-0.459716146014013,-1.31747545696769
"50m_SKC_11_3",96,64,36.6002589408872,"11_3_SKC","Orpheus_Island","SKC","50m",250,0.571879045951362,-0.158686150350032,-0.242695816015689
"50m_SKC_11_3",192,128,2.50303214664011,"11_3_SKC","Orpheus_Island","SKC","50m",250,0.0195549386456259,0.142343845313949,-1.7087435423254
"50m_SKC_11_3",384,256,7.24785827229461,"11_3_SKC","Orpheus_Island","SKC","50m",250,0.0283119463761508,0.443373840977931,-1.5480302729392
"50m_SKC_11_3",768,512,2.72178087118738,"11_3_SKC","Orpheus_Island","SKC","50m",250,0.00531597826403785,0.744403836641912,-2.27441680346815
"50m_SKC_11_4",24,16,2.72037730171943,"11_4_SKC","Orpheus_Island","SKC","50m",250,0.170023581357464,-0.760746141677994,-0.769490840132396
"50m_SKC_11_4",48,32,0.72384419163689,"11_4_SKC","Orpheus_Island","SKC","50m",250,0.0226201309886528,-0.459716146014013,-1.64550488449083
"50m_SKC_11_4",96,64,16.2226942519782,"11_4_SKC","Orpheus_Island","SKC","50m",250,0.253479597687159,-0.158686150350032,-0.59605699084136
"50m_SKC_11_4",192,128,5.96765189280299,"11_4_SKC","Orpheus_Island","SKC","50m",250,0.0466222804125233,0.142343845313949,-1.3314064878649
"50m_SKC_11_4",384,256,6.34924361731658,"11_4_SKC","Orpheus_Island","SKC","50m",250,0.0248017328801429,0.443373840977931,-1.60551797425475
"50m_SKC_11_4",768,512,2.06201841332878,"11_4_SKC","Orpheus_Island","SKC","50m",250,0.00402737971353278,0.744403836641912,-2.39497742186569
"50m_SKC_12_1",24,16,0.513693510368218,"12_1_SKC","Fantome_Island","SKC","50m",250,0.0321058443980136,-0.760746141677994,-1.49341590345889
"50m_SKC_12_1",48,32,11.3589623550722,"12_1_SKC","Fantome_Island","SKC","50m",250,0.354967573596007,-0.459716146014013,-0.44981131807597
"50m_SKC_12_1",96,64,4.97842668746982,"12_1_SKC","Fantome_Island","SKC","50m",250,0.0777879169917159,-0.158686150350032,-1.10908785791214
"50m_SKC_12_1",192,128,7.94679968949931,"12_1_SKC","Fantome_Island","SKC","50m",250,0.0620843725742133,0.142343845313949,-1.20701770350923
"50m_SKC_12_2",24,16,1.08030215211837,"12_2_SKC","Fantome_Island","SKC","50m",250,0.0675188845073981,-0.760746141677994,-1.1705747413866
"50m_SKC_12_2",48,32,5.02888908817445,"12_2_SKC","Fantome_Island","SKC","50m",250,0.157152784005452,-0.459716146014013,-0.803677920930234
"50m_SKC_12_2",96,64,22.8556895204418,"12_2_SKC","Fantome_Island","SKC","50m",250,0.357120148756902,-0.158686150350032,-0.447185646174949
"50m_SKC_12_2",192,128,5.526940030744,"12_2_SKC","Fantome_Island","SKC","50m",250,0.0431792189901875,0.142343845313949,-1.36472521728941
"50m_SKC_12_2",384,256,1.24539008,"12_2_SKC","Fantome_Island","SKC","50m",250,0.004864805,0.443373840977931,-2.31293456323145
"50m_SKC_12_2",1536,1024,4.92657253317526,"12_2_SKC","Fantome_Island","SKC","50m",250,0.00481110598942897,1.04543383230589,-2.31775507541564
"50m_SKC_12_3",24,16,0.864396773935742,"12_3_SKC","Fantome_Island","SKC","50m",250,0.0540247983709838,-0.760746141677994,-1.26740684529678
"50m_SKC_12_3",48,32,0.983555664750218,"12_3_SKC","Fantome_Island","SKC","50m",250,0.0307361145234443,-0.459716146014013,-1.5123510342885
"50m_SKC_12_3",96,64,22.5275623391922,"12_3_SKC","Fantome_Island","SKC","50m",250,0.351993161549879,-0.158686150350032,-0.45346577382301
"50m_SKC_12_3",192,128,2.99506356656289,"12_3_SKC","Fantome_Island","SKC","50m",250,0.0233989341137725,0.142343845313949,-1.63080392545525
"50m_SKC_12_3",384,256,11.3598109286583,"12_3_SKC","Fantome_Island","SKC","50m",250,0.0443742614400714,0.443373840977931,-1.35286886222239
"50m_SKC_12_4",24,16,0.518985941876916,"12_4_SKC","Fantome_Island","SKC","50m",250,0.0324366213673073,-0.760746141677994,-1.48896438867639
"50m_SKC_12_4",48,32,1.84837198973724,"12_4_SKC","Fantome_Island","SKC","50m",250,0.0577616246792886,-0.459716146014013,-1.23836059972985
"50m_SKC_12_4",96,64,36.4508546992935,"12_4_SKC","Fantome_Island","SKC","50m",250,0.569544604676462,-0.158686150350032,-0.244472257877631
"50m_SKC_12_4",192,128,12.814897719849,"12_4_SKC","Fantome_Island","SKC","50m",250,0.100116388436321,0.142343845313949,-0.999494825368919
"50m_SKC_12_4",384,256,12.30791857283,"12_4_SKC","Fantome_Island","SKC","50m",250,0.0480778069251174,0.443373840977931,-1.31805535094796
"50m_SKC_13_1",48,32,4.96346808113261,"13_1_SKC","Fantome_Island","SKC","50m",250,0.155108377535394,-0.459716146014013,-0.809364744938571
"50m_SKC_13_1",96,64,7.31040064402251,"13_1_SKC","Fantome_Island","SKC","50m",250,0.114225010062852,-0.158686150350032,-0.942238795012325
"50m_SKC_13_1",192,128,2.30773183446343,"13_1_SKC","Fantome_Island","SKC","50m",250,0.0180291549567456,0.142343845313949,-1.74402462858669
"50m_SKC_13_1",1536,1024,19.706290132701,"13_1_SKC","Fantome_Island","SKC","50m",250,0.0192444239577159,1.04543383230589,-1.71569508408768
"50m_SKC_13_2",24,16,0.883182122657492,"13_2_SKC","Fantome_Island","SKC","50m",250,0.0551988826660932,-0.760746141677994,-1.25806971315597
"50m_SKC_13_2",48,32,1.66284467372428,"13_2_SKC","Fantome_Island","SKC","50m",250,0.0519638960538839,-0.459716146014013,-1.28429829464154
"50m_SKC_13_2",96,64,11.8573317598733,"13_2_SKC","Fantome_Island","SKC","50m",250,0.185270808748021,-0.158686150350032,-0.732193002690507
"50m_SKC_13_2",192,128,1.50846246556334,"13_2_SKC","Fantome_Island","SKC","50m",250,0.0117848630122136,0.142343845313949,-1.92867546136923
"50m_SKC_13_2",384,256,5.8236992,"13_2_SKC","Fantome_Island","SKC","50m",250,0.022748825,0.443373840977931,-1.64304103018026
"50m_SKC_13_3",24,16,0.573280953176534,"13_3_SKC","Fantome_Island","SKC","50m",250,0.0358300595735334,-0.760746141677994,-1.44575246974527
"50m_SKC_13_3",48,32,1.91588033041452,"13_3_SKC","Fantome_Island","SKC","50m",250,0.0598712603254539,-0.459716146014013,-1.22278159960229
"50m_SKC_13_3",96,64,18.2348066951005,"13_3_SKC","Fantome_Island","SKC","50m",250,0.284918854610946,-0.158686150350032,-0.545278810211035
"50m_SKC_13_3",192,128,2.02310147147932,"13_3_SKC","Fantome_Island","SKC","50m",250,0.0158054802459322,0.142343845313949,-1.8011923036846
"50m_SKC_13_3",384,256,2.49078016,"13_3_SKC","Fantome_Island","SKC","50m",250,0.00972961,0.443373840977931,-2.01190456756746
"50m_SKC_13_4",24,16,0.401644333920364,"13_4_SKC","Fantome_Island","SKC","50m",250,0.0251027708700228,-0.760746141677994,-1.60027833799531
"50m_SKC_13_4",48,32,0.509634807436757,"13_4_SKC","Fantome_Island","SKC","50m",250,0.0159260877323987,-0.459716146014013,-1.79789089619537
"50m_SKC_13_4",96,64,42.9837165693151,"13_4_SKC","Fantome_Island","SKC","50m",250,0.671620571395549,-0.158686150350032,-0.172876010111791
"50m_SKC_13_4",192,128,4.43672078337254,"13_4_SKC","Fantome_Island","SKC","50m",250,0.0346618811200979,0.142343845313949,-1.46014787157278
"50m_SKC_13_4",384,256,1.46016308631974,"13_4_SKC","Fantome_Island","SKC","50m",250,0.00570376205593649,0.443373840977931,-2.24383860025809
"50m_SKC_14_1",24,16,0.426787181615186,"14_1_SKC","Fantome_Island","SKC","50m",250,0.0266741988509491,-0.760746141677994,-1.57390861557123
"50m_SKC_14_1",48,32,0.791992696102053,"14_1_SKC","Fantome_Island","SKC","50m",250,0.0247497717531892,-0.459716146014013,-1.60642880185314
"50m_SKC_14_1",96,64,14.9784426164546,"14_1_SKC","Fantome_Island","SKC","50m",250,0.234038165882103,-0.158686150350032,-0.630713314041079
"50m_SKC_14_1",192,128,8.96594070582472,"14_1_SKC","Fantome_Island","SKC","50m",250,0.0700464117642556,0.142343845313949,-1.15461410721471
"50m_SKC_14_1",384,256,2.55671960767515,"14_1_SKC","Fantome_Island","SKC","50m",250,0.00998718596748104,0.443373840977931,-2.00055686322081
"50m_SKC_14_1",1536,1024,11.3444016531753,"14_1_SKC","Fantome_Island","SKC","50m",250,0.011078517239429,1.04543383230589,-1.95551836215505
"50m_SKC_14_2",24,16,0.505624516398472,"14_2_SKC","Fantome_Island","SKC","50m",250,0.0316015322749045,-0.760746141677994,-1.50029185907772
"50m_SKC_14_2",48,32,0.748387914868618,"14_2_SKC","Fantome_Island","SKC","50m",250,0.0233871223396443,-0.459716146014013,-1.63102321251739
"50m_SKC_14_2",96,64,11.0287881546166,"14_2_SKC","Fantome_Island","SKC","50m",250,0.172324814915885,-0.158686150350032,-0.763652179284106
"50m_SKC_14_2",192,128,14.7835381316651,"14_2_SKC","Fantome_Island","SKC","50m",250,0.115496391653633,0.142343845313949,-0.937431583818547
"50m_SKC_14_2",768,512,9.69462434192822,"14_2_SKC","Fantome_Island","SKC","50m",250,0.0189348131678286,0.744403836641912,-1.72273897576002
"50m_SKC_14_3",12,8,1.23063439977744,"14_3_SKC","Fantome_Island","SKC","50m",250,0.15382929997218,-1.06177613734198,-0.812960936288107
"50m_SKC_14_3",24,16,0.248251886374505,"14_3_SKC","Fantome_Island","SKC","50m",250,0.0155157428984066,-0.760746141677994,-1.80922742543241
"50m_SKC_14_3",48,32,1.0506427690826,"14_3_SKC","Fantome_Island","SKC","50m",250,0.0328325865338313,-0.459716146014013,-1.48369490243295
"50m_SKC_14_3",96,64,13.0926014662299,"14_3_SKC","Fantome_Island","SKC","50m",250,0.204571897909841,-0.158686150350032,-0.689154025662571
"50m_SKC_14_3",192,128,7.13769729836749,"14_3_SKC","Fantome_Island","SKC","50m",250,0.055763260143496,0.142343845313949,-1.25365184357322
"50m_SKC_14_3",384,256,1.24539008,"14_3_SKC","Fantome_Island","SKC","50m",250,0.004864805,0.443373840977931,-2.31293456323145
"50m_SKC_14_3",1536,1024,41.1515435283443,"14_3_SKC","Fantome_Island","SKC","50m",250,0.0401870542268987,1.04543383230589,-1.3959138270971
"50m_SKC_14_3",3072,2048,10.9326504988728,"14_3_SKC","Fantome_Island","SKC","50m",250,0.00533820825140272,1.34646382796987,-2.27260448774767
"50m_SKC_14_4",24,16,0.566277460340946,"14_4_SKC","Fantome_Island","SKC","50m",250,0.0353923412713091,-0.760746141677994,-1.4510907069986
"50m_SKC_14_4",48,32,1.38707406399194,"14_4_SKC","Fantome_Island","SKC","50m",250,0.0433460644997483,-0.459716146014013,-1.36305032710658
"50m_SKC_14_4",96,64,13.3066333933335,"14_4_SKC","Fantome_Island","SKC","50m",250,0.207916146770836,-0.158686150350032,-0.682111782043356
"50m_SKC_14_4",192,128,3.58619801090268,"14_4_SKC","Fantome_Island","SKC","50m",250,0.0280171719601772,0.142343845313949,-1.55257570431344
"50m_SKC_14_4",768,512,6.34385408,"14_4_SKC","Fantome_Island","SKC","50m",250,0.01239034,0.744403836641912,-1.90691677610191
"50m_SKC_15_1",24,16,1.60243970164943,"15_1_SKC","Orpheus_Island","SKC","50m",250,0.10015248135309,-0.760746141677994,-0.999338286264517
"50m_SKC_15_1",48,32,2.60268904677954,"15_1_SKC","Orpheus_Island","SKC","50m",250,0.0813340327118607,-0.459716146014013,-1.08972769393508
"50m_SKC_15_1",96,64,14.9380102648832,"15_1_SKC","Orpheus_Island","SKC","50m",250,0.233406410388801,-0.158686150350032,-0.631887220448952
"50m_SKC_15_1",192,128,4.21006076288488,"15_1_SKC","Orpheus_Island","SKC","50m",250,0.0328910997100381,0.142343845313949,-1.48292160568983
"50m_SKC_15_1",384,256,4.27622269563956,"15_1_SKC","Orpheus_Island","SKC","50m",250,0.016703994904842,0.443373840977931,-1.77717965114906
"50m_SKC_15_1",768,512,5.47433618346543,"15_1_SKC","Orpheus_Island","SKC","50m",250,0.0106920628583309,0.744403836641912,-1.97093849670319
"50m_SKC_15_2",24,16,0.663467026767121,"15_2_SKC","Orpheus_Island","SKC","50m",250,0.0414666891729451,-0.760746141677994,-1.38230063864903
"50m_SKC_15_2",48,32,4.43862303788265,"15_2_SKC","Orpheus_Island","SKC","50m",250,0.138706969933833,-0.459716146014013,-0.85790171536688
"50m_SKC_15_2",96,64,15.1166089538712,"15_2_SKC","Orpheus_Island","SKC","50m",250,0.236197014904237,-0.158686150350032,-0.626725595371149
"50m_SKC_15_2",192,128,12.6649313061323,"15_2_SKC","Orpheus_Island","SKC","50m",250,0.0989447758291583,0.142343845313949,-1.0046071311035
"50m_SKC_15_2",384,256,16.5177948970176,"15_2_SKC","Orpheus_Island","SKC","50m",250,0.064522636316475,0.443373840977931,-1.19028789617602
"50m_SKC_15_2",768,512,56.6251293607699,"15_2_SKC","Orpheus_Island","SKC","50m",250,0.110595955782754,0.744403836641912,-0.956260753802989
"50m_SKC_15_2",1536,1024,56.2480205132699,"15_2_SKC","Orpheus_Island","SKC","50m",250,0.0549297075324901,1.04543383230589,-1.26019271332825
"50m_SKC_15_2",3072,2048,52.9177545337327,"15_2_SKC","Orpheus_Island","SKC","50m",250,0.0258387473309242,1.34646382796987,-1.5877285448741
"50m_SKC_15_2",6144,4096,21.102505019024,"15_2_SKC","Orpheus_Island","SKC","50m",250,0.00515197876441016,1.64749382363386,-2.28802593573336
"50m_SKC_15_3",24,16,1.0787709523954,"15_3_SKC","Orpheus_Island","SKC","50m",250,0.0674231845247124,-0.760746141677994,-1.17119073877962
"50m_SKC_15_3",48,32,1.14650579034128,"15_3_SKC","Orpheus_Island","SKC","50m",250,0.035828305948165,-0.459716146014013,-1.44577372587679
"50m_SKC_15_3",96,64,17.353619299761,"15_3_SKC","Orpheus_Island","SKC","50m",250,0.271150301558766,-0.158686150350032,-0.566789908229319
"50m_SKC_15_3",192,128,8.17520225341282,"15_3_SKC","Orpheus_Island","SKC","50m",250,0.0638687676047877,0.142343845313949,-1.19471146379511
"50m_SKC_15_3",384,256,2.64361717592253,"15_3_SKC","Orpheus_Island","SKC","50m",250,0.0103266295934474,0.443373840977931,-1.9860414004369
"50m_SKC_15_3",768,512,2.56750592,"15_3_SKC","Orpheus_Island","SKC","50m",250,0.00501466,0.744403836641912,-2.29975850733539
"50m_SKC_15_3",1536,1024,6.41782912,"15_3_SKC","Orpheus_Island","SKC","50m",250,0.00626741125,1.04543383230589,-2.2029118071756
"50m_SKC_15_3",3072,2048,10.0929898929415,"15_3_SKC","Orpheus_Island","SKC","50m",250,0.00492821772116284,1.34646382796987,-2.30731011395018
"50m_SKC_15_4",24,16,1.07884366996421,"15_4_SKC","Orpheus_Island","SKC","50m",250,0.0674277293727631,-0.760746141677994,-1.17116146493382
"50m_SKC_15_4",48,32,0.146897385001224,"15_4_SKC","Orpheus_Island","SKC","50m",250,0.00459054328128826,-0.459716146014013,-2.33813591356877
"50m_SKC_15_4",96,64,7.57168119918945,"15_4_SKC","Orpheus_Island","SKC","50m",250,0.118307518737335,-0.158686150350032,-0.926987653999518
"50m_SKC_15_4",192,128,9.67530765397059,"15_4_SKC","Orpheus_Island","SKC","50m",250,0.0755883410466452,0.142343845313949,-1.12154518610705
"50m_SKC_15_4",384,256,20.0914373705492,"15_4_SKC","Orpheus_Island","SKC","50m",250,0.0784821772287079,0.443373840977931,-1.10522895739546
"50m_SKC_15_4",768,512,11.2909836566312,"15_4_SKC","Orpheus_Island","SKC","50m",250,0.0220527024543577,0.744403836641912,-1.65653818220073
"50m_SKC_15_4",1536,1024,21.5974789437006,"15_4_SKC","Orpheus_Island","SKC","50m",250,0.0210912880309576,1.04543383230589,-1.67589689737496
"50m_SKC_16_1",48,32,0.599435590401211,"16_1_SKC","Orpheus_Island","SKC","50m",250,0.0187323622000379,-0.459716146014013,-1.72740745349742
"50m_SKC_16_1",96,64,4.33021576966494,"16_1_SKC","Orpheus_Island","SKC","50m",250,0.0676596214010147,-0.158686150350032,-1.16967043669746
"50m_SKC_16_1",192,128,0.665989133763277,"16_1_SKC","Orpheus_Island","SKC","50m",250,0.0052030401075256,0.142343845313949,-2.28374282634115
"50m_SKC_16_2",24,16,0.918222713957629,"16_2_SKC","Orpheus_Island","SKC","50m",250,0.0573889196223518,-0.760746141677994,-1.24117195100609
"50m_SKC_16_2",48,32,3.11580337424063,"16_2_SKC","Orpheus_Island","SKC","50m",250,0.0973688554450196,-0.459716146014013,-1.01157993502434
"50m_SKC_16_2",96,64,2.87797559693617,"16_2_SKC","Orpheus_Island","SKC","50m",250,0.0449683687021276,-0.158686150350032,-1.34709286685755
"50m_SKC_16_2",192,128,3.03954234148697,"16_2_SKC","Orpheus_Island","SKC","50m",250,0.023746424542867,0.142343845313949,-1.62440177206853
"50m_SKC_16_2",384,256,3.00904556620552,"16_2_SKC","Orpheus_Island","SKC","50m",250,0.0117540842429903,0.443373840977931,-1.92981120096765
"50m_SKC_16_2",768,512,2.56750592,"16_2_SKC","Orpheus_Island","SKC","50m",250,0.00501466,0.744403836641912,-2.29975850733539
"50m_SKC_16_3",24,16,0.461858614019127,"16_3_SKC","Orpheus_Island","SKC","50m",250,0.0288661633761955,-0.760746141677994,-1.53961093469469
"50m_SKC_16_3",48,32,0.810941058985823,"16_3_SKC","Orpheus_Island","SKC","50m",250,0.025341908093307,-0.459716146014013,-1.59616068845825
"50m_SKC_16_3",96,64,4.60410538221003,"16_3_SKC","Orpheus_Island","SKC","50m",250,0.0719391465970318,-0.158686150350032,-1.14303471845521
"50m_SKC_16_3",192,128,13.2087317007379,"16_3_SKC","Orpheus_Island","SKC","50m",250,0.103193216412015,0.142343845313949,-0.986348850883808
"50m_SKC_16_3",384,256,3.3633010599021,"16_3_SKC","Orpheus_Island","SKC","50m",250,0.0131378947652426,0.443373840977931,-1.88147422116041
"50m_SKC_16_3",768,512,5.47433618346543,"16_3_SKC","Orpheus_Island","SKC","50m",250,0.0106920628583309,0.744403836641912,-1.97093849670319
"50m_SKC_16_3",1536,1024,6.69860795906143,"16_3_SKC","Orpheus_Island","SKC","50m",250,0.00654160933502093,1.04543383230589,-2.1843153955077
"50m_SKC_16_3",3072,2048,43.2003456,"16_3_SKC","Orpheus_Island","SKC","50m",250,0.02109391875,1.34646382796987,-1.67584273114692
"50m_SKC_16_4",24,16,0.411503827842557,"16_4_SKC","Orpheus_Island","SKC","50m",250,0.0257189892401598,-0.760746141677994,-1.58974610324575
"50m_SKC_16_4",48,32,0.849255717434309,"16_4_SKC","Orpheus_Island","SKC","50m",250,0.0265392411698222,-0.459716146014013,-1.57611149897235
"50m_SKC_16_4",96,64,4.40793824210872,"16_4_SKC","Orpheus_Island","SKC","50m",250,0.0688740350329487,-0.158686150350032,-1.16194447282693
"50m_SKC_16_4",192,128,5.24772060983934,"16_4_SKC","Orpheus_Island","SKC","50m",250,0.0409978172643698,0.142343845313949,-1.3872392646284
"50m_SKC_16_4",384,256,10.0541791477969,"16_4_SKC","Orpheus_Island","SKC","50m",250,0.0392741372960817,0.443373840977931,-1.40589334598668
"50m_SKC_16_4",768,512,5.81366052693086,"16_4_SKC","Orpheus_Island","SKC","50m",250,0.0113548057166618,0.744403836641912,-1.94482029225918
"50m_SKC_16_4",1536,1024,4.92657253317526,"16_4_SKC","Orpheus_Island","SKC","50m",250,0.00481110598942897,1.04543383230589,-2.31775507541564
"Instant_ACS_11_2",24,16,0.925799788231789,"11_2_ACS","Orpheus_Island","ACS","Instant",78.5,0.0578624867644868,-0.760746141677994,-1.23760290555
"Instant_ACS_11_2",48,32,1.87130426753152,"11_2_ACS","Orpheus_Island","ACS","Instant",78.5,0.0584782583603599,-0.459716146014013,-1.23300557031402
"Instant_ACS_11_3",24,16,1.00703861326445,"11_3_ACS","Orpheus_Island","ACS","Instant",78.5,0.0629399133290278,-0.760746141677994,-1.2010738594646
"Instant_ACS_11_3",48,32,1.87908915563254,"11_3_ACS","Orpheus_Island","ACS","Instant",78.5,0.0587215361135169,-0.459716146014013,-1.23120259210939
"Instant_ACS_11_3",96,64,2.83969080145875,"11_3_ACS","Orpheus_Island","ACS","Instant",78.5,0.044370168772793,-0.158686150350032,-1.35290891933498
"Instant_ACS_11_3",192,128,8.95773022580472,"11_3_ACS","Orpheus_Island","ACS","Instant",78.5,0.0699822673890994,0.142343845313949,-1.15501199070962
"Instant_ACS_11_3",384,256,6.24248383062517,"11_3_ACS","Orpheus_Island","ACS","Instant",78.5,0.0243847024633796,0.443373840977931,-1.61288253920306
"Instant_ACS_12_1",48,32,1.00862369426752,"12_1_ACS","Fantome_Island","ACS","Instant",78.5,0.0315194904458599,-0.459716146014013,-1.50142081206891
"Instant_ACS_12_1",192,128,29.6868945607666,"12_1_ACS","Fantome_Island","ACS","Instant",78.5,0.231928863755989,0.142343845313949,-0.634645199659116
"Instant_ACS_12_2",24,16,0.285889469760452,"12_2_ACS","Fantome_Island","ACS","Instant",78.5,0.0178680918600282,-0.760746141677994,-1.74792182348245
"Instant_ACS_12_2",48,32,1.00862369426752,"12_2_ACS","Fantome_Island","ACS","Instant",78.5,0.0315194904458599,-0.459716146014013,-1.50142081206891
"Instant_ACS_12_2",96,64,19.227204461797,"12_2_ACS","Fantome_Island","ACS","Instant",78.5,0.300425069715578,-0.158686150350032,-0.522263829374751
"Instant_ACS_12_2",192,128,2.03908524840872,"12_2_ACS","Fantome_Island","ACS","Instant",78.5,0.0159303535031931,0.142343845313949,-1.7977745868616
"Instant_ACS_12_3",24,16,0.285889469760452,"12_3_ACS","Fantome_Island","ACS","Instant",78.5,0.0178680918600282,-0.760746141677994,-1.74792182348245
"Instant_ACS_12_3",48,32,0.932018685719457,"12_3_ACS","Fantome_Island","ACS","Instant",78.5,0.029125583928733,-0.459716146014013,-1.53572535885916
"Instant_ACS_12_3",192,128,4.12048858213957,"12_3_ACS","Fantome_Island","ACS","Instant",78.5,0.0321913170479654,0.142343845313949,-1.49226125459855
"Instant_ACS_12_3",384,256,29.1783603095015,"12_3_ACS","Fantome_Island","ACS","Instant",78.5,0.11397796995899,0.443373840977931,-0.943179082433778
"Instant_ACS_12_4",24,16,0.571778939520903,"12_4_ACS","Fantome_Island","ACS","Instant",78.5,0.0357361837200565,-0.760746141677994,-1.44689182781846
"Instant_ACS_12_4",96,64,0.91237072679772,"12_4_ACS","Fantome_Island","ACS","Instant",78.5,0.0142557926062144,-0.158686150350032,-1.84600863139305
"Instant_ACS_12_4",192,128,6.1400214285137,"12_4_ACS","Fantome_Island","ACS","Instant",78.5,0.0479689174102633,0.142343845313949,-1.31904008282771
"Instant_ACS_13_1",12,8,0.17744749520026,"13_1_ACS","Fantome_Island","ACS","Instant",78.5,0.0221809369000325,-1.06177613734198,-1.6540201136458
"Instant_ACS_13_1",48,32,0.504311847133758,"13_1_ACS","Fantome_Island","ACS","Instant",78.5,0.0157597452229299,-0.459716146014013,-1.80245080773289
"Instant_ACS_13_1",96,64,1.62029893109421,"13_1_ACS","Fantome_Island","ACS","Instant",78.5,0.025317170798347,-0.158686150350032,-1.59658482848556
"Instant_ACS_13_1",384,256,6.39965802756919,"13_1_ACS","Fantome_Island","ACS","Instant",78.5,0.0249986641701921,0.443373840977931,-1.60208319768854
"Instant_ACS_13_2",24,16,1.37240578865626,"13_2_ACS","Fantome_Island","ACS","Instant",78.5,0.0857753617910163,-0.760746141677994,-1.0666374414617
"Instant_ACS_13_2",48,32,1.00862369426752,"13_2_ACS","Fantome_Island","ACS","Instant",78.5,0.0315194904458599,-0.459716146014013,-1.50142081206891
"Instant_ACS_13_2",96,64,3.85303296586405,"13_2_ACS","Fantome_Island","ACS","Instant",78.5,0.0602036400916258,-0.158686150350032,-1.22037724920873
"Instant_ACS_13_2",192,128,15.6437790617301,"13_2_ACS","Fantome_Island","ACS","Instant",78.5,0.122217023919766,0.142343845313949,-0.91286829589814
"Instant_ACS_13_2",768,512,7.5804698089172,"13_2_ACS","Fantome_Island","ACS","Instant",78.5,0.0148056050955414,0.744403836641912,-1.8295738385763
"Instant_ACS_13_3",24,16,0.857668409281355,"13_3_ACS","Fantome_Island","ACS","Instant",78.5,0.0536042755800847,-0.760746141677994,-1.27080056876278
"Instant_ACS_13_3",96,64,0.91237072679772,"13_3_ACS","Fantome_Island","ACS","Instant",78.5,0.0142557926062144,-0.158686150350032,-1.84600863139305
"Instant_ACS_13_3",192,128,17.4757440500148,"13_3_ACS","Fantome_Island","ACS","Instant",78.5,0.136529250390741,0.142343845313949,-0.864774294246652
"Instant_ACS_13_4",12,8,0.186551860283195,"13_4_ACS","Fantome_Island","ACS","Instant",78.5,0.0233189825353993,-1.06177613734198,-1.63229040283676
"Instant_ACS_13_4",24,16,0.857668409281355,"13_4_ACS","Fantome_Island","ACS","Instant",78.5,0.0536042755800847,-0.760746141677994,-1.27080056876278
"Instant_ACS_13_4",48,32,3.11149650628303,"13_4_ACS","Fantome_Island","ACS","Instant",78.5,0.0972342658213446,-0.459716146014013,-1.01218066064295
"Instant_ACS_14_1",48,32,0.504311847133758,"14_1_ACS","Fantome_Island","ACS","Instant",78.5,0.0157597452229299,-0.459716146014013,-1.80245080773289
"Instant_ACS_14_1",96,64,1.42322711048513,"14_1_ACS","Fantome_Island","ACS","Instant",78.5,0.0222379236013301,-0.158686150350032,-1.65290576612699
"Instant_ACS_14_1",192,128,88.725938820611,"14_1_ACS","Fantome_Island","ACS","Instant",78.5,0.693171397036024,0.142343845313949,-0.159159366277956
"Instant_ACS_14_1",384,256,3.89085376384846,"14_1_ACS","Fantome_Island","ACS","Instant",78.5,0.015198647515033,0.443373840977931,-1.81819505698232
"Instant_ACS_14_2",48,32,3.27478246818016,"14_2_ACS","Fantome_Island","ACS","Instant",78.5,0.10233695213063,-0.459716146014013,-0.989967521627729
"Instant_ACS_14_2",96,64,19.3978114195267,"14_2_ACS","Fantome_Island","ACS","Instant",78.5,0.303090803430105,-0.158686150350032,-0.518427241066069
"Instant_ACS_14_2",384,256,11.7157571888059,"14_2_ACS","Fantome_Island","ACS","Instant",78.5,0.0457646765187732,0.443373840977931,-1.33946960304098
"Instant_ACS_14_2",768,512,6.56693762206618,"14_2_ACS","Fantome_Island","ACS","Instant",78.5,0.012826050043098,0.744403836641912,-1.8919070699389
"Instant_ACS_14_3",24,16,0.285889469760452,"14_3_ACS","Fantome_Island","ACS","Instant",78.5,0.0178680918600282,-0.760746141677994,-1.74792182348245
"Instant_ACS_14_3",48,32,0.525087605864072,"14_3_ACS","Fantome_Island","ACS","Instant",78.5,0.0164089876832522,-0.459716146014013,-1.78491821097242
"Instant_ACS_14_3",96,64,5.86952705586372,"14_3_ACS","Fantome_Island","ACS","Instant",78.5,0.0917113602478706,-0.158686150350032,-1.03757686512187
"Instant_ACS_14_4",24,16,0.349200686074554,"14_4_ACS","Fantome_Island","ACS","Instant",78.5,0.0218250428796596,-0.760746141677994,-1.66104489436323
"Instant_ACS_14_4",96,64,11.0159856491837,"14_4_ACS","Fantome_Island","ACS","Instant",78.5,0.172124775768495,-0.158686150350032,-0.764156612501577
"Instant_ACS_15_1",24,16,0.285889469760452,"15_1_ACS","Orpheus_Island","ACS","Instant",78.5,0.0178680918600282,-0.760746141677994,-1.74792182348245
"Instant_ACS_15_1",48,32,1.00862369426752,"15_1_ACS","Orpheus_Island","ACS","Instant",78.5,0.0315194904458599,-0.459716146014013,-1.50142081206891
"Instant_ACS_15_1",96,64,2.75467126948975,"15_1_ACS","Orpheus_Island","ACS","Instant",78.5,0.0430417385857773,-0.158686150350032,-1.36611019452197
"Instant_ACS_15_1",192,128,31.022906262998,"15_1_ACS","Orpheus_Island","ACS","Instant",78.5,0.242366455179672,0.142343845313949,-0.615527489037459
"Instant_ACS_15_1",384,256,34.0125229509995,"15_1_ACS","Orpheus_Island","ACS","Instant",78.5,0.132861417777342,0.443373840977931,-0.876601117470332
"Instant_ACS_15_1",1536,1024,42.2841599467804,"15_1_ACS","Orpheus_Island","ACS","Instant",78.5,0.0412931249480277,1.04543383230589,-1.38412224969176
"Instant_ACS_15_2",24,16,0.285889469760452,"15_2_ACS","Orpheus_Island","ACS","Instant",78.5,0.0178680918600282,-0.760746141677994,-1.74792182348245
"Instant_ACS_15_2",48,32,0.504311847133758,"15_2_ACS","Orpheus_Island","ACS","Instant",78.5,0.0157597452229299,-0.459716146014013,-1.80245080773289
"Instant_ACS_15_2",96,64,1.37733563474487,"15_2_ACS","Orpheus_Island","ACS","Instant",78.5,0.0215208692928887,-0.158686150350032,-1.66714019018595
"Instant_ACS_15_2",192,128,20.7764439005597,"15_2_ACS","Orpheus_Island","ACS","Instant",78.5,0.162315967973122,0.142343845313949,-0.789638753978485
"Instant_ACS_15_2",384,256,4.15829605095541,"15_2_ACS","Orpheus_Island","ACS","Instant",78.5,0.0162433439490446,0.443373840977931,-1.78932455950849
"Instant_ACS_15_2",768,512,8.17677044585987,"15_2_ACS","Orpheus_Island","ACS","Instant",78.5,0.0159702547770701,0.744403836641912,-1.7966881554086
"Instant_ACS_15_3",24,16,0.285889469760452,"15_3_ACS","Orpheus_Island","ACS","Instant",78.5,0.0178680918600282,-0.760746141677994,-1.74792182348245
"Instant_ACS_15_3",48,32,2.10431500348188,"15_3_ACS","Orpheus_Island","ACS","Instant",78.5,0.0657598438588089,-0.459716146014013,-1.18203922666232
"Instant_ACS_15_3",384,256,7.14054416702738,"15_3_ACS","Orpheus_Island","ACS","Instant",78.5,0.0278927506524507,0.443373840977931,-1.55450865553401
"Instant_ACS_15_3",768,512,37.0296848849099,"15_3_ACS","Orpheus_Island","ACS","Instant",78.5,0.0723236032908397,0.744403836641912,-1.14071994466841
"Instant_ACS_15_4",24,16,0.857668409281355,"15_4_ACS","Orpheus_Island","ACS","Instant",78.5,0.0536042755800847,-0.760746141677994,-1.27080056876278
"Instant_ACS_15_4",48,32,0.807850144379483,"15_4_ACS","Orpheus_Island","ACS","Instant",78.5,0.0252453170118588,-0.459716146014013,-1.59781917138812
"Instant_ACS_15_4",96,64,0.91237072679772,"15_4_ACS","Orpheus_Island","ACS","Instant",78.5,0.0142557926062144,-0.158686150350032,-1.84600863139305
"Instant_ACS_15_4",384,256,6.2484529804461,"15_4_ACS","Orpheus_Island","ACS","Instant",78.5,0.0244080194548676,0.443373840977931,-1.61246745920299
"Instant_ACS_15_4",768,512,16.3535408917197,"15_4_ACS","Orpheus_Island","ACS","Instant",78.5,0.0319405095541401,0.744403836641912,-1.49565815974462
"Instant_ACS_16_1",24,16,3.21494848671353,"16_1_ACS","Orpheus_Island","ACS","Instant",78.5,0.200934280419596,-0.760746141677994,-0.696945964062959
"Instant_ACS_16_1",48,32,0.935652133765759,"16_1_ACS","Orpheus_Island","ACS","Instant",78.5,0.02923912918018,-0.459716146014013,-1.534035565978
"Instant_ACS_16_1",96,64,1.37733563474487,"16_1_ACS","Orpheus_Island","ACS","Instant",78.5,0.0215208692928887,-0.158686150350032,-1.66714019018595
"Instant_ACS_16_1",192,128,2.4632825477707,"16_1_ACS","Orpheus_Island","ACS","Instant",78.5,0.0192443949044586,0.142343845313949,-1.71569573974144
"Instant_ACS_16_1",384,256,6.24248383062517,"16_1_ACS","Orpheus_Island","ACS","Instant",78.5,0.0243847024633796,0.443373840977931,-1.61288253920306
"Instant_ACS_16_1",768,512,14.1257212738853,"16_1_ACS","Orpheus_Island","ACS","Instant",78.5,0.0275892993630573,0.744403836641912,-1.55925932839438
"Instant_ACS_16_2",24,16,3.46452245999327,"16_2_ACS","Orpheus_Island","ACS","Instant",78.5,0.216532653749579,-0.760746141677994,-0.664476601509654
"Instant_ACS_16_2",96,64,2.28970636154259,"16_2_ACS","Orpheus_Island","ACS","Instant",78.5,0.035776661899103,-0.158686150350032,-1.44640018323286
"Instant_ACS_16_2",192,128,5.97182015053648,"16_2_ACS","Orpheus_Island","ACS","Instant",78.5,0.0466548449260663,0.142343845313949,-1.3311032497653
"Instant_ACS_16_2",384,256,12.4849676612503,"16_2_ACS","Orpheus_Island","ACS","Instant",78.5,0.0487694049267591,0.443373840977931,-1.31185254353908
"Instant_ACS_16_2",1536,1024,21.3331463664377,"16_2_ACS","Orpheus_Island","ACS","Instant",78.5,0.0208331507484743,1.04543383230589,-1.68124504358091
"Instant_ACS_16_3",48,32,0.504311847133758,"16_3_ACS","Orpheus_Island","ACS","Instant",78.5,0.0157597452229299,-0.459716146014013,-1.80245080773289
"Instant_ACS_16_3",96,64,8.56056223615241,"16_3_ACS","Orpheus_Island","ACS","Instant",78.5,0.133758784939881,-0.158686150350032,-0.873677685003006
"Instant_ACS_16_3",192,128,2.4632825477707,"16_3_ACS","Orpheus_Island","ACS","Instant",78.5,0.0192443949044586,0.142343845313949,-1.71569573974144
"Instant_ACS_16_4",24,16,0.571778939520903,"16_4_ACS","Orpheus_Island","ACS","Instant",78.5,0.0357361837200565,-0.760746141677994,-1.44689182781846
"Instant_ACS_16_4",96,64,5.98763983941087,"16_4_ACS","Orpheus_Island","ACS","Instant",78.5,0.0935568724907948,-0.158686150350032,-1.02892430463429
"Instant_ACS_16_4",192,128,4.9265650955414,"16_4_ACS","Orpheus_Island","ACS","Instant",78.5,0.0384887898089172,0.142343845313949,-1.41466574407745
"Instant_HFY_11_1",24,16,0.390297678535841,"11_1_HFY","Orpheus_Island","HFY","Instant",78.5,0.02439360490849,-0.760746141677994,-1.61272401452116
"Instant_HFY_11_1",48,32,0.643180577176544,"11_1_HFY","Orpheus_Island","HFY","Instant",78.5,0.020099393036767,-0.459716146014013,-1.69681705724433
"Instant_HFY_11_1",96,64,1.61648428496056,"11_1_HFY","Orpheus_Island","HFY","Instant",78.5,0.0252575669525088,-0.158686150350032,-1.59760848711369
"Instant_HFY_11_1",384,256,4.56627352742974,"11_1_HFY","Orpheus_Island","HFY","Instant",78.5,0.0178370059665224,0.443373840977931,-1.74867804241181
"Instant_HFY_11_2",24,16,0.571778939520903,"11_2_HFY","Orpheus_Island","HFY","Instant",78.5,0.0357361837200565,-0.760746141677994,-1.44689182781846
"Instant_HFY_11_2",192,128,2.20345436952183,"11_2_HFY","Orpheus_Island","HFY","Instant",78.5,0.0172144872618893,0.142343845313949,-1.76410590834405
"Instant_HFY_11_3",24,16,0.571778939520903,"11_3_HFY","Orpheus_Island","HFY","Instant",78.5,0.0357361837200565,-0.760746141677994,-1.44689182781846
"Instant_HFY_11_3",96,64,1.61648428496056,"11_3_HFY","Orpheus_Island","HFY","Instant",78.5,0.0252575669525088,-0.158686150350032,-1.59760848711369
"Instant_HFY_11_3",1536,1024,31.3794428864666,"11_3_HFY","Orpheus_Island","HFY","Instant",78.5,0.0306439871938151,1.04543383230589,-1.51365472782488
"Instant_HFY_11_4",24,16,0.786182322642883,"11_4_HFY","Orpheus_Island","HFY","Instant",78.5,0.0491363951651802,-0.760746141677994,-1.30859670819979
"Instant_HFY_11_4",96,64,9.17021092376414,"11_4_HFY","Orpheus_Island","HFY","Instant",78.5,0.143284545683815,-0.158686150350032,-0.843800649003792
"Instant_HFY_12_1",48,32,22.7143585043923,"12_1_HFY","Fantome_Island","HFY","Instant",78.5,0.70982370326226,-0.459716146014013,-0.14884950227763
"Instant_HFY_12_2",48,32,2.01724738853503,"12_2_HFY","Fantome_Island","HFY","Instant",78.5,0.0630389808917197,-0.459716146014013,-1.20039081640492
"Instant_HFY_12_2",96,64,4.13200690423462,"12_2_HFY","Fantome_Island","HFY","Instant",78.5,0.064562607878666,-0.158686150350032,-1.19001893546629
"Instant_HFY_12_2",192,128,1.71218465495923,"12_2_HFY","Fantome_Island","HFY","Instant",78.5,0.013376442616869,0.142343845313949,-1.87365936917514
"Instant_HFY_12_3",48,32,1.03434742120853,"12_3_HFY","Fantome_Island","HFY","Instant",78.5,0.0323233569127667,-0.459716146014013,-1.49048354229769
"Instant_HFY_12_3",96,64,5.21763334240384,"12_3_HFY","Fantome_Island","HFY","Instant",78.5,0.0815255209750599,-0.158686150350032,-1.08870641722767
"Instant_HFY_12_4",24,16,1.12584916519508,"12_4_HFY","Fantome_Island","HFY","Instant",78.5,0.0703655728246927,-0.760746141677994,-1.15263977252369
"Instant_HFY_13_1",24,16,0.634741743453482,"13_1_HFY","Fantome_Island","HFY","Instant",78.5,0.0396713589658426,-0.760746141677994,-1.40152292225694
"Instant_HFY_13_1",48,32,0.972137914016638,"13_1_HFY","Fantome_Island","HFY","Instant",78.5,0.0303793098130199,-0.459716146014013,-1.51742209708949
"Instant_HFY_13_1",96,64,1.17070098400047,"13_1_HFY","Fantome_Island","HFY","Instant",78.5,0.0182922028750073,-0.158686150350032,-1.73773399059512
"Instant_HFY_13_2",24,16,0.662676760807931,"13_2_HFY","Fantome_Island","HFY","Instant",78.5,0.0414172975504957,-0.760746141677994,-1.38281824192728
"Instant_HFY_13_2",48,32,0.932018685719457,"13_2_HFY","Fantome_Island","HFY","Instant",78.5,0.029125583928733,-0.459716146014013,-1.53572535885916
"Instant_HFY_13_2",192,128,4.26633549556508,"13_2_HFY","Fantome_Island","HFY","Instant",78.5,0.0333307460591022,0.142343845313949,-1.47715496519561
"Instant_HFY_13_2",384,256,6.24248383062517,"13_2_HFY","Fantome_Island","HFY","Instant",78.5,0.0243847024633796,0.443373840977931,-1.61288253920306
"Instant_HFY_13_3",48,32,1.19170050138315,"13_3_HFY","Fantome_Island","HFY","Instant",78.5,0.0372406406682234,-0.459716146014013,-1.42898285625458
"Instant_HFY_13_3",384,256,73.7262941769122,"13_3_HFY","Fantome_Island","HFY","Instant",78.5,0.287993336628563,0.443373840977931,-0.540617560500921
"Instant_HFY_13_3",768,512,19.6304550390441,"13_3_HFY","Fantome_Island","HFY","Instant",78.5,0.0383407324981331,0.744403836641912,-1.4163395942003
"Instant_HFY_13_4",24,16,0.68620289432813,"13_4_HFY","Fantome_Island","HFY","Instant",78.5,0.0428876808955082,-0.760746141677994,-1.36766743712568
"Instant_HFY_13_4",96,64,2.75467126948975,"13_4_HFY","Fantome_Island","HFY","Instant",78.5,0.0430417385857773,-0.158686150350032,-1.36611019452197
"Instant_HFY_14_1",48,32,0.525087605864072,"14_1_HFY","Fantome_Island","HFY","Instant",78.5,0.0164089876832522,-0.459716146014013,-1.78491821097242
"Instant_HFY_14_1",96,64,10.4979491461984,"14_1_HFY","Fantome_Island","HFY","Instant",78.5,0.16403045540935,-0.158686150350032,-0.785075509340955
"Instant_HFY_14_1",192,128,13.8657020556282,"14_1_HFY","Fantome_Island","HFY","Instant",78.5,0.108325797309596,0.142343845313949,-0.965268105747237
"Instant_HFY_14_2",48,32,1.19170050138315,"14_2_HFY","Fantome_Island","HFY","Instant",78.5,0.0372406406682234,-0.459716146014013,-1.42898285625458
"Instant_HFY_14_2",384,256,17.7429915763544,"14_2_HFY","Fantome_Island","HFY","Instant",78.5,0.0693085608451342,0.443373840977931,-1.15921311894985
"Instant_HFY_14_2",768,512,48.1687145601296,"14_2_HFY","Fantome_Island","HFY","Instant",78.5,0.0940795206252532,0.744403836641912,-1.02650490417544
"Instant_HFY_14_3",48,32,2.74955461699757,"14_3_HFY","Fantome_Island","HFY","Instant",78.5,0.085923581781174,-0.459716146014013,-1.06588762741527
"Instant_HFY_14_3",96,64,4.84945285488168,"14_3_HFY","Fantome_Island","HFY","Instant",78.5,0.0757727008575263,-0.158686150350032,-1.12048723239403
"Instant_HFY_14_3",384,256,12.4909368110713,"14_3_HFY","Fantome_Island","HFY","Instant",78.5,0.0487927219182471,0.443373840977931,-1.31164495394959
"Instant_HFY_14_3",768,512,12.2055582165605,"14_3_HFY","Fantome_Island","HFY","Instant",78.5,0.0238389808917197,0.744403836641912,-1.62271231447554
"Instant_HFY_14_4",48,32,1.15521472113227,"14_4_HFY","Fantome_Island","HFY","Instant",78.5,0.0361004600353835,-0.459716146014013,-1.44248726375762
"Instant_HFY_14_4",96,64,2.19077518498251,"14_4_HFY","Fantome_Island","HFY","Instant",78.5,0.0342308622653516,-0.158686150350032,-1.46558216097408
"Instant_HFY_15_1",24,16,2.75211524181456,"15_1_HFY","Orpheus_Island","HFY","Instant",78.5,0.17200720261341,-0.760746141677994,-0.764453367105437
"Instant_HFY_15_1",48,32,0.443773783486237,"15_1_HFY","Orpheus_Island","HFY","Instant",78.5,0.0138679307339449,-0.459716146014013,-1.85798833617779
"Instant_HFY_15_1",384,256,37.0723373531963,"15_1_HFY","Orpheus_Island","HFY","Instant",78.5,0.144813817785923,0.443373840977931,-0.839189996827619
"Instant_HFY_15_1",1536,1024,14.4525218322344,"15_1_HFY","Orpheus_Island","HFY","Instant",78.5,0.0141137908517914,1.04543383230589,-1.85035632253926
"Instant_HFY_15_2",96,64,2.75467126948975,"15_2_HFY","Orpheus_Island","HFY","Instant",78.5,0.0430417385857773,-0.158686150350032,-1.36611019452197
"Instant_HFY_15_2",192,128,11.2702656001146,"15_2_HFY","Orpheus_Island","HFY","Instant",78.5,0.0880489500008953,0.142343845313949,-1.05527581870336
"Instant_HFY_15_2",384,256,4.25156536887494,"15_2_HFY","Orpheus_Island","HFY","Instant",78.5,0.0166076772221677,0.443373840977931,-1.77969110446228
"Instant_HFY_15_2",768,512,11.1113038895879,"15_2_HFY","Orpheus_Island","HFY","Instant",78.5,0.0217017654093514,0.744403836641912,-1.66350493544394
"Instant_HFY_15_2",1536,1024,14.4525218322344,"15_2_HFY","Orpheus_Island","HFY","Instant",78.5,0.0141137908517914,1.04543383230589,-1.85035632253926
"Instant_HFY_15_3",24,16,1.17089303560752,"15_3_HFY","Orpheus_Island","HFY","Instant",78.5,0.0731808147254702,-0.760746141677994,-1.1356027598015
"Instant_HFY_15_3",768,512,18.7813495489735,"15_3_HFY","Orpheus_Island","HFY","Instant",78.5,0.036682323337839,0.744403836641912,-1.43554316534529
"Instant_HFY_15_4",48,32,0.504311847133758,"15_4_HFY","Orpheus_Island","HFY","Instant",78.5,0.0157597452229299,-0.459716146014013,-1.80245080773289
"Instant_HFY_15_4",96,64,11.2578337281747,"15_4_HFY","Orpheus_Island","HFY","Instant",78.5,0.175903652002729,-0.158686150350032,-0.754725143895757
"Instant_HFY_16_1",48,32,0.565367448999437,"16_1_HFY","Orpheus_Island","HFY","Instant",78.5,0.0176677327812324,-0.459716146014013,-1.75281917792813
"Instant_HFY_16_1",96,64,15.1506919821936,"16_1_HFY","Orpheus_Island","HFY","Instant",78.5,0.236729562221775,-0.158686150350032,-0.625747505027729
"Instant_HFY_16_1",192,128,14.1448845859873,"16_1_HFY","Orpheus_Island","HFY","Instant",78.5,0.110506910828025,0.142343845313949,-0.956610561430211
"Instant_HFY_16_1",384,256,10.8926847424715,"16_1_HFY","Orpheus_Island","HFY","Instant",78.5,0.0425495497752792,0.443373840977931,-1.37110503090598
"Instant_HFY_16_2",48,32,0.540412738853503,"16_2_HFY","Orpheus_Island","HFY","Instant",78.5,0.016887898089172,-0.459716146014013,-1.7724244004633
"Instant_HFY_16_2",96,64,5.98763983941087,"16_2_HFY","Orpheus_Island","HFY","Instant",78.5,0.0935568724907948,-0.158686150350032,-1.02892430463429
"Instant_HFY_16_2",768,512,7.96232597556473,"16_2_HFY","Orpheus_Island","HFY","Instant",78.5,0.0155514179210249,0.744403836641912,-1.8082300074601
"Instant_HFY_16_3",24,16,0.599764957717527,"16_3_HFY","Orpheus_Island","HFY","Instant",78.5,0.0374853098573454,-0.760746141677994,-1.42613889488112
"Instant_HFY_16_3",48,32,0.935652133765759,"16_3_HFY","Orpheus_Island","HFY","Instant",78.5,0.02923912918018,-0.459716146014013,-1.534035565978
"Instant_HFY_16_3",96,64,1.36518872442987,"16_3_HFY","Orpheus_Island","HFY","Instant",78.5,0.0213310738192167,-0.158686150350032,-1.67098728135217
"Instant_HFY_16_4",48,32,3.39920148256395,"16_4_HFY","Orpheus_Island","HFY","Instant",78.5,0.106225046330123,-0.459716146014013,-0.973773070820584
"Instant_HFY_16_4",96,64,12.3989437958253,"16_4_HFY","Orpheus_Island","HFY","Instant",78.5,0.19373349680977,-0.158686150350032,-0.712795282626623
"Instant_HFY_16_4",192,128,9.92183354844877,"16_4_HFY","Orpheus_Island","HFY","Instant",78.5,0.077514324597256,0.142343845313949,-1.11061803273651
"Instant_SBT_11_1",24,16,0.394778452146386,"11_1_SBT","Orpheus_Island","SBT","Instant",78.5,0.0246736532591491,-0.760746141677994,-1.60776654273459
"Instant_SBT_11_1",48,32,0.504311847133758,"11_1_SBT","Orpheus_Island","SBT","Instant",78.5,0.0157597452229299,-0.459716146014013,-1.80245080773289
"Instant_SBT_11_1",192,128,2.791036477547,"11_1_SBT","Orpheus_Island","SBT","Instant",78.5,0.021804972480836,0.142343845313949,-1.66144445709551
"Instant_SBT_11_1",384,256,9.81275591413886,"11_1_SBT","Orpheus_Island","SBT","Instant",78.5,0.0383310777896049,0.443373840977931,-1.41644896912297
"Instant_SBT_11_1",3072,2048,32.1432799138264,"11_1_SBT","Orpheus_Island","SBT","Instant",78.5,0.0156949608954231,1.34646382796987,-1.80423976202339
"Instant_SBT_11_2",24,16,0.571778939520903,"11_2_SBT","Orpheus_Island","SBT","Instant",78.5,0.0357361837200565,-0.760746141677994,-1.44689182781846
"Instant_SBT_11_2",48,32,1.40347820064864,"11_2_SBT","Orpheus_Island","SBT","Instant",78.5,0.04385869377027,-0.459716146014013,-1.35794430692232
"Instant_SBT_11_2",96,64,1.61648428496056,"11_2_SBT","Orpheus_Island","SBT","Instant",78.5,0.0252575669525088,-0.158686150350032,-1.59760848711369
"Instant_SBT_11_2",192,128,2.77695068325664,"11_2_SBT","Orpheus_Island","SBT","Instant",78.5,0.0216949272129425,0.142343845313949,-1.66364180260186
"Instant_SBT_11_2",384,256,18.7393897915174,"11_2_SBT","Orpheus_Island","SBT","Instant",78.5,0.0732007413731147,0.443373840977931,-1.13548452040852
"Instant_SBT_11_2",768,512,9.25742122122748,"11_2_SBT","Orpheus_Island","SBT","Instant",78.5,0.0180809008227099,0.744403836641912,-1.74277993599637
"Instant_SBT_11_2",1536,1024,23.1434200254256,"11_2_SBT","Orpheus_Island","SBT","Instant",78.5,0.0226009961185797,1.04543383230589,-1.64587241929203
"Instant_SBT_11_3",24,16,2.34178607121504,"11_3_SBT","Orpheus_Island","SBT","Instant",78.5,0.14636162945094,-0.760746141677994,-0.834572764137516
"Instant_SBT_11_3",48,32,0.807850144379483,"11_3_SBT","Orpheus_Island","SBT","Instant",78.5,0.0252453170118588,-0.459716146014013,-1.59781917138812
"Instant_SBT_11_3",192,128,5.58207295509401,"11_3_SBT","Orpheus_Island","SBT","Instant",78.5,0.043609944961672,0.142343845313949,-1.36041446143153
"Instant_SBT_11_3",384,256,4.25156536887494,"11_3_SBT","Orpheus_Island","SBT","Instant",78.5,0.0166076772221677,0.443373840977931,-1.77969110446228
"Instant_SBT_11_4",24,16,0.285889469760452,"11_4_SBT","Orpheus_Island","SBT","Instant",78.5,0.0178680918600282,-0.760746141677994,-1.74792182348245
"Instant_SBT_11_4",96,64,1.82474145359544,"11_4_SBT","Orpheus_Island","SBT","Instant",78.5,0.0285115852124288,-0.158686150350032,-1.54497863572907
"Instant_SBT_11_4",384,256,4.25156536887494,"11_4_SBT","Orpheus_Island","SBT","Instant",78.5,0.0166076772221677,0.443373840977931,-1.77969110446228
"Instant_SBT_11_4",3072,2048,27.7388732282023,"11_4_SBT","Orpheus_Island","SBT","Instant",78.5,0.0135443716934582,1.34646382796987,-1.86824113654392
"Instant_SBT_12_1",24,16,0.76208101910828,"12_1_SBT","Fantome_Island","SBT","Instant",78.5,0.0476300636942675,-0.760746141677994,-1.32211883771893
"Instant_SBT_12_1",48,32,14.0347820064864,"12_1_SBT","Fantome_Island","SBT","Instant",78.5,0.438586937702699,-0.459716146014013,-0.357944306922323
"Instant_SBT_12_1",96,64,1.34110995986614,"12_1_SBT","Fantome_Island","SBT","Instant",78.5,0.0209548431229085,-0.158686150350032,-1.6787155861358
"Instant_SBT_12_1",192,128,4.30170121957282,"12_1_SBT","Fantome_Island","SBT","Instant",78.5,0.0336070407779127,0.142343845313949,-1.47356972705458
"Instant_SBT_12_1",384,256,6.24248383062517,"12_1_SBT","Fantome_Island","SBT","Instant",78.5,0.0243847024633796,0.443373840977931,-1.61288253920306
"Instant_SBT_12_2",24,16,0.349200686074554,"12_2_SBT","Fantome_Island","SBT","Instant",78.5,0.0218250428796596,-0.760746141677994,-1.66104489436323
"Instant_SBT_12_2",96,64,5.85350492000234,"12_2_SBT","Fantome_Island","SBT","Instant",78.5,0.0914610143750365,-0.158686150350032,-1.0387639862591
"Instant_SBT_12_2",192,128,2.13316774778254,"12_2_SBT","Fantome_Island","SBT","Instant",78.5,0.0166653730295511,0.142343845313949,-1.77818496085959
"Instant_SBT_12_2",384,256,4.25156536887494,"12_2_SBT","Fantome_Island","SBT","Instant",78.5,0.0166076772221677,0.443373840977931,-1.77969110446228
"Instant_SBT_12_3",24,16,0.597179986383969,"12_3_SBT","Fantome_Island","SBT","Instant",78.5,0.037323749148998,-0.760746141677994,-1.42801473810503
"Instant_SBT_12_3",96,64,2.66409943084324,"12_3_SBT","Fantome_Island","SBT","Instant",78.5,0.0416265536069256,-0.158686150350032,-1.3806295442286
"Instant_SBT_12_3",192,128,1.69701923115056,"12_3_SBT","Fantome_Island","SBT","Instant",78.5,0.0132579627433637,0.142343845313949,-1.87752320574195
"Instant_SBT_12_3",768,512,50.0488560509554,"12_3_SBT","Fantome_Island","SBT","Instant",78.5,0.0977516719745223,0.744403836641912,-1.0098758055628
"Instant_SBT_12_4",96,64,3.29244294716883,"12_4_SBT","Fantome_Island","SBT","Instant",78.5,0.051444421049513,-0.158686150350032,-1.28866171592165
"Instant_SBT_12_4",192,128,18.3492367143684,"12_4_SBT","Fantome_Island","SBT","Instant",78.5,0.143353411831003,0.142343845313949,-0.843591966325834
"Instant_SBT_12_4",768,512,21.7646308280255,"12_4_SBT","Fantome_Island","SBT","Instant",78.5,0.0425090445859873,0.744403836641912,-1.37151865592906
"Instant_SBT_13_1",24,16,0.330851464968153,"13_1_SBT","Fantome_Island","SBT","Instant",78.5,0.0206782165605096,-0.760746141677994,-1.68448692067139
"Instant_SBT_13_1",96,64,1.11662369426752,"13_1_SBT","Fantome_Island","SBT","Instant",78.5,0.0174472452229299,-0.158686150350032,-1.75827313483231
"Instant_SBT_13_1",192,128,7.28451966245666,"13_1_SBT","Fantome_Island","SBT","Instant",78.5,0.0569103098629427,0.142343845313949,-1.24480904975629
"Instant_SBT_13_1",768,512,7.25487694267516,"13_1_SBT","Fantome_Island","SBT","Instant",78.5,0.0141696815286624,0.744403836641912,-1.84863991064872
"Instant_SBT_13_2",192,128,23.5748076433121,"13_2_SBT","Fantome_Island","SBT","Instant",78.5,0.184178184713376,0.142343845313949,-0.734761811813855
"Instant_SBT_13_2",384,256,127.747502938906,"13_2_SBT","Fantome_Island","SBT","Instant",78.5,0.4990136833551,0.443373840977931,-0.301887545510603
"Instant_SBT_13_2",768,512,181.371923566879,"13_2_SBT","Fantome_Island","SBT","Instant",78.5,0.354242038216561,0.744403836641912,-0.45069990197668
"Instant_SBT_13_3",24,16,1.00040031594434,"13_3_SBT","Fantome_Island","SBT","Instant",78.5,0.0625250197465209,-0.760746141677994,-1.20394616243946
"Instant_SBT_13_3",48,32,0.687388654249392,"13_3_SBT","Fantome_Island","SBT","Instant",78.5,0.0214808954452935,-0.459716146014013,-1.66794761874324
"Instant_SBT_13_3",96,64,1.21939187036454,"13_3_SBT","Fantome_Island","SBT","Instant",78.5,0.019052997974446,-0.158686150350032,-1.72003667871179
"Instant_SBT_13_3",192,128,3.15574496377285,"13_3_SBT","Fantome_Island","SBT","Instant",78.5,0.0246542575294754,0.142343845313949,-1.60810807184739
"Instant_SBT_13_3",768,512,7.99779872611465,"13_3_SBT","Fantome_Island","SBT","Instant",78.5,0.0156207006369427,0.744403836641912,-1.80629949056538
"Instant_SBT_13_4",24,16,1.01090361601086,"13_4_SBT","Fantome_Island","SBT","Instant",78.5,0.0631814760006787,-0.760746141677994,-1.19941023263374
"Instant_SBT_13_4",96,64,1.17070098400047,"13_4_SBT","Fantome_Island","SBT","Instant",78.5,0.0182922028750073,-0.158686150350032,-1.73773399059512
"Instant_SBT_13_4",192,128,2.24680264919095,"13_4_SBT","Fantome_Island","SBT","Instant",78.5,0.0175531456968043,0.142343845313949,-1.75564504236955
"Instant_SBT_14_1",24,16,0.37707821656051,"14_1_SBT","Fantome_Island","SBT","Instant",78.5,0.0235673885350318,-0.760746141677994,-1.62768853829279
"Instant_SBT_14_1",48,32,0.46782606688288,"14_1_SBT","Fantome_Island","SBT","Instant",78.5,0.01461956459009,-0.459716146014013,-1.83506556164199
"Instant_SBT_14_1",96,64,9.01503120327665,"14_1_SBT","Fantome_Island","SBT","Instant",78.5,0.140859862551198,-0.158686150350032,-0.851212739721094
"Instant_SBT_14_1",192,128,2.87787861193793,"14_1_SBT","Fantome_Island","SBT","Instant",78.5,0.0224834266557651,0.142343845313949,-1.64813749807276
"Instant_SBT_14_2",24,16,0.606351313761542,"14_2_SBT","Fantome_Island","SBT","Instant",78.5,0.0378969571100964,-0.760746141677994,-1.42139565977724
"Instant_SBT_14_2",48,32,1.27876811633,"14_2_SBT","Fantome_Island","SBT","Instant",78.5,0.0399615036353125,-0.459716146014013,-1.39835817889868
"Instant_SBT_14_2",96,64,1.46770149357339,"14_2_SBT","Fantome_Island","SBT","Instant",78.5,0.0229328358370843,-0.158686150350032,-1.63954223780185
"Instant_SBT_14_2",384,256,3.89085376384846,"14_2_SBT","Fantome_Island","SBT","Instant",78.5,0.015198647515033,0.443373840977931,-1.81819505698232
"Instant_SBT_14_3",96,64,4.15502016445226,"14_3_SBT","Fantome_Island","SBT","Instant",78.5,0.0649221900695666,-0.158686150350032,-1.18760683821295
"Instant_SBT_14_3",192,128,67.0725356813712,"14_3_SBT","Fantome_Island","SBT","Instant",78.5,0.524004185010712,0.142343845313949,-0.280665244467035
"Instant_SBT_14_3",1536,1024,21.3331463664377,"14_3_SBT","Fantome_Island","SBT","Instant",78.5,0.0208331507484743,1.04543383230589,-1.68124504358091
"Instant_SBT_14_3",3072,2048,88.5712247534913,"14_3_SBT","Fantome_Island","SBT","Instant",78.5,0.0432476683366657,1.34646382796987,-1.36403730220649
"Instant_SBT_14_4",24,16,1.06054732810602,"14_4_SBT","Fantome_Island","SBT","Instant",78.5,0.066284208006626,-0.760746141677994,-1.17858992849581
"Instant_SBT_14_4",48,32,10.7964853185571,"14_4_SBT","Fantome_Island","SBT","Instant",78.5,0.33739016620491,-0.459716146014013,-0.471867579794263
"Instant_SBT_14_4",96,64,38.1750245707595,"14_4_SBT","Fantome_Island","SBT","Instant",78.5,0.596484758918117,-0.158686150350032,-0.224400648728465
"Instant_SBT_14_4",192,128,5.49922840221192,"14_4_SBT","Fantome_Island","SBT","Instant",78.5,0.0429627218922807,0.142343845313949,-1.36690821182081
"Instant_SBT_14_4",3072,2048,104.452074829995,"14_4_SBT","Fantome_Island","SBT","Instant",78.5,0.0510019896630833,1.34646382796987,-1.29241288110122
"Instant_SBT_15_1",24,16,2.35854696792865,"15_1_SBT","Orpheus_Island","SBT","Instant",78.5,0.147409185495541,-0.760746141677994,-0.831475453480125
"Instant_SBT_15_1",96,64,8.83468985841149,"15_1_SBT","Orpheus_Island","SBT","Instant",78.5,0.13804202903768,-0.158686150350032,-0.859988665771513
"Instant_SBT_15_1",192,128,17.3322279995389,"15_1_SBT","Orpheus_Island","SBT","Instant",78.5,0.135408031246398,0.142343845313949,-0.868355576252394
"Instant_SBT_15_2",24,16,1.10792478382327,"15_2_SBT","Orpheus_Island","SBT","Instant",78.5,0.0692452989889546,-0.760746141677994,-1.15960970518708
"Instant_SBT_15_2",48,32,0.923617351828486,"15_2_SBT","Orpheus_Island","SBT","Instant",78.5,0.0288630422446402,-0.459716146014013,-1.53965789498796
"Instant_SBT_15_2",96,64,6.8193726709458,"15_2_SBT","Orpheus_Island","SBT","Instant",78.5,0.106552697983528,-0.158686150350032,-0.972435549192162
"Instant_SBT_15_2",192,128,3.84090904458599,"15_2_SBT","Orpheus_Island","SBT","Instant",78.5,0.030007101910828,0.142343845313949,-1.52277594675817
"Instant_SBT_15_2",384,256,11.1496653778926,"15_2_SBT","Orpheus_Island","SBT","Instant",78.5,0.0435533803823931,0.443373840977931,-1.36097813171381
"Instant_SBT_15_2",768,512,84.4068554526937,"15_2_SBT","Orpheus_Island","SBT","Instant",78.5,0.164857139556042,0.744403836641912,-0.78289223989086
"Instant_SBT_15_2",1536,1024,35.6220808460702,"15_2_SBT","Orpheus_Island","SBT","Instant",78.5,0.0347871883262405,1.04543383230589,-1.45858067167623
"Instant_SBT_15_3",24,16,0.777404038530308,"15_3_SBT","Orpheus_Island","SBT","Instant",78.5,0.0485877524081443,-0.760746141677994,-1.31347319024173
"Instant_SBT_15_3",48,32,3.27053387399161,"15_3_SBT","Orpheus_Island","SBT","Instant",78.5,0.102204183562238,-0.459716146014013,-0.99053132669829
"Instant_SBT_15_3",96,64,9.22060840933199,"15_3_SBT","Orpheus_Island","SBT","Instant",78.5,0.144072006395812,-0.158686150350032,-0.841420395652813
"Instant_SBT_15_3",192,128,5.58207295509401,"15_3_SBT","Orpheus_Island","SBT","Instant",78.5,0.043609944961672,0.142343845313949,-1.36041446143153
"Instant_SBT_15_3",384,256,8.21777581473481,"15_3_SBT","Orpheus_Island","SBT","Instant",78.5,0.0321006867763078,0.443373840977931,-1.49348567600727
"Instant_SBT_15_4",24,16,0.285889469760452,"15_4_SBT","Orpheus_Island","SBT","Instant",78.5,0.0178680918600282,-0.760746141677994,-1.74792182348245
"Instant_SBT_15_4",96,64,2.75467126948975,"15_4_SBT","Orpheus_Island","SBT","Instant",78.5,0.0430417385857773,-0.158686150350032,-1.36611019452197
"Instant_SBT_15_4",192,128,8.95773022580472,"15_4_SBT","Orpheus_Island","SBT","Instant",78.5,0.0699822673890994,0.142343845313949,-1.15501199070962
"Instant_SBT_15_4",384,256,12.0020875351201,"15_4_SBT","Orpheus_Island","SBT","Instant",78.5,0.0468831544340631,0.443373840977931,-1.3289831754196
"Instant_SBT_15_4",768,512,16.8029449990615,"15_4_SBT","Orpheus_Island","SBT","Instant",78.5,0.032818251951292,0.744403836641912,-1.48388455515757
"Instant_SBT_15_4",1536,1024,42.6662927328754,"15_4_SBT","Orpheus_Island","SBT","Instant",78.5,0.0416663014969486,1.04543383230589,-1.38021504791693
"Instant_SBT_16_1",48,32,0.510502957212629,"16_1_SBT","Orpheus_Island","SBT","Instant",78.5,0.0159532174128947,-0.459716146014013,-1.7971517161332
"Instant_SBT_16_1",96,64,9.00538487767716,"16_1_SBT","Orpheus_Island","SBT","Instant",78.5,0.140709138713706,-0.158686150350032,-0.851677695287029
"Instant_SBT_16_1",192,128,8.97871439168512,"16_1_SBT","Orpheus_Island","SBT","Instant",78.5,0.07014620618504,0.142343845313949,-1.15399581255376
"Instant_SBT_16_1",768,512,36.2743847133758,"16_1_SBT","Orpheus_Island","SBT","Instant",78.5,0.0708484076433121,0.744403836641912,-1.1496699063127
"Instant_SBT_16_1",3072,2048,27.7388732282023,"16_1_SBT","Orpheus_Island","SBT","Instant",78.5,0.0135443716934582,1.34646382796987,-1.86824113654392
"Instant_SBT_16_2",24,16,1.06648482683213,"16_2_SBT","Orpheus_Island","SBT","Instant",78.5,0.0666553016770083,-0.760746141677994,-1.17616530165149
"Instant_SBT_16_2",96,64,1.52560984858646,"16_2_SBT","Orpheus_Island","SBT","Instant",78.5,0.0238376538841634,-0.158686150350032,-1.62273649034542
"Instant_SBT_16_2",384,256,3.57027208351369,"16_2_SBT","Orpheus_Island","SBT","Instant",78.5,0.0139463753262254,0.443373840977931,-1.85553865119799
"Instant_SBT_16_3",24,16,0.66455906244785,"16_3_SBT","Orpheus_Island","SBT","Instant",78.5,0.0415349414029906,-0.760746141677994,-1.38158639789589
"Instant_SBT_16_3",384,256,4.65020091184631,"16_3_SBT","Orpheus_Island","SBT","Instant",78.5,0.0181648473118996,0.443373840977931,-1.7407682483313
"Instant_SBT_16_3",1536,1024,21.3331463664377,"16_3_SBT","Orpheus_Island","SBT","Instant",78.5,0.0208331507484743,1.04543383230589,-1.68124504358091
"Instant_SBT_16_3",6144,4096,98.61676385319,"16_3_SBT","Orpheus_Island","SBT","Instant",78.5,0.0240763583625952,1.64749382363386,-1.61840920107829
"Instant_SBT_16_4",24,16,0.285889469760452,"16_4_SBT","Orpheus_Island","SBT","Instant",78.5,0.0178680918600282,-0.760746141677994,-1.74792182348245
"Instant_SBT_16_4",48,32,0.479214435463986,"16_4_SBT","Orpheus_Island","SBT","Instant",78.5,0.0149754511082496,-0.459716146014013,-1.82462008640959
"Instant_SBT_16_4",96,64,5.75230583532883,"16_4_SBT","Orpheus_Island","SBT","Instant",78.5,0.089879778677013,-0.158686150350032,-1.04633800567292
"Instant_SBT_16_4",192,128,2.791036477547,"16_4_SBT","Orpheus_Island","SBT","Instant",78.5,0.021804972480836,0.142343845313949,-1.66144445709551
"Instant_SBT_16_4",384,256,4.25156536887494,"16_4_SBT","Orpheus_Island","SBT","Instant",78.5,0.0166076772221677,0.443373840977931,-1.77969110446228
"Instant_SKC_11_1",48,32,0.935652133765759,"11_1_SKC","Orpheus_Island","SKC","Instant",78.5,0.02923912918018,-0.459716146014013,-1.534035565978
"Instant_SKC_11_1",96,64,7.11592109862897,"11_1_SKC","Orpheus_Island","SKC","Instant",78.5,0.111186267166078,-0.158686150350032,-0.953948850004831
"Instant_SKC_11_1",192,128,2.791036477547,"11_1_SKC","Orpheus_Island","SKC","Instant",78.5,0.021804972480836,0.142343845313949,-1.66144445709551
"Instant_SKC_11_1",384,256,3.57027208351369,"11_1_SKC","Orpheus_Island","SKC","Instant",78.5,0.0139463753262254,0.443373840977931,-1.85553865119799
"Instant_SKC_11_2",24,16,0.285889469760452,"11_2_SKC","Orpheus_Island","SKC","Instant",78.5,0.0178680918600282,-0.760746141677994,-1.74792182348245
"Instant_SKC_11_2",48,32,0.687388654249392,"11_2_SKC","Orpheus_Island","SKC","Instant",78.5,0.0214808954452935,-0.459716146014013,-1.66794761874324
"Instant_SKC_11_2",96,64,4.06470140145605,"11_2_SKC","Orpheus_Island","SKC","Instant",78.5,0.0635109593977508,-0.158686150350032,-1.19715132675074
"Instant_SKC_11_2",192,128,14.8739749590904,"11_2_SKC","Orpheus_Island","SKC","Instant",78.5,0.116202929367894,0.142343845313949,-0.934782923647272
"Instant_SKC_11_2",384,256,12.4849676612503,"11_2_SKC","Orpheus_Island","SKC","Instant",78.5,0.0487694049267591,0.443373840977931,-1.31185254353908
"Instant_SKC_11_3",24,16,0.780595357071681,"11_3_SKC","Orpheus_Island","SKC","Instant",78.5,0.0487872098169801,-0.760746141677994,-1.31169401885718
"Instant_SKC_11_3",48,32,0.504311847133758,"11_3_SKC","Orpheus_Island","SKC","Instant",78.5,0.0157597452229299,-0.459716146014013,-1.80245080773289
"Instant_SKC_11_3",96,64,2.51418492828714,"11_3_SKC","Orpheus_Island","SKC","Instant",78.5,0.0392841395044865,-0.158686150350032,-1.40578275537504
"Instant_SKC_11_3",192,128,7.98165381846567,"11_3_SKC","Orpheus_Island","SKC","Instant",78.5,0.062356670456763,0.142343845313949,-1.2051170820794
"Instant_SKC_11_4",24,16,1.15926494975908,"11_4_SKC","Orpheus_Island","SKC","Instant",78.5,0.0724540593599425,-0.760746141677994,-1.13993727743593
"Instant_SKC_11_4",96,64,3.05121969717292,"11_4_SKC","Orpheus_Island","SKC","Instant",78.5,0.0476753077683268,-0.158686150350032,-1.32170649468144
"Instant_SKC_12_1",96,64,26.4078395997148,"12_1_SKC","Fantome_Island","SKC","Instant",78.5,0.412622493745543,-0.158686150350032,-0.384447100542968
"Instant_SKC_12_1",192,128,5.55390136651328,"12_1_SKC","Fantome_Island","SKC","Instant",78.5,0.043389854425885,0.142343845313949,-1.36261180693787
"Instant_SKC_12_2",48,32,1.1474924243103,"12_2_SKC","Fantome_Island","SKC","Instant",78.5,0.0358591382596969,-0.459716146014013,-1.44540015129239
"Instant_SKC_12_2",96,64,6.88667817372437,"12_2_SKC","Fantome_Island","SKC","Instant",78.5,0.107604346464443,-0.158686150350032,-0.968170185849935
"Instant_SKC_12_2",192,128,10.167790075827,"12_2_SKC","Fantome_Island","SKC","Instant",78.5,0.0794358599673981,0.142343845313949,-1.09998339845234
"Instant_SKC_12_3",24,16,0.399751337579618,"12_3_SKC","Fantome_Island","SKC","Instant",78.5,0.0249844585987261,-0.760746141677994,-1.60233005707324
"Instant_SKC_12_3",48,32,0.46782606688288,"12_3_SKC","Fantome_Island","SKC","Instant",78.5,0.01461956459009,-0.459716146014013,-1.83506556164199
"Instant_SKC_12_3",96,64,1.46770149357339,"12_3_SKC","Fantome_Island","SKC","Instant",78.5,0.0229328358370843,-0.158686150350032,-1.63954223780185
"Instant_SKC_12_3",768,512,22.4158165605096,"12_3_SKC","Fantome_Island","SKC","Instant",78.5,0.0437808917197452,0.744403836641912,-1.35871539706181
"Instant_SKC_12_4",24,16,0.336151750261497,"12_4_SKC","Fantome_Island","SKC","Instant",78.5,0.0210094843913436,-0.760746141677994,-1.67758460579215
"Instant_SKC_12_4",48,32,0.504311847133758,"12_4_SKC","Fantome_Island","SKC","Instant",78.5,0.0157597452229299,-0.459716146014013,-1.80245080773289
"Instant_SKC_12_4",96,64,1.20165502076602,"12_4_SKC","Fantome_Island","SKC","Instant",78.5,0.0187758596994691,-0.158686150350032,-1.72640016861473
"Instant_SKC_12_4",192,128,9.64152662420382,"12_4_SKC","Fantome_Island","SKC","Instant",78.5,0.0753244267515924,0.142343845313949,-1.12306416479324
"Instant_SKC_12_4",384,256,5.8983460936744,"12_4_SKC","Fantome_Island","SKC","Instant",78.5,0.0230404144284156,0.443373840977931,-1.63750971351465
"Instant_SKC_13_1",48,32,0.46782606688288,"13_1_SKC","Fantome_Island","SKC","Instant",78.5,0.01461956459009,-0.459716146014013,-1.83506556164199
"Instant_SKC_13_1",96,64,11.0178244119496,"13_1_SKC","Fantome_Island","SKC","Instant",78.5,0.172153506436712,-0.158686150350032,-0.76408412712366
"Instant_SKC_13_1",384,256,8.50313073774987,"13_1_SKC","Fantome_Island","SKC","Instant",78.5,0.0332153544443354,0.443373840977931,-1.47866110879829
"Instant_SKC_13_2",24,16,0.780595357071681,"13_2_SKC","Fantome_Island","SKC","Instant",78.5,0.0487872098169801,-0.760746141677994,-1.31169401885718
"Instant_SKC_13_2",48,32,8.5136316096121,"13_2_SKC","Fantome_Island","SKC","Instant",78.5,0.266050987800378,-0.459716146014013,-0.575035124277477
"Instant_SKC_13_2",96,64,5.77127914247189,"13_2_SKC","Fantome_Island","SKC","Instant",78.5,0.0901762366011233,-0.158686150350032,-1.04490789341923
"Instant_SKC_13_2",192,128,30.0713526473895,"13_2_SKC","Fantome_Island","SKC","Instant",78.5,0.23493244255773,0.142343845313949,-0.629057005994143
"Instant_SKC_13_2",1536,1024,21.1420799733902,"13_2_SKC","Fantome_Island","SKC","Instant",78.5,0.0206465624740139,1.04543383230589,-1.68515224535574
"Instant_SKC_13_3",96,64,18.5247886496784,"13_3_SKC","Fantome_Island","SKC","Instant",78.5,0.289449822651226,-0.158686150350032,-0.538426712193629
"Instant_SKC_13_4",24,16,0.66211467381987,"13_4_SKC","Fantome_Island","SKC","Instant",78.5,0.0413821671137419,-0.760746141677994,-1.38318676981104
"Instant_SKC_13_4",48,32,1.87908915563254,"13_4_SKC","Fantome_Island","SKC","Instant",78.5,0.0587215361135169,-0.459716146014013,-1.23120259210939
"Instant_SKC_13_4",96,64,20.7002804605719,"13_4_SKC","Fantome_Island","SKC","Instant",78.5,0.323441882196436,-0.158686150350032,-0.490203744389113
"Instant_SKC_13_4",192,128,9.91350679834477,"13_4_SKC","Fantome_Island","SKC","Instant",78.5,0.0774492718620685,0.142343845313949,-1.11098266089731
"Instant_SKC_14_1",96,64,80.7937611742658,"14_1_SKC","Fantome_Island","SKC","Instant",78.5,1.2624025183479,-0.158686150350032,0.101197852233776
"Instant_SKC_14_1",192,128,6.25227307403094,"14_1_SKC","Fantome_Island","SKC","Instant",78.5,0.0488458833908667,0.142343845313949,-1.3111720316579
"Instant_SKC_14_2",48,32,1.30337549217028,"14_2_SKC","Fantome_Island","SKC","Instant",78.5,0.0407304841303213,-0.459716146014013,-1.39008042777608
"Instant_SKC_14_2",96,64,22.0155224036009,"14_2_SKC","Fantome_Island","SKC","Instant",78.5,0.343992537556264,-0.158686150350032,-0.463450978746171
"Instant_SKC_14_2",192,128,4.97898532324151,"14_2_SKC","Fantome_Island","SKC","Instant",78.5,0.0388983228378243,0.142343845313949,-1.41006912355811
"Instant_SKC_14_2",384,256,3.96621044585987,"14_2_SKC","Fantome_Island","SKC","Instant",78.5,0.0154930095541401,0.443373840977931,-1.80986421130466
"Instant_SKC_14_3",768,512,11.9384050955414,"14_3_SKC","Fantome_Island","SKC","Instant",78.5,0.0233171974522293,0.744403836641912,-1.63232364963232
"Instant_SKC_14_3",3072,2048,108.116117963815,"14_3_SKC","Fantome_Island","SKC","Instant",78.5,0.0527910732245193,1.34646382796987,-1.27743950885055
"Instant_SKC_14_4",24,16,0.707929681528662,"14_4_SKC","Fantome_Island","SKC","Instant",78.5,0.0442456050955414,-0.760746141677994,-1.35412986118189
"Instant_SKC_14_4",48,32,0.972137914016638,"14_4_SKC","Fantome_Island","SKC","Instant",78.5,0.0303793098130199,-0.459716146014013,-1.51742209708949
"Instant_SKC_14_4",96,64,2.04014840196408,"14_4_SKC","Fantome_Island","SKC","Instant",78.5,0.0318773187806887,-0.158686150350032,-1.49651821449428
"Instant_SKC_14_4",192,128,36.255424692633,"14_4_SKC","Fantome_Island","SKC","Instant",78.5,0.283245505411196,0.142343845313949,-0.547836972870049
"Instant_SKC_15_1",96,64,8.0824214248028,"15_1_SKC","Orpheus_Island","SKC","Instant",78.5,0.126287834762544,-0.158686150350032,-0.898638482777675
"Instant_SKC_15_1",192,128,9.50772942786902,"15_1_SKC","Orpheus_Island","SKC","Instant",78.5,0.0742791361552267,0.142343845313949,-1.12913315562154
"Instant_SKC_15_1",768,512,6.56693762206618,"15_1_SKC","Orpheus_Island","SKC","Instant",78.5,0.012826050043098,0.744403836641912,-1.8919070699389
"Instant_SKC_15_1",3072,2048,32.1432799138264,"15_1_SKC","Orpheus_Island","SKC","Instant",78.5,0.0156949608954231,1.34646382796987,-1.80423976202339
"Instant_SKC_15_2",24,16,1.75637960960687,"15_2_SKC","Orpheus_Island","SKC","Instant",78.5,0.109773725600429,-0.760746141677994,-0.959501596062919
"Instant_SKC_15_2",96,64,26.9617494652004,"15_2_SKC","Orpheus_Island","SKC","Instant",78.5,0.421277335393756,-0.158686150350032,-0.375431905169853
"Instant_SKC_15_2",192,128,2.12098450243082,"15_2_SKC","Orpheus_Island","SKC","Instant",78.5,0.0165701914252408,0.142343845313949,-1.78067247441437
"Instant_SKC_15_2",768,512,8.66809194645662,"15_2_SKC","Orpheus_Island","SKC","Instant",78.5,0.0169298670829231,0.744403836641912,-1.77134645154137
"Instant_SKC_15_3",96,64,8.0824214248028,"15_3_SKC","Orpheus_Island","SKC","Instant",78.5,0.126287834762544,-0.158686150350032,-0.898638482777675
"Instant_SKC_15_3",192,128,4.21205967218757,"15_3_SKC","Orpheus_Island","SKC","Instant",78.5,0.0329067161889654,0.142343845313949,-1.48271545444728
"Instant_SKC_15_3",768,512,43.9842575139334,"15_3_SKC","Orpheus_Island","SKC","Instant",78.5,0.0859067529569012,0.744403836641912,-1.06597269581199
"Instant_SKC_15_3",3072,2048,37.0231448611974,"15_3_SKC","Orpheus_Island","SKC","Instant",78.5,0.0180777074517565,1.34646382796987,-1.74285664599455
"Instant_SKC_15_4",24,16,0.390297678535841,"15_4_SKC","Orpheus_Island","SKC","Instant",78.5,0.02439360490849,-0.760746141677994,-1.61272401452116
"Instant_SKC_15_4",96,64,7.62804924293229,"15_4_SKC","Orpheus_Island","SKC","Instant",78.5,0.119188269420817,-0.158686150350032,-0.923766486009403
"Instant_SKC_15_4",192,128,5.08091397162689,"15_4_SKC","Orpheus_Island","SKC","Instant",78.5,0.0396946404033351,0.142343845313949,-1.40126812800741
"Instant_SKC_16_1",48,32,0.450203424205751,"16_1_SKC","Orpheus_Island","SKC","Instant",78.5,0.0140688570064297,-0.459716146014013,-1.85174118443904
"Instant_SKC_16_1",96,64,1.43185205191126,"16_1_SKC","Orpheus_Island","SKC","Instant",78.5,0.0223726883111134,-0.158686150350032,-1.6502818277704
"Instant_SKC_16_1",384,256,6.16382089810957,"16_1_SKC","Orpheus_Island","SKC","Instant",78.5,0.0240774253832405,0.443373840977931,-1.61838995435904
"Instant_SKC_16_1",768,512,12.2055582165605,"16_1_SKC","Orpheus_Island","SKC","Instant",78.5,0.0238389808917197,0.744403836641912,-1.62271231447554
"Instant_SKC_16_2",24,16,0.285889469760452,"16_2_SKC","Orpheus_Island","SKC","Instant",78.5,0.0178680918600282,-0.760746141677994,-1.74792182348245
"Instant_SKC_16_2",96,64,1.52560984858646,"16_2_SKC","Orpheus_Island","SKC","Instant",78.5,0.0238376538841634,-0.158686150350032,-1.62273649034542
"Instant_SKC_16_2",768,512,9.39067477448677,"16_2_SKC","Orpheus_Island","SKC","Instant",78.5,0.0183411616689195,0.744403836641912,-1.73657316100927
"Instant_SKC_16_2",1536,1024,20.4389462420382,"16_2_SKC","Orpheus_Island","SKC","Instant",78.5,0.0199599084394904,1.04543383230589,-1.69984145524881
"Instant_SKC_16_3",24,16,0.285889469760452,"16_3_SKC","Orpheus_Island","SKC","Instant",78.5,0.0178680918600282,-0.760746141677994,-1.74792182348245
"Instant_SKC_16_3",96,64,8.40261847177208,"16_3_SKC","Orpheus_Island","SKC","Instant",78.5,0.131290913621439,-0.158686150350032,-0.881765329513106
"Instant_SKC_16_3",192,128,4.51017157907633,"16_3_SKC","Orpheus_Island","SKC","Instant",78.5,0.0352357154615338,0.142343845313949,-1.45301690572364
"Instant_SKC_16_3",768,512,8.17677044585987,"16_3_SKC","Orpheus_Island","SKC","Instant",78.5,0.0159702547770701,0.744403836641912,-1.7966881554086
"Instant_SKC_16_4",48,32,1.09569130921437,"16_4_SKC","Orpheus_Island","SKC","Instant",78.5,0.034240353412949,-0.459716146014013,-1.46546176138678
"Instant_SKC_16_4",96,64,0.91237072679772,"16_4_SKC","Orpheus_Island","SKC","Instant",78.5,0.0142557926062144,-0.158686150350032,-1.84600863139305
"Instant_SKC_16_4",192,128,1.68427419565822,"16_4_SKC","Orpheus_Island","SKC","Instant",78.5,0.0131583921535798,0.142343845313949,-1.88079717466494
