Date,Time,Depth,Location,Site,Method,Replicate,Type,Observer,Species,Size,Count
11/02/2023,,,Pioneer Bay,North Pioneer Bay,Transect ,1,20,SBT,Cheilinus fasciatus,15-20,1
11/02/2023,,,Pioneer Bay,North Pioneer Bay,Transect ,1,20,SBT,Chaetodon aureofasciatus,10--15,2
11/02/2023,,,Pioneer Bay,North Pioneer Bay,Transect ,1,20,SBT,Siganus doliatus,10--15,2
11/02/2023,,,Pioneer Bay,North Pioneer Bay,Transect ,1,20,SBT,Scolopsis margaritifera,20-25,3
11/02/2023,,,Pioneer Bay,North Pioneer Bay,Transect ,1,20,SBT,Scarus flavipectoralis,15-20,1
11/02/2023,,,Pioneer Bay,North Pioneer Bay,Transect ,1,20,SBT,Scarus rivulatus,20-25,3
11/02/2023,,,Pioneer Bay,North Pioneer Bay,Transect ,1,20,SBT,Scarus rivulatus,25-30,1
11/02/2023,,,Pioneer Bay,North Pioneer Bay,Transect ,1,20,SBT,Hipposcarus longiceps,10--15,1
11/02/2023,,,Pioneer Bay,North Pioneer Bay,Transect ,1,20,SBT,Siganus doliatus,15-20,1
11/02/2023,,,Pioneer Bay,North Pioneer Bay,Transect ,1,20,SBT,Scarus rivulatus,30-35,1
11/02/2023,,,Pioneer Bay,North Pioneer Bay,Transect ,1,20,SBT,Scolopsis margaritifera,15-20,1
11/02/2023,,,Pioneer Bay,North Pioneer Bay,Transect ,1,20,SBT,Scarus rivulatus,10--15,1
11/02/2023,,,Pioneer Bay,North Pioneer Bay,Transect ,1,20,SBT,Thalassoma lunare,15-20,1
11/02/2023,,,Pioneer Bay,North Pioneer Bay,Transect ,1,20,SBT,Scarus flavipectoralis,20-25,1
11/02/2023,,,Pioneer Bay,North Pioneer Bay,Transect ,1,20,SBT,Halichoeres chloropterus,10--15,1
11/02/2023,,,Pioneer Bay,North Pioneer Bay,Transect ,1,30,SBT,Chaetodon aureofasciatus,10--15,1
11/02/2023,,,Pioneer Bay,North Pioneer Bay,Transect ,1,30,SBT,Scolopsis margaritifera,20-25,1
11/02/2023,,,Pioneer Bay,North Pioneer Bay,Transect ,1,30,SBT,Scarus rivulatus,20-25,1
11/02/2023,,,Pioneer Bay,North Pioneer Bay,Transect ,1,30,SBT,Scarus rivulatus,30-35,1
11/02/2023,,,Pioneer Bay,North Pioneer Bay,Transect ,1,30,SBT,Scarus rivulatus,10--15,2
11/02/2023,,,Pioneer Bay,North Pioneer Bay,Transect ,1,30,SBT,Halichoeres chloropterus,10--15,1
11/02/2023,,,Pioneer Bay,North Pioneer Bay,Transect ,1,30,SBT,Thalassoma lunare,10--15,1
11/02/2023,,,Pioneer Bay,North Pioneer Bay,Transect ,1,30,SBT,Scarus flavipectoralis,10--15,1
11/02/2023,,,Pioneer Bay,North Pioneer Bay,Transect ,1,30,SBT,Siganus doliatus,20-25,2
11/02/2023,,,Pioneer Bay,North Pioneer Bay,Transect ,1,30,SBT,Scolopsis margaritifera,25-30,2
11/02/2023,,,Pioneer Bay,North Pioneer Bay,Transect ,1,30,SBT,Cheilinus fasciatus,20-25,1
11/02/2023,,,Pioneer Bay,North Pioneer Bay,Transect ,1,30,SBT,Cephalopholis boenak,15-20,1
11/02/2023,,,Pioneer Bay,North Pioneer Bay,Transect ,1,30,SBT,Lutjanus carponotatus,25-30,1
11/02/2023,,,Pioneer Bay,North Pioneer Bay,Transect ,1,30,SBT,Hemigymnus melapterus,25-30,1
11/02/2023,,,Pioneer Bay,North Pioneer Bay,Transect ,1,30,SBT,Hemigymnus melapterus,15-20,1
11/02/2023,,,Pioneer Bay,North Pioneer Bay,Transect ,1,30,SBT,Acanthurus sp. ,10--15,1
11/02/2023,,,Pioneer Bay,North Pioneer Bay,Transect ,2,20,SBT,Lutjanus carponotatus,35-40,1
11/02/2023,,,Pioneer Bay,North Pioneer Bay,Transect ,2,20,SBT,Siganus doliatus,20-25,3
11/02/2023,,,Pioneer Bay,North Pioneer Bay,Transect ,2,20,SBT,Siganus doliatus,15-20,2
11/02/2023,,,Pioneer Bay,North Pioneer Bay,Transect ,2,20,SBT,Thalassoma lunare,15-20,2
11/02/2023,,,Pioneer Bay,North Pioneer Bay,Transect ,2,20,SBT,Scolopsis bilineata,10--15,1
11/02/2023,,,Pioneer Bay,North Pioneer Bay,Transect ,2,20,SBT,Scarus rivulatus,30-35,2
11/02/2023,,,Pioneer Bay,North Pioneer Bay,Transect ,2,20,SBT,Cetoscarus ocellatus,35-40,1
11/02/2023,,,Pioneer Bay,North Pioneer Bay,Transect ,2,20,SBT,Psammoperca waigiensis,20-25,1
11/02/2023,,,Pioneer Bay,North Pioneer Bay,Transect ,2,20,SBT,Acanthurus sp. ,20-25,2
11/02/2023,,,Pioneer Bay,North Pioneer Bay,Transect ,2,20,SBT,Scarus altipinnis,15-20,1
11/02/2023,,,Pioneer Bay,North Pioneer Bay,Transect ,2,20,SBT,Scarus rivulatus,20-25,1
11/02/2023,,,Pioneer Bay,North Pioneer Bay,Transect ,2,20,SBT,Labrichthys unilineatus,15-20,1
11/02/2023,,,Pioneer Bay,North Pioneer Bay,Transect ,2,20,SBT,Scolopsis margaritifera,20-25,2
11/02/2023,,,Pioneer Bay,North Pioneer Bay,Transect ,2,20,SBT,Hemigymnus fasciatus,20-25,1
11/02/2023,,,Pioneer Bay,North Pioneer Bay,Transect ,2,20,SBT,Psammoperca waigiensis,25-30,1
11/02/2023,,,Pioneer Bay,North Pioneer Bay,Transect ,2,20,SBT,Chaetodon aureofasciatus,10--15,1
11/02/2023,,,Pioneer Bay,North Pioneer Bay,Transect ,2,30,SBT,Siganus doliatus,20-25,5
11/02/2023,,,Pioneer Bay,North Pioneer Bay,Transect ,2,30,SBT,Acanthurus sp. ,20-25,5
11/02/2023,,,Pioneer Bay,North Pioneer Bay,Transect ,2,30,SBT,Scarus rivulatus,20-25,1
11/02/2023,,,Pioneer Bay,North Pioneer Bay,Transect ,2,30,SBT,Scolopsis margaritifera,20-25,1
11/02/2023,,,Pioneer Bay,North Pioneer Bay,Transect ,2,30,SBT,Scolopsis bilineata,15-20,2
11/02/2023,,,Pioneer Bay,North Pioneer Bay,Transect ,2,30,SBT,Siganus puellus,20-25,2
11/02/2023,,,Pioneer Bay,North Pioneer Bay,Transect ,2,30,SBT,Chaetodon auriga,10--15,2
11/02/2023,,,Pioneer Bay,North Pioneer Bay,Transect ,2,30,SBT,Scarus flavipectoralis,10--15,1
11/02/2023,,,Pioneer Bay,North Pioneer Bay,Transect ,2,30,SBT,Scarus flavipectoralis,25-30,1
11/02/2023,,,Pioneer Bay,North Pioneer Bay,Transect ,2,30,SBT,Scarus schlegeli,25-30,1
11/02/2023,,,Pioneer Bay,North Pioneer Bay,Transect ,2,30,SBT,Cephalopholis cyanostigma,10--15,1
11/02/2023,,,Pioneer Bay,North Pioneer Bay,Transect ,2,30,SBT,Chlorurus microrhinos,50-55,1
11/02/2023,,,Pioneer Bay,North Pioneer Bay,Transect ,2,30,SBT,Cephalopholis cyanostigma,20-25,1
11/02/2023,,,Pioneer Bay,North Pioneer Bay,Point,1,Instant,SBT,Chlorurus microrhinos,45-50,1
11/02/2023,,,Pioneer Bay,North Pioneer Bay,Point,1,Instant,SBT,Scarus flavipectoralis,20-25,1
11/02/2023,,,Pioneer Bay,North Pioneer Bay,Point,1,Instant,SBT,Scarus rivulatus,25-30,1
11/02/2023,,,Pioneer Bay,North Pioneer Bay,Point,1,Instant,SBT,Scolopsis margaritifera,20-25,1
11/02/2023,,,Pioneer Bay,North Pioneer Bay,Point,1,Instant,SBT,Hipposcarus longiceps,10--15,1
11/02/2023,,,Pioneer Bay,North Pioneer Bay,Point,1,Instant,SBT,Chaetodon aureofasciatus,10--15,1
11/02/2023,,,Pioneer Bay,North Pioneer Bay,Point,1,10 mins,SBT,Scarus rivulatus,25-30,4
11/02/2023,,,Pioneer Bay,North Pioneer Bay,Point,1,10 mins,SBT,Thalassoma lunare,15-20,1
11/02/2023,,,Pioneer Bay,North Pioneer Bay,Point,1,10 mins,SBT,Thalassoma lunare,10--15,3
11/02/2023,,,Pioneer Bay,North Pioneer Bay,Point,1,10 mins,SBT,Scolopsis margaritifera,25-30,3
11/02/2023,,,Pioneer Bay,North Pioneer Bay,Point,1,10 mins,SBT,Siganus doliatus,10--15,4
11/02/2023,,,Pioneer Bay,North Pioneer Bay,Point,1,10 mins,SBT,Scarus rivulatus,20-25,7
11/02/2023,,,Pioneer Bay,North Pioneer Bay,Point,1,10 mins,SBT,Halichoeres chloropterus,10--15,2
11/02/2023,,,Pioneer Bay,North Pioneer Bay,Point,1,10 mins,SBT,Siganus doliatus,15-20,2
11/02/2023,,,Pioneer Bay,North Pioneer Bay,Point,1,10 mins,SBT,Chlorurus microrhinos,45-50,1
11/02/2023,,,Pioneer Bay,North Pioneer Bay,Point,1,10 mins,SBT,Scarus rivulatus,30-35,1
11/02/2023,,,Pioneer Bay,North Pioneer Bay,Point,1,10 mins,SBT,Chelmon rostratus,10--15,2
11/02/2023,,,Pioneer Bay,North Pioneer Bay,Point,2,Instant,SBT,Scarus altipinnis,20-25,1
11/02/2023,,,Pioneer Bay,North Pioneer Bay,Point,2,Instant,SBT,Lutjanus carponotatus,30-35,2
11/02/2023,,,Pioneer Bay,North Pioneer Bay,Point,2,Instant,SBT,Scarus rivulatus,25-30,1
11/02/2023,,,Pioneer Bay,North Pioneer Bay,Point,2,Instant,SBT,Scarus rivulatus,10--15,3
11/02/2023,,,Pioneer Bay,North Pioneer Bay,Point,2,Instant,SBT,Scarus rivulatus,15-20,1
11/02/2023,,,Pioneer Bay,North Pioneer Bay,Point,2,Instant,SBT,Thalassoma lunare,10--15,2
11/02/2023,,,Pioneer Bay,North Pioneer Bay,Point,2,Instant,SBT,Chlorurus microrhinos,30-35,1
11/02/2023,,,Pioneer Bay,North Pioneer Bay,Point,2,Instant,SBT,Diagramma pictum,50-55,1
11/02/2023,,,Pioneer Bay,North Pioneer Bay,Point,2,10 mins,SBT,Scarus altipinnis,20-25,1
11/02/2023,,,Pioneer Bay,North Pioneer Bay,Point,2,10 mins,SBT,Scarus rivulatus,10--15,6
11/02/2023,,,Pioneer Bay,North Pioneer Bay,Point,2,10 mins,SBT,Scarus rivulatus,15-20,3
11/02/2023,,,Pioneer Bay,North Pioneer Bay,Point,2,10 mins,SBT,Thalassoma lunare,10--15,3
11/02/2023,,,Pioneer Bay,North Pioneer Bay,Point,2,10 mins,SBT,Scarus rivulatus,20-25,3
11/02/2023,,,Pioneer Bay,North Pioneer Bay,Point,2,10 mins,SBT,Chaetodon melannotus,10--15,1
11/02/2023,,,Pioneer Bay,North Pioneer Bay,Point,2,10 mins,SBT,Labrichthys unilineatus,15-20,2
11/02/2023,,,Pioneer Bay,North Pioneer Bay,Point,2,10 mins,SBT,Thalassoma lunare,15-20,2
11/02/2023,,,Pioneer Bay,North Pioneer Bay,Point,2,10 mins,SBT,Scarus altipinnis,30-35,1
11/02/2023,,,Pioneer Bay,North Pioneer Bay,Point,2,10 mins,SBT,Plectorhinchus chaetodonoides,25-30,1
11/02/2023,,,Pioneer Bay,North Pioneer Bay,Point,2,10 mins,SBT,Epibulus insidiator,30-35,1
11/02/2023,,,Pioneer Bay,North Pioneer Bay,Point,2,10 mins,SBT,Siganus doliatus,20-25,2
11/02/2023,,,Pioneer Bay,North Pioneer Bay,Point,2,10 mins,SBT,Scarus altipinnis,15-20,2
11/02/2023,,,Pioneer Bay,North Pioneer Bay,Point,2,10 mins,SBT,Scolopsis margaritifera,20-25,1
11/02/2023,,,Pioneer Bay,North Pioneer Bay,Transect ,3,20 m,SBT,Epibulus insidiator,25-30,1
11/02/2023,,,Pioneer Bay,North Pioneer Bay,Transect ,3,20 m,SBT,Scarus rivulatus,20-25,9
11/02/2023,,,Pioneer Bay,North Pioneer Bay,Transect ,3,20 m,SBT,Chlorurus microrhinos,50-55,1
11/02/2023,,,Pioneer Bay,North Pioneer Bay,Transect ,3,20 m,SBT,Scolopsis margaritifera,20-25,1
11/02/2023,,,Pioneer Bay,North Pioneer Bay,Transect ,3,20 m,SBT,Scarus altipinnis,20-25,1
11/02/2023,,,Pioneer Bay,North Pioneer Bay,Transect ,3,20 m,SBT,Siganus doliatus,20-25,1
11/02/2023,,,Pioneer Bay,North Pioneer Bay,Transect ,3,20 m,SBT,Siganus doliatus,15-20,1
11/02/2023,,,Pioneer Bay,North Pioneer Bay,Transect ,3,20 m,SBT,Scarus rivulatus,15-20,4
11/02/2023,,,Pioneer Bay,North Pioneer Bay,Transect ,3,20 m,SBT,Cephalopholis microprion,10--15,1
11/02/2023,,,Pioneer Bay,North Pioneer Bay,Transect ,3,20 m,SBT,Thalassoma lunare,15-20,1
11/02/2023,,,Pioneer Bay,North Pioneer Bay,Transect ,3,20 m,SBT,Scolopsis margaritifera,25-30,1
11/02/2023,,,Pioneer Bay,North Pioneer Bay,Transect ,3,20 m,SBT,Siganus vulpinus ,25-30,1
11/02/2023,,,Pioneer Bay,North Pioneer Bay,Transect ,3,20 m,SBT,Chlorurus microrhinos,30-35,1
11/02/2023,,,Pioneer Bay,North Pioneer Bay,Transect ,3,30 m,SBT,Scarus rivulatus,20-25,1
11/02/2023,,,Pioneer Bay,North Pioneer Bay,Transect ,3,30 m,SBT,Scolopsis margaritifera,20-25,6
11/02/2023,,,Pioneer Bay,North Pioneer Bay,Transect ,3,30 m,SBT,Siganus doliatus,15-20,6
11/02/2023,,,Pioneer Bay,North Pioneer Bay,Transect ,3,30 m,SBT,Scarus rivulatus,15-20,1
11/02/2023,,,Pioneer Bay,North Pioneer Bay,Transect ,3,30 m,SBT,Thalassoma lunare,15-20,2
11/02/2023,,,Pioneer Bay,North Pioneer Bay,Transect ,3,30 m,SBT,Chlorurus microrhinos,30-35,1
11/02/2023,,,Pioneer Bay,North Pioneer Bay,Transect ,3,30 m,SBT,Chlorurus microrhinos,25-30,3
11/02/2023,,,Pioneer Bay,North Pioneer Bay,Transect ,3,30 m,SBT,Chlorurus microrhinos,40-45,1
11/02/2023,,,Pioneer Bay,North Pioneer Bay,Transect ,3,30 m,SBT,Thalassoma lunare,10--15,4
11/02/2023,,,Pioneer Bay,North Pioneer Bay,Transect ,3,30 m,SBT,Siganus doliatus,10--15,16
11/02/2023,,,Pioneer Bay,North Pioneer Bay,Transect ,3,30 m,SBT,Chlorurus microrhinos,20-25,1
11/02/2023,,,Pioneer Bay,North Pioneer Bay,Transect ,3,30 m,SBT,Chelmon rostratus,10--15,2
11/02/2023,,,Pioneer Bay,North Pioneer Bay,Transect ,3,30 m,SBT,Symphorus nematophorus,80-85,1
11/02/2023,,,Pioneer Bay,North Pioneer Bay,Transect ,3,30 m,SBT,Diagramma pictum,55-60,8
11/02/2023,,,Pioneer Bay,North Pioneer Bay,Transect ,3,30 m,SBT,Plectropomus maculatus,35-40,1
11/02/2023,,,Pioneer Bay,North Pioneer Bay,Transect ,3,30 m,SBT,Pomacanthus sexstriatus,20-25,1
11/02/2023,,,Pioneer Bay,North Pioneer Bay,Transect ,3,30 m,SBT,Pomacanthus sexstriatus,30-35,1
11/02/2023,,,Pioneer Bay,North Pioneer Bay,Transect ,3,30 m,SBT,Cephalopholis cyanostigma,20-25,1
11/02/2023,,,Pioneer Bay,North Pioneer Bay,Transect ,3,30 m,SBT,Lutjanus carponotatus,30-35,1
11/02/2023,,,Pioneer Bay,North Pioneer Bay,Transect ,3,30 m,SBT,Scolopsis margaritifera,25-30,1
11/02/2023,,,Pioneer Bay,North Pioneer Bay,Transect ,3,30 m,SBT,Cephalopholis cyanostigma,10--15,1
11/02/2023,,,Pioneer Bay,North Pioneer Bay,Transect ,4,20 m,SBT,Siganus doliatus,15-20,47
11/02/2023,,,Pioneer Bay,North Pioneer Bay,Transect ,4,20 m,SBT,Scolopsis margaritifera,20-25,5
11/02/2023,,,Pioneer Bay,North Pioneer Bay,Transect ,4,20 m,SBT,Scolopsis margaritifera,15-20,7
11/02/2023,,,Pioneer Bay,North Pioneer Bay,Transect ,4,20 m,SBT,Scolopsis bilineata,10--15,2
11/02/2023,,,Pioneer Bay,North Pioneer Bay,Transect ,4,20 m,SBT,Scolopsis margaritifera,25-30,1
11/02/2023,,,Pioneer Bay,North Pioneer Bay,Transect ,4,20 m,SBT,Hemigymnnus melapterus,10--15,1
11/02/2023,,,Pioneer Bay,North Pioneer Bay,Transect ,4,20 m,SBT,Plectropomus leopardus,45-50,1
11/02/2023,,,Pioneer Bay,North Pioneer Bay,Transect ,4,20 m,SBT,Lutjanus carponotatus,30-35,1
11/02/2023,,,Pioneer Bay,North Pioneer Bay,Transect ,4,20 m,SBT,Scarus rivulatus,15-20,1
11/02/2023,,,Pioneer Bay,North Pioneer Bay,Transect ,4,20 m,SBT,Chlorurus microrhinos,40-45,1
11/02/2023,,,Pioneer Bay,North Pioneer Bay,Transect ,4,20 m,SBT,Lutjanus carponotatus,25-30,1
11/02/2023,,,Pioneer Bay,North Pioneer Bay,Transect ,4,30 m,SBT,Siganus doliatus,15-20,2
11/02/2023,,,Pioneer Bay,North Pioneer Bay,Transect ,4,30 m,SBT,Scolopsis margaritifera,20-25,1
11/02/2023,,,Pioneer Bay,North Pioneer Bay,Transect ,4,30 m,SBT,Scolopsis margaritifera,15-20,16
11/02/2023,,,Pioneer Bay,North Pioneer Bay,Transect ,4,30 m,SBT,Scolopsis bilineata,10--15,1
11/02/2023,,,Pioneer Bay,North Pioneer Bay,Transect ,4,30 m,SBT,Hemigymnus melapterus,10--15,1
11/02/2023,,,Pioneer Bay,North Pioneer Bay,Transect ,4,30 m,SBT,Lutjanus carponotatus,25-30,1
11/02/2023,,,Pioneer Bay,North Pioneer Bay,Transect ,4,30 m,SBT,Oxycheilinus diagramma,15-20,1
11/02/2023,,,Pioneer Bay,North Pioneer Bay,Transect ,4,30 m,SBT,Thalassoma lunare,15-20,2
11/02/2023,,,Pioneer Bay,North Pioneer Bay,Transect ,4,30 m,SBT,Scarus rivulatus,20-25,1
11/02/2023,,,Pioneer Bay,North Pioneer Bay,Transect ,4,30 m,SBT,Siganus doliatus,10--15,2
11/02/2023,,,Pioneer Bay,North Pioneer Bay,Transect ,4,30 m,SBT,Chaetodon aureofasciatus,10--15,1
11/02/2023,,,Pioneer Bay,North Pioneer Bay,Transect ,4,30 m,SBT,Scarus rivulatus,10--15,2
11/02/2023,,,Pioneer Bay,North Pioneer Bay,Transect ,4,30 m,SBT,Thalassoma lunare,10--15 ,1
11/02/2023,,,Pioneer Bay,North Pioneer Bay,Transect ,4,30 m,SBT,Epibulus insidiator,10--15,1
11/02/2023,,,Pioneer Bay,North Pioneer Bay,Transect ,4,30 m,SBT,Scarus rivulatus,25-30,1
11/02/2023,,,Pioneer Bay,North Pioneer Bay,Point,3,Instant,SBT,Lutjanus carponotatus,25-30,1
11/02/2023,,,Pioneer Bay,North Pioneer Bay,Point,3,Instant,SBT,Siganus doliatus,10--15,6
11/02/2023,,,Pioneer Bay,North Pioneer Bay,Point,3,Instant,SBT,Scolopsis margaritifera,20-25,2
11/02/2023,,,Pioneer Bay,North Pioneer Bay,Point,3,Instant,SBT,Chelmon rostratus,10--15,1
11/02/2023,,,Pioneer Bay,North Pioneer Bay,Point,3,10 mins,SBT,Scolopsis margaritifera,25-30,3
11/02/2023,,,Pioneer Bay,North Pioneer Bay,Point,3,10 mins,SBT,Scarus rivulatus,15-20,7
11/02/2023,,,Pioneer Bay,North Pioneer Bay,Point,3,10 mins,SBT,Scarus rivulatus,20-25,2
11/02/2023,,,Pioneer Bay,North Pioneer Bay,Point,3,10 mins,SBT,Thalassoma lunare,15-20,4
11/02/2023,,,Pioneer Bay,North Pioneer Bay,Point,3,10 mins,SBT,Thalassoma lunare,10--15,1
11/02/2023,,,Pioneer Bay,North Pioneer Bay,Point,3,10 mins,SBT,Scarus altipinnis,15-20,1
11/02/2023,,,Pioneer Bay,North Pioneer Bay,Point,3,10 mins,SBT,Siganus doliatus,15-20,4
11/02/2023,,,Pioneer Bay,North Pioneer Bay,Point,3,10 mins,SBT,Chlorurus microrhinos,30-35,1
11/02/2023,,,Pioneer Bay,North Pioneer Bay,Point,3,10 mins,SBT,Chlorurus microrhinos,40-45,1
11/02/2023,,,Pioneer Bay,North Pioneer Bay,Point,3,10 mins,SBT,Scarus rivulatus,25-30,1
11/02/2023,,,Pioneer Bay,North Pioneer Bay,Point,3,10 mins,SBT,Thalassoma lunare,20-25,1
11/02/2023,,,Pioneer Bay,North Pioneer Bay,Point,4,Instant,SBT,Naso unicornis,45-50,1
11/02/2023,,,Pioneer Bay,North Pioneer Bay,Point,4,Instant,SBT,Thalassoma lunare,15-20,2
11/02/2023,,,Pioneer Bay,North Pioneer Bay,Point,4,Instant,SBT,Lutjanus carponotatus,25-30,1
11/02/2023,,,Pioneer Bay,North Pioneer Bay,Point,4,Instant,SBT,Thalassoma lunare,10--15,1
11/02/2023,,,Pioneer Bay,North Pioneer Bay,Point,4,10 mins,SBT,Lutjanus carponotatus,25-30,1
11/02/2023,,,Pioneer Bay,North Pioneer Bay,Point,4,10 mins,SBT,Thalassoma lunare,10--15,2
11/02/2023,,,Pioneer Bay,North Pioneer Bay,Point,4,10 mins,SBT,Scolopsis margaritifera,15-20,2
11/02/2023,,,Pioneer Bay,North Pioneer Bay,Point,4,10 mins,SBT,Siganus doliatus,15-20,2
11/02/2023,,,Pioneer Bay,North Pioneer Bay,Point,4,10 mins,SBT,Scarus rivulatus,25-30,3
11/02/2023,,,Pioneer Bay,North Pioneer Bay,Point,4,10 mins,SBT,Scarus rivulatus,15-20,5
11/02/2023,,,Pioneer Bay,North Pioneer Bay,Point,4,10 mins,SBT,Scarus rivulatus,20-25,9
11/02/2023,,,Pioneer Bay,North Pioneer Bay,Point,4,10 mins,SBT,Scolopsis margaritifera,20-25,8
11/02/2023,,,Pioneer Bay,North Pioneer Bay,Point,4,10 mins,SBT,Scolopsis margaritifera,25-30,3
11/02/2023,,,Pioneer Bay,North Pioneer Bay,Point,4,10 mins,SBT,Scolopsis margaritifera,30-35,2
11/02/2023,,,Pioneer Bay,North Pioneer Bay,Point,4,10 mins,SBT,Cheilinus fasciatus,10--15,1
11/02/2023,,,Pioneer Bay,North Pioneer Bay,Point,4,10 mins,SBT,Scolopsis bilineata,10--15,2
11/02/2023,,,Pioneer Bay,North Pioneer Bay,Point,4,10 mins,SBT,Thalassoma lunare,20-25,2
11/02/2023,,,Pioneer Bay,North Pioneer Bay,Point,4,10 mins,SBT,Lutjanus carponotatus,10--15,2
11/02/2023,,,Pioneer Bay,North Pioneer Bay,Point,4,10 mins,SBT,Scolopsis margaritifera,10--15,1
11/02/2023,,,Pioneer Bay,North Pioneer Bay,Point,4,10 mins,SBT,Scarus rivulatus,10--15,2
11/02/2023,,,Pioneer Bay,North Pioneer Bay,Point,4,10 mins,SBT,Lutjanus carponotatus,20-25,1
11/02/2023,,,Pioneer Bay,North Pioneer Bay,Point,4,10 mins,SBT,Hemigymnus melapterus,10--15,1
11/02/2023,,,Pioneer Bay,North Pioneer Bay,Transect ,1,20 m,SKC,Labroides dimidiatus,10--15,4
11/02/2023,,,Pioneer Bay,North Pioneer Bay,Transect ,1,20 m,SKC,Siganus doliatus,15-20,4
11/02/2023,,,Pioneer Bay,North Pioneer Bay,Transect ,1,20 m,SKC,Chaetodon ephippium,10--15,1
11/02/2023,,,Pioneer Bay,North Pioneer Bay,Transect ,1,20 m,SKC,Scarus rivulatus,10--15,4
11/02/2023,,,Pioneer Bay,North Pioneer Bay,Transect ,1,20 m,SKC,Lutjanus carponotatus,20-25,2
11/02/2023,,,Pioneer Bay,North Pioneer Bay,Transect ,1,20 m,SKC,Scarus rivulatus,10--15,4
11/02/2023,,,Pioneer Bay,North Pioneer Bay,Transect ,1,20 m,SKC,Scolopsis margaritifera,20-25,7
11/02/2023,,,Pioneer Bay,North Pioneer Bay,Transect ,1,20 m,SKC,Chlorurus spilurus,20-25,1
11/02/2023,,,Pioneer Bay,North Pioneer Bay,Transect ,1,20 m,SKC,Lutjanus fulviflamma,15-20,20
11/02/2023,,,Pioneer Bay,North Pioneer Bay,Transect ,1,20 m,SKC,Hemigymnus melapterus,15-20,1
11/02/2023,,,Pioneer Bay,North Pioneer Bay,Transect ,1,20 m,SKC,Chelmon rostratus,10--15,1
11/02/2023,,,Pioneer Bay,North Pioneer Bay,Transect ,1,20 m,SKC,Chaetodon aureofasciatus,10--15,2
11/02/2023,,,Pioneer Bay,North Pioneer Bay,Transect ,1,30 m,SKC,Siganus doliatus,15-20,4
11/02/2023,,,Pioneer Bay,North Pioneer Bay,Transect ,1,30 m,SKC,Scarus rivulatus,10--15,10
11/02/2023,,,Pioneer Bay,North Pioneer Bay,Transect ,1,30 m,SKC,Lutjanus carponotatus,20-25,2
11/02/2023,,,Pioneer Bay,North Pioneer Bay,Transect ,1,30 m,SKC,Scarus rivulatus,10--15,2
11/02/2023,,,Pioneer Bay,North Pioneer Bay,Transect ,1,30 m,SKC,Scolopsis margaritifera,20-25,3
11/02/2023,,,Pioneer Bay,North Pioneer Bay,Transect ,1,30 m,SKC,Lutjanus fulviflamma,15-20,10
11/02/2023,,,Pioneer Bay,North Pioneer Bay,Transect ,1,30 m,SKC,Scolopsis bilineata,15-20,1
11/02/2023,,,Pioneer Bay,North Pioneer Bay,Transect ,1,30 m,SKC,Scarus rivulatus,25-30,1
11/02/2023,,,Pioneer Bay,North Pioneer Bay,Transect ,1,30 m,SKC,Hipposcarus longiceps,15-20,2
11/02/2023,,,Pioneer Bay,North Pioneer Bay,Transect ,1,30 m,SKC,Chaetodon vagabundus,10--15,1
11/02/2023,,,Pioneer Bay,North Pioneer Bay,Transect ,1,30 m,SKC,Cephalopholis cyanostigma,20-25,1
11/02/2023,,,Pioneer Bay,North Pioneer Bay,Transect ,1,30 m,SKC,Hemigymnus melapterus,10--15,1
11/02/2023,,,Pioneer Bay,North Pioneer Bay,Transect ,2,20 m,SKC,Choerodon fasciatus,15-20,1
11/02/2023,,,Pioneer Bay,North Pioneer Bay,Transect ,2,20 m,SKC,Chaetodon aureofasciatus,10--15,7
11/02/2023,,,Pioneer Bay,North Pioneer Bay,Transect ,2,20 m,SKC,Lutjanus carponotatus,20-25,1
11/02/2023,,,Pioneer Bay,North Pioneer Bay,Transect ,2,20 m,SKC,Scolopsis margaritifera,10--15,1
11/02/2023,,,Pioneer Bay,North Pioneer Bay,Transect ,2,20 m,SKC,Lutjanus carponotatus,20-25,3
11/02/2023,,,Pioneer Bay,North Pioneer Bay,Transect ,2,20 m,SKC,Siganus doliatus,15-20,3
11/02/2023,,,Pioneer Bay,North Pioneer Bay,Transect ,2,20 m,SKC,Scarus rivulatus,10--15,2
11/02/2023,,,Pioneer Bay,North Pioneer Bay,Transect ,2,20 m,SKC,Acanthurus sp. ,15-20,1
11/02/2023,,,Pioneer Bay,North Pioneer Bay,Transect ,2,20 m,SKC,Scarus rivulatus,15-20,8
11/02/2023,,,Pioneer Bay,North Pioneer Bay,Transect ,2,20 m,SKC,Cephalopholis cyanostigma,15-20,2
11/02/2023,,,Pioneer Bay,North Pioneer Bay,Transect ,2,20 m,SKC,Chlorurus microrhinos,25-30,1
11/02/2023,,,Pioneer Bay,North Pioneer Bay,Transect ,2,30 m,SKC,Chaetodon aureofasciatus,10--15,2
11/02/2023,,,Pioneer Bay,North Pioneer Bay,Transect ,2,30 m,SKC,Siganus doliatus,15-20,2
11/02/2023,,,Pioneer Bay,North Pioneer Bay,Transect ,2,30 m,SKC,Scarus rivulatus,10--15,4
11/02/2023,,,Pioneer Bay,North Pioneer Bay,Transect ,2,30 m,SKC,Pomacanthus sexstriatus,20-25,1
11/02/2023,,,Pioneer Bay,North Pioneer Bay,Transect ,2,30 m,SKC,Scarus flavipectoralis,25-30,1
11/02/2023,,,Pioneer Bay,North Pioneer Bay,Point,1,Instant,SKC,Scolopsis margaritifera,15-20,2
11/02/2023,,,Pioneer Bay,North Pioneer Bay,Point,1,Instant,SKC,Siganus doliatus,15-20,2
11/02/2023,,,Pioneer Bay,North Pioneer Bay,Point,1,Instant,SKC,Acanthurus sp. ,15-20,1
11/02/2023,,,Pioneer Bay,North Pioneer Bay,Point,1,Instant,SKC,Scolopsis margaritifera,20-25,1
11/02/2023,,,Pioneer Bay,North Pioneer Bay,Point,1,Instant,SKC,Scarus flavipectoralis,20-25,1
11/02/2023,,,Pioneer Bay,North Pioneer Bay,Point,1,Instant,SKC,Scarus rivulatus,10--15,2
11/02/2023,,,Pioneer Bay,North Pioneer Bay,Point,1,10 mins,SKC,Scolopsis margaritifera,15-20,2
11/02/2023,,,Pioneer Bay,North Pioneer Bay,Point,1,10 mins,SKC,Siganus doliatus,15-20,2
11/02/2023,,,Pioneer Bay,North Pioneer Bay,Point,1,10 mins,SKC,Acanthurus sp. ,15-20,3
11/02/2023,,,Pioneer Bay,North Pioneer Bay,Point,1,10 mins,SKC,Scolopsis margaritifera,20-25,2
11/02/2023,,,Pioneer Bay,North Pioneer Bay,Point,1,10 mins,SKC,Scarus rivulatus,10--15,1
11/02/2023,,,Pioneer Bay,North Pioneer Bay,Point,1,10 mins,SKC,Lutjanus carponotatus,15-20,3
11/02/2023,,,Pioneer Bay,North Pioneer Bay,Point,1,10 mins,SKC,Lutjanus carponotatus,20-25,3
11/02/2023,,,Pioneer Bay,North Pioneer Bay,Point,1,10 mins,SKC,Thalassoma lunare,10--15,6
11/02/2023,,,Pioneer Bay,North Pioneer Bay,Point,1,10 mins,SKC,Cephalopholis cyanostigma,25-30,1
11/02/2023,,,Pioneer Bay,North Pioneer Bay,Point,1,10 mins,SKC,Chaetodon aureofasciatus,10--15,1
11/02/2023,,,Pioneer Bay,North Pioneer Bay,Point,1,10 mins,SKC,Acanthurus sp. ,20-25,2
11/02/2023,,,Pioneer Bay,North Pioneer Bay,Point,2,Instant,SKC,Chaetodon melannotus,10--15,1
11/02/2023,,,Pioneer Bay,North Pioneer Bay,Point,2,Instant,SKC,Thalassoma lunare,10--15,1
11/02/2023,,,Pioneer Bay,North Pioneer Bay,Point,2,Instant,SKC,Chlorurus microrhinos,20-25,1
11/02/2023,,,Pioneer Bay,North Pioneer Bay,Point,2,Instant,SKC,Scarus rivulatus,25-30,2
11/02/2023,,,Pioneer Bay,North Pioneer Bay,Point,2,Instant,SKC,Scarus rivulatus,20-25,4
11/02/2023,,,Pioneer Bay,North Pioneer Bay,Point,2,Instant,SKC,Siganus doliatus,15-20,2
11/02/2023,,,Pioneer Bay,North Pioneer Bay,Point,2,Instant,SKC,Acanthurus sp. ,15-20,1
11/02/2023,,,Pioneer Bay,North Pioneer Bay,Point,2,10 mins,SKC,Thalassoma lunare,10--15,8
11/02/2023,,,Pioneer Bay,North Pioneer Bay,Point,2,10 mins,SKC,Chlorurus microrhinos,20-25,2
11/02/2023,,,Pioneer Bay,North Pioneer Bay,Point,2,10 mins,SKC,Scarus rivulatus,25-30,7
11/02/2023,,,Pioneer Bay,North Pioneer Bay,Point,2,10 mins,SKC,Scarus rivulatus,20-25,5
11/02/2023,,,Pioneer Bay,North Pioneer Bay,Point,2,10 mins,SKC,Scarus rivulatus,15-20,1
11/02/2023,,,Pioneer Bay,North Pioneer Bay,Point,2,10 mins,SKC,Siganus doliatus,15-20,4
11/02/2023,,,Pioneer Bay,North Pioneer Bay,Point,2,10 mins,SKC,Acanthurus sp. ,15-20,8
11/02/2023,,,Pioneer Bay,North Pioneer Bay,Point,2,10 mins,SKC,Scolopsis margaritifera,15-20,1
11/02/2023,,,Pioneer Bay,North Pioneer Bay,Point,2,10 mins,SKC,Hemigymnus melapterus,15-20,1
11/02/2023,,,Pioneer Bay,North Pioneer Bay,Point,2,10 mins,SKC,Chaetodon aureofasciatus,10--15,2
11/02/2023,,,Pioneer Bay,North Pioneer Bay,Point,2,10 mins,SKC,Scolopsis bilineata,15-20,1
11/02/2023,,,Pioneer Bay,North Pioneer Bay,Point,2,10 mins,SKC,Scarus rivulatus,15-20,1
11/02/2023,,,Pioneer Bay,North Pioneer Bay,Point,2,10 mins,SKC,Chlorurus microrhinos,35-40,1
11/02/2023,,,Pioneer Bay,North Pioneer Bay,Transect ,3,20 m,SKC,Siganus doliatus,15-20,3
11/02/2023,,,Pioneer Bay,North Pioneer Bay,Transect ,3,20 m,SKC,Scarus rivulatus,10--15,5
11/02/2023,,,Pioneer Bay,North Pioneer Bay,Transect ,3,20 m,SKC,Scarus rivulatus,15-20,3
11/02/2023,,,Pioneer Bay,North Pioneer Bay,Transect ,3,20 m,SKC,Diagramma pictum,35-40,1
11/02/2023,,,Pioneer Bay,North Pioneer Bay,Transect ,3,20 m,SKC,Chaetodon aureofasciatus,10--15,2
11/02/2023,,,Pioneer Bay,North Pioneer Bay,Transect ,3,20 m,SKC,Thalassoma lunare,10--15,3
11/02/2023,,,Pioneer Bay,North Pioneer Bay,Transect ,3,20 m,SKC,Thalassoma lunare,15-20,2
11/02/2023,,,Pioneer Bay,North Pioneer Bay,Transect ,3,20 m,SKC,Plectropomus maculatus,20-25,1
11/02/2023,,,Pioneer Bay,North Pioneer Bay,Transect ,3,20 m,SKC,Pomacanthus sexstriatus,15-20,1
11/02/2023,,,Pioneer Bay,North Pioneer Bay,Transect ,3,20 m,SKC,Scolopsis margaritifera,15-20,1
11/02/2023,,,Pioneer Bay,North Pioneer Bay,Transect ,3,30 m,SKC,Siganus doliatus,15-20,4
11/02/2023,,,Pioneer Bay,North Pioneer Bay,Transect ,3,30 m,SKC,Scarus rivulatus,15-20,50
11/02/2023,,,Pioneer Bay,North Pioneer Bay,Transect ,3,30 m,SKC,Thalassoma lunare,10--15,2
11/02/2023,,,Pioneer Bay,North Pioneer Bay,Transect ,3,30 m,SKC,Thalassoma lunare,15-20,3
11/02/2023,,,Pioneer Bay,North Pioneer Bay,Transect ,3,30 m,SKC,Scolopsis margaritifera,15-20,6
11/02/2023,,,Pioneer Bay,North Pioneer Bay,Transect ,3,30 m,SKC,Chaetodon lunulatus,10--15,2
11/02/2023,,,Pioneer Bay,North Pioneer Bay,Transect ,3,30 m,SKC,Chlorurus microrhinos,15-20,3
11/02/2023,,,Pioneer Bay,North Pioneer Bay,Transect ,3,30 m,SKC,Cephalopholis cyanostigma,15-20,1
11/02/2023,,,Pioneer Bay,North Pioneer Bay,Transect ,3,30 m,SKC,Chaetodon auriga,15-20,2
11/02/2023,,,Pioneer Bay,North Pioneer Bay,Transect ,3,30 m,SKC,Chlorurus microrhinos,25-30,3
11/02/2023,,,Pioneer Bay,North Pioneer Bay,Transect ,3,30 m,SKC,Chaetodon vagabundus,10--15,1
11/02/2023,,,Pioneer Bay,North Pioneer Bay,Transect ,3,30 m,SKC,Cephalopholis cyanostigma,25-30,1
11/02/2023,,,Pioneer Bay,North Pioneer Bay,Transect ,4,20 m,SKC,Pomacanthus sexstriatus,20-25,1
11/02/2023,,,Pioneer Bay,North Pioneer Bay,Transect ,4,20 m,SKC,Scolopsis margaritifera,15-20,1
11/02/2023,,,Pioneer Bay,North Pioneer Bay,Transect ,4,20 m,SKC,Siganus doliatus,15-20,11
11/02/2023,,,Pioneer Bay,North Pioneer Bay,Transect ,4,20 m,SKC,Chlorurus microrhinos,25-30,1
11/02/2023,,,Pioneer Bay,North Pioneer Bay,Transect ,4,20 m,SKC,Chaetodon vagabundus,10--15,1
11/02/2023,,,Pioneer Bay,North Pioneer Bay,Transect ,4,20 m,SKC,Scarus rivulatus,15-20,1
11/02/2023,,,Pioneer Bay,North Pioneer Bay,Transect ,4,20 m,SKC,Scarus rivulatus,20-25,1
11/02/2023,,,Pioneer Bay,North Pioneer Bay,Transect ,4,20 m,SKC,Chaetodon aureofasciatus,10--15,1
11/02/2023,,,Pioneer Bay,North Pioneer Bay,Transect ,4,20 m,SKC,Chaetodon vagabundus,15-20,1
11/02/2023,,,Pioneer Bay,North Pioneer Bay,Transect ,4,30 m,SKC,Pomacanthus sexstriatus,20-25,1
11/02/2023,,,Pioneer Bay,North Pioneer Bay,Transect ,4,30 m,SKC,Scolopsis margaritifera,15-20,6
11/02/2023,,,Pioneer Bay,North Pioneer Bay,Transect ,4,30 m,SKC,Siganus doliatus,15-20,10
11/02/2023,,,Pioneer Bay,North Pioneer Bay,Transect ,4,30 m,SKC,Chlorurus microrhinos,25-30,1
11/02/2023,,,Pioneer Bay,North Pioneer Bay,Transect ,4,30 m,SKC,Scarus rivulatus,15-20,4
11/02/2023,,,Pioneer Bay,North Pioneer Bay,Transect ,4,30 m,SKC,Scarus rivulatus,20-25,1
11/02/2023,,,Pioneer Bay,North Pioneer Bay,Transect ,4,30 m,SKC,Lutjanus carponotatus,20-25,2
11/02/2023,,,Pioneer Bay,North Pioneer Bay,Transect ,4,30 m,SKC,Chaetodon lunulatus,15-20,1
11/02/2023,,,Pioneer Bay,North Pioneer Bay,Transect ,4,30 m,SKC,Thalassoma lunare,10--15,3
11/02/2023,,,Pioneer Bay,North Pioneer Bay,Transect ,4,30 m,SKC,Naso unicornis,20-25,1
11/02/2023,,,Pioneer Bay,North Pioneer Bay,Transect ,4,30 m,SKC,Scarus schlegeli,20-25,2
11/02/2023,,,Pioneer Bay,North Pioneer Bay,Transect ,4,30 m,SKC,Chelmon rostratus,10--15,1
11/02/2023,,,Pioneer Bay,North Pioneer Bay,Transect ,4,30 m,SKC,Siganus doliatus,10--15,20
11/02/2023,,,Pioneer Bay,North Pioneer Bay,Transect ,4,30 m,SKC,Plectropomus leopardus,30-35,1
11/02/2023,,,Pioneer Bay,North Pioneer Bay,Transect ,4,30 m,SKC,Epibulus insidiator,15-20,1
11/02/2023,,,Pioneer Bay,North Pioneer Bay,Transect ,4,30 m,SKC,Chaetodon lunulatus,10--15,1
11/02/2023,,,Pioneer Bay,North Pioneer Bay,Point,3,Instant,SKC,Chaetodon aureofasciatus,10--15,1
11/02/2023,,,Pioneer Bay,North Pioneer Bay,Point,3,Instant,SKC,Chlorurus microrhinos,20-25,2
11/02/2023,,,Pioneer Bay,North Pioneer Bay,Point,3,Instant,SKC,Lutjanus carponotatus,20-25,1
11/02/2023,,,Pioneer Bay,North Pioneer Bay,Point,3,Instant,SKC,Siganus doliatus,10--15,2
11/02/2023,,,Pioneer Bay,North Pioneer Bay,Point,3,Instant,SKC,Siganus doliatus,15-20,1
11/02/2023,,,Pioneer Bay,North Pioneer Bay,Point,3,Instant,SKC,Cheilinus chlorurus,15-20,1
11/02/2023,,,Pioneer Bay,North Pioneer Bay,Point,3,10 mins,SKC,Chlorurus microrhinos,20-25,1
11/02/2023,,,Pioneer Bay,North Pioneer Bay,Point,3,10 mins,SKC,Lutjanus carponotatus,20-25,1
11/02/2023,,,Pioneer Bay,North Pioneer Bay,Point,3,10 mins,SKC,Siganus doliatus,10--15,9
11/02/2023,,,Pioneer Bay,North Pioneer Bay,Point,3,10 mins,SKC,Scolopsis margaritifera,15-20,6
11/02/2023,,,Pioneer Bay,North Pioneer Bay,Point,3,10 mins,SKC,Thalassoma lunare,10--15,6
11/02/2023,,,Pioneer Bay,North Pioneer Bay,Point,3,10 mins,SKC,Scarus rivulatus,10--15,4
11/02/2023,,,Pioneer Bay,North Pioneer Bay,Point,3,10 mins,SKC,Plectropomus maculatus,20-25,1
11/02/2023,,,Pioneer Bay,North Pioneer Bay,Point,3,10 mins,SKC,Thalassoma lunare,15-20,1
11/02/2023,,,Pioneer Bay,North Pioneer Bay,Point,3,10 mins,SKC,Scarus rivulatus,20-25,1
11/02/2023,,,Pioneer Bay,North Pioneer Bay,Point,3,10 mins,SKC,Lutjanus carponotatus,10--15,1
11/02/2023,,,Pioneer Bay,North Pioneer Bay,Point,3,10 mins,SKC,Siganus doliatus,15-20,1
11/02/2023,,,Pioneer Bay,North Pioneer Bay,Point,4,Instant,SKC,Cephalopholis cyanostigma,10--15,1
11/02/2023,,,Pioneer Bay,North Pioneer Bay,Point,4,Instant,SKC,Scolopsis margaritifera,15-20,2
11/02/2023,,,Pioneer Bay,North Pioneer Bay,Point,4,Instant,SKC,Siganus doliatus,10--15,2
11/02/2023,,,Pioneer Bay,North Pioneer Bay,Point,4,10 mins,SKC,Scolopsis margaritifera,15-20,6
11/02/2023,,,Pioneer Bay,North Pioneer Bay,Point,4,10 mins,SKC,Siganus doliatus,15-20,2
11/02/2023,,,Pioneer Bay,North Pioneer Bay,Point,4,10 mins,SKC,Scolopsis margaritifera,10--15,1
11/02/2023,,,Pioneer Bay,North Pioneer Bay,Point,4,10 mins,SKC,Thalassoma lunare,10--15,2
11/02/2023,,,Pioneer Bay,North Pioneer Bay,Point,4,10 mins,SKC,Scarus rivulatus,15-20,7
11/02/2023,,,Pioneer Bay,North Pioneer Bay,Point,4,10 mins,SKC,Pomacanthus sexstriatus,25-30,1
11/02/2023,,,Pioneer Bay,North Pioneer Bay,Point,4,10 mins,SKC,Chaetodon aureofasciatus,10--15,2
11/02/2023,,,Pioneer Bay,North Pioneer Bay,Point,4,10 mins,SKC,Scolopsis bilineata,10--15,1
11/02/2023,,,Pioneer Bay,Central Pioneer Bay,Transect ,1,20 m,ACS,Thalassoma lunare,10--15,3
11/02/2023,,,Pioneer Bay,Central Pioneer Bay,Transect ,1,20 m,ACS,Scarus rivulatus,30-35,1
11/02/2023,,,Pioneer Bay,Central Pioneer Bay,Transect ,1,20 m,ACS,Hemigymnus melapterus,10--15,1
11/02/2023,,,Pioneer Bay,Central Pioneer Bay,Transect ,1,20 m,ACS,Siganus doliatus,10--15,2
11/02/2023,,,Pioneer Bay,Central Pioneer Bay,Transect ,1,20 m,ACS,Halichoeres melanurus,10--15,1
11/02/2023,,,Pioneer Bay,Central Pioneer Bay,Transect ,1,20 m,ACS,Labrichthys unilineatus,15-20,1
11/02/2023,,,Pioneer Bay,Central Pioneer Bay,Transect ,1,30 m,ACS,Choerodon schoenleinii,55-60,1
11/02/2023,,,Pioneer Bay,Central Pioneer Bay,Transect ,1,30 m,ACS,Chaetodon auriga,10--15,1
11/02/2023,,,Pioneer Bay,Central Pioneer Bay,Transect ,1,30 m,ACS,Siganus doliatus,25-30,2
11/02/2023,,,Pioneer Bay,Central Pioneer Bay,Transect ,1,30 m,ACS,Cephalopholis cyanostigma,15-20,1
11/02/2023,,,Pioneer Bay,Central Pioneer Bay,Transect ,1,30 m,ACS,Pomacanthus sexstriatus,30-35,1
11/02/2023,,,Pioneer Bay,Central Pioneer Bay,Transect ,1,30 m,ACS,Thalassoma lunare,15-20,1
11/02/2023,,,Pioneer Bay,Central Pioneer Bay,Transect ,1,30 m,ACS,Chaetodon auriga,10--15,1
11/02/2023,,,Pioneer Bay,Central Pioneer Bay,Transect ,1,30 m,ACS,Siganus doliatus,20-25,2
11/02/2023,,,Pioneer Bay,Central Pioneer Bay,Transect ,1,30 m,ACS,Scarus rivulatus,25-30,1
11/02/2023,,,Pioneer Bay,Central Pioneer Bay,Transect ,1,30 m,ACS,Chaetodon vagabundus,15-20,1
11/02/2023,,,Pioneer Bay,Central Pioneer Bay,Transect ,2,20 m,ACS,Cephalopholis cyanostigma,20-25,1
11/02/2023,,,Pioneer Bay,Central Pioneer Bay,Transect ,2,20 m,ACS,Chaetodon oxycephalus,15-20,1
11/02/2023,,,Pioneer Bay,Central Pioneer Bay,Transect ,2,20 m,ACS,Choerodon schoenleinii,55-60,1
11/02/2023,,,Pioneer Bay,Central Pioneer Bay,Transect ,2,20 m,ACS,Siganus doliatus,15-20,1
11/02/2023,,,Pioneer Bay,Central Pioneer Bay,Transect ,2,20 m,ACS,Scarus rivulatus,20-25,2
11/02/2023,,,Pioneer Bay,Central Pioneer Bay,Transect ,2,20 m,ACS,Scarus rivulatus,10--15,1
11/02/2023,,,Pioneer Bay,Central Pioneer Bay,Transect ,2,20 m,ACS,Siganus doliatus,25-30,2
11/02/2023,,,Pioneer Bay,Central Pioneer Bay,Transect ,2,30 m,ACS,Acanthurus sp. ,20-25,1
11/02/2023,,,Pioneer Bay,Central Pioneer Bay,Transect ,2,30 m,ACS,Scolopsis margaritifera,20-25,1
11/02/2023,,,Pioneer Bay,Central Pioneer Bay,Transect ,2,30 m,ACS,Scarus rivulatus,20-25,1
11/02/2023,,,Pioneer Bay,Central Pioneer Bay,Transect ,2,30 m,ACS,Siganus lineatus,25-30,4
11/02/2023,,,Pioneer Bay,Central Pioneer Bay,Transect ,2,30 m,ACS,Chlorurus microrhinos,55-60,1
11/02/2023,,,Pioneer Bay,Central Pioneer Bay,Transect ,2,30 m,ACS,Chaetodon oxycephalus,10--15,1
11/02/2023,,,Pioneer Bay,Central Pioneer Bay,Transect ,2,30 m,ACS,Thalassoma lunare,10--15,1
11/02/2023,,,Pioneer Bay,Central Pioneer Bay,Transect ,2,30 m,ACS,Siganus doliatus,15-20,4
11/02/2023,,,Pioneer Bay,Central Pioneer Bay,Transect ,2,30 m,ACS,Choerodon anchorago,30-35,1
11/02/2023,,,Pioneer Bay,Central Pioneer Bay,Point,1,Instant,ACS,Lutjanus carponotatus,20-25,8
11/02/2023,,,Pioneer Bay,Central Pioneer Bay,Point,1,Instant,ACS,Thalassoma lunare,15-20,1
11/02/2023,,,Pioneer Bay,Central Pioneer Bay,Point,1,Instant,ACS,Siganus doliatus,25-30,2
11/02/2023,,,Pioneer Bay,Central Pioneer Bay,Point,1,Instant,ACS,Chlorurus microrhinos,55-60,1
11/02/2023,,,Pioneer Bay,Central Pioneer Bay,Point,1,Instant,ACS,Chlorurus microrhinos,35-40,1
11/02/2023,,,Pioneer Bay,Central Pioneer Bay,Point,1,Instant,ACS,Scarus rivulatus,30-35,1
11/02/2023,,,Pioneer Bay,Central Pioneer Bay,Point,2,Instant,ACS,Hemigymnus melapterus,10--15,1
11/02/2023,,,Pioneer Bay,Central Pioneer Bay,Point,2,Instant,ACS,Scarus rivulatus,10--15,4
11/02/2023,,,Pioneer Bay,Central Pioneer Bay,Point,2,Instant,ACS,Thalassoma lunare,10--15,1
11/02/2023,,,Pioneer Bay,Central Pioneer Bay,Point,2,Instant,ACS,Halichoeres melanurus,10--15,1
11/02/2023,,,Pioneer Bay,Central Pioneer Bay,Point,2,10 mins,ACS,Thalassoma lunare,10--15,5
11/02/2023,,,Pioneer Bay,Central Pioneer Bay,Point,2,10 mins,ACS,Scolopsis bilineata,15-20,1
11/02/2023,,,Pioneer Bay,Central Pioneer Bay,Point,2,10 mins,ACS,Scarus rivulatus,10--15,2
11/02/2023,,,Pioneer Bay,Central Pioneer Bay,Point,2,10 mins,ACS,Chaetodon auriga,10--15,3
11/02/2023,,,Pioneer Bay,Central Pioneer Bay,Point,2,10 mins,ACS,Lethrinus harak,25-30,1
11/02/2023,,,Pioneer Bay,Central Pioneer Bay,Point,2,10 mins,ACS,Lutjanus carponotatus,15-20,3
11/02/2023,,,Pioneer Bay,Central Pioneer Bay,Point,2,10 mins,ACS,Epiniphelus quoyanus,20-25,1
11/02/2023,,,Pioneer Bay,Central Pioneer Bay,Point,2,10 mins,ACS,Lethrinus harak,25-30,1
11/02/2023,,,Pioneer Bay,Central Pioneer Bay,Point,2,10 mins,ACS,Lethrinus harak,30-35,1
11/02/2023,,,Pioneer Bay,Central Pioneer Bay,Point,2,10 mins,ACS,Choerodon anchorago,25-30,1
11/02/2023,,,Pioneer Bay,Central Pioneer Bay,Point,2,10 mins,ACS,Scarus rivulatus,10--15,5
11/02/2023,,,Pioneer Bay,Central Pioneer Bay,Point,2,10 mins,ACS,Hemigymnus melapterus,15-20,1
11/02/2023,,,Pioneer Bay,Central Pioneer Bay,Transect ,3,20 m,ACS,Scolopsis margaritifera,20-25,3
11/02/2023,,,Pioneer Bay,Central Pioneer Bay,Transect ,3,20 m,ACS,Lutjanus carponotatus,20-25,3
11/02/2023,,,Pioneer Bay,Central Pioneer Bay,Transect ,3,20 m,ACS,Scarus rivulatus,15-20,1
11/02/2023,,,Pioneer Bay,Central Pioneer Bay,Transect ,3,20 m,ACS,Scarus flavipectoralis,15-20,1
11/02/2023,,,Pioneer Bay,Central Pioneer Bay,Transect ,3,20 m,ACS,Scarus rivulatus,25-30,1
11/02/2023,,,Pioneer Bay,Central Pioneer Bay,Transect ,3,20 m,ACS,Scarus rivulatus,20-25,1
11/02/2023,,,Pioneer Bay,Central Pioneer Bay,Transect ,3,20 m,ACS,Chlorurus microrhinos,55-60,1
11/02/2023,,,Pioneer Bay,Central Pioneer Bay,Transect ,3,20 m,ACS,Lutjanus carponotatus,50-55,2
11/02/2023,,,Pioneer Bay,Central Pioneer Bay,Transect ,3,20 m,ACS,Platax teira,35-40,1
11/02/2023,,,Pioneer Bay,Central Pioneer Bay,Transect ,3,20 m,ACS,Pomacanthus semicirculatus,30-35,1
11/02/2023,,,Pioneer Bay,Central Pioneer Bay,Transect ,3,20 m,ACS,Siganus doliatus,20-25,2
11/02/2023,,,Pioneer Bay,Central Pioneer Bay,Transect ,3,30 m,ACS,Thalassoma lunare,10--15,2
11/02/2023,,,Pioneer Bay,Central Pioneer Bay,Transect ,3,30 m,ACS,Lutjanus carponotatus,25-30,1
11/02/2023,,,Pioneer Bay,Central Pioneer Bay,Transect ,3,30 m,ACS,Chaetodon ephippium,20-25,3
11/02/2023,,,Pioneer Bay,Central Pioneer Bay,Transect ,3,30 m,ACS,Thalassoma lunare,20-25,1
11/02/2023,,,Pioneer Bay,Central Pioneer Bay,Transect ,3,30 m,ACS,Pomacanthus sexstriatus,30-35,1
11/02/2023,,,Pioneer Bay,Central Pioneer Bay,Transect ,3,30 m,ACS,Cheilinus chlorurus,10--15,2
11/02/2023,,,Pioneer Bay,Central Pioneer Bay,Transect ,3,30 m,ACS,Epibulus insidiator,10--15,1
11/02/2023,,,Pioneer Bay,Central Pioneer Bay,Transect ,3,30 m,ACS,Chaetodon auriga,10--15,1
11/02/2023,,,Pioneer Bay,Central Pioneer Bay,Transect ,3,30 m,ACS,Scolopsis margaritifera,20-25,2
11/02/2023,,,Pioneer Bay,Central Pioneer Bay,Transect ,3,30 m,ACS,Chaetodon auriga,10--15,1
11/02/2023,,,Pioneer Bay,Central Pioneer Bay,Transect ,3,30 m,ACS,Chaetodon aphippium,10--15,1
11/02/2023,,,Pioneer Bay,Central Pioneer Bay,Transect ,3,30 m,ACS,Siganus doliatus,10--15,2
11/02/2023,,,Pioneer Bay,Central Pioneer Bay,Transect ,4,20 m,ACS,Scolopsis margaritifera,15-20,3
11/02/2023,,,Pioneer Bay,Central Pioneer Bay,Transect ,4,20 m,ACS,Pomacanthus sexstriatus,15-20,1
11/02/2023,,,Pioneer Bay,Central Pioneer Bay,Transect ,4,20 m,ACS,Scolopsis bilineata,15-20,1
11/02/2023,,,Pioneer Bay,Central Pioneer Bay,Transect ,4,20 m,ACS,Scolopsis bilineata,10--15,1
11/02/2023,,,Pioneer Bay,Central Pioneer Bay,Transect ,4,20 m,ACS,Chaetodon aureofasciatus,10--15,2
11/02/2023,,,Pioneer Bay,Central Pioneer Bay,Transect ,4,20 m,ACS,Scarus rivulatus,35-40,1
11/02/2023,,,Pioneer Bay,Central Pioneer Bay,Transect ,4,20 m,ACS,Siganus doliatus,25-30,2
11/02/2023,,,Pioneer Bay,Central Pioneer Bay,Transect ,4,20 m,ACS,Scarus rivulatus,30-35,2
11/02/2023,,,Pioneer Bay,Central Pioneer Bay,Transect ,4,20 m,ACS,Cephalopholis cyanostigma,30-35,1
11/02/2023,,,Pioneer Bay,Central Pioneer Bay,Transect ,4,20 m,ACS,Chlorurus spilurus,25-30,1
11/02/2023,,,Pioneer Bay,Central Pioneer Bay,Transect ,4,20 m,ACS,Chaetodon auriga,15-20,1
11/02/2023,,,Pioneer Bay,Central Pioneer Bay,Transect ,4,20 m,ACS,Lutjanus carponotatus,35-40,1
11/02/2023,,,Pioneer Bay,Central Pioneer Bay,Transect ,4,30 m,ACS,Lutjanus carponotatus,20-25,1
11/02/2023,,,Pioneer Bay,Central Pioneer Bay,Transect ,4,30 m,ACS,Lutjanus carponotatus,20-25,2
11/02/2023,,,Pioneer Bay,Central Pioneer Bay,Transect ,4,30 m,ACS,Kyphosus cinerascens,30-35,3
11/02/2023,,,Pioneer Bay,Central Pioneer Bay,Transect ,4,30 m,ACS,Siganus doliatus,20-25,3
11/02/2023,,,Pioneer Bay,Central Pioneer Bay,Transect ,4,30 m,ACS,Scarus rivulatus,30-25,3
11/02/2023,,,Pioneer Bay,Central Pioneer Bay,Transect ,4,30 m,ACS,Scarus niger,35-40,2
11/02/2023,,,Pioneer Bay,Central Pioneer Bay,Transect ,4,30 m,ACS,Scarus rivulatus,25-30,1
11/02/2023,,,Pioneer Bay,Central Pioneer Bay,Transect ,4,30 m,ACS,Siganus doliatus,15-20,2
11/02/2023,,,Pioneer Bay,Central Pioneer Bay,Transect ,4,30 m,ACS,Cephalopholis cyanostigma,20-25,1
11/02/2023,,,Pioneer Bay,Central Pioneer Bay,Transect ,4,30 m,ACS,Thalassoma lunare,10--15,1
11/02/2023,,,Pioneer Bay,Central Pioneer Bay,Point,3,Instant,ACS,Scarus rivulatus,20-25,3
11/02/2023,,,Pioneer Bay,Central Pioneer Bay,Point,3,Instant,ACS,Scarus rivulatus,25-30,1
11/02/2023,,,Pioneer Bay,Central Pioneer Bay,Point,3,Instant,ACS,Chaetodon melannotus,10--15,2
11/02/2023,,,Pioneer Bay,Central Pioneer Bay,Point,3,Instant,ACS,Siganus doliatus,10--15,1
11/02/2023,,,Pioneer Bay,Central Pioneer Bay,Point,3,Instant,ACS,Thalassoma lunare,10--15,1
11/02/2023,,,Pioneer Bay,Central Pioneer Bay,Point,3,Instant,ACS,Labrichthys unilineatus,10--15,1
11/02/2023,,,Pioneer Bay,Central Pioneer Bay,Point,3,Instant,ACS,Chaetodon aureofasciatus,10--15,1
11/02/2023,,,Pioneer Bay,Central Pioneer Bay,Point,3,Instant,ACS,Thalassoma lunare,20-25,1
11/02/2023,,,Pioneer Bay,Central Pioneer Bay,Point,3,Instant,ACS,Scolopsis bilineata,15-20,1
11/02/2023,,,Pioneer Bay,Central Pioneer Bay,Point,3,10 mins,ACS,Scolopsis margaritifera,20-25,1
11/02/2023,,,Pioneer Bay,Central Pioneer Bay,Point,3,10 mins,ACS,Scarus rivulatus,15-20,13
11/02/2023,,,Pioneer Bay,Central Pioneer Bay,Point,3,10 mins,ACS,Acanthurus sp. ,15-20,15
11/02/2023,,,Pioneer Bay,Central Pioneer Bay,Point,3,10 mins,ACS,Chaetodon melannotus,10--15,2
11/02/2023,,,Pioneer Bay,Central Pioneer Bay,Point,3,10 mins,ACS,Halichoeres chloropterus,15-20,2
11/02/2023,,,Pioneer Bay,Central Pioneer Bay,Point,3,10 mins,ACS,Acanthurus sp. ,20-25,5
11/02/2023,,,Pioneer Bay,Central Pioneer Bay,Point,3,10 mins,ACS,Lethrinus harak,30-35,4
11/02/2023,,,Pioneer Bay,Central Pioneer Bay,Point,3,10 mins,ACS,Choerodon anchorago,20-25,2
11/02/2023,,,Pioneer Bay,Central Pioneer Bay,Point,3,10 mins,ACS,Thalassoma lunare,15-20,1
11/02/2023,,,Pioneer Bay,Central Pioneer Bay,Point,3,10 mins,ACS,Scarus rivulatus,30-35,1
11/02/2023,,,Pioneer Bay,Central Pioneer Bay,Point,3,10 mins,ACS,Scolopsis bilineata,10--15,1
11/02/2023,,,Pioneer Bay,Central Pioneer Bay,Point,3,10 mins,ACS,Lutjanus carponotatus,30-35,2
11/02/2023,,,Pioneer Bay,Central Pioneer Bay,Point,3,10 mins,ACS,Siganus doliatus,10--15,1
12/02/2023,,,Fantome Island,Snapper Point,Transect ,1,20 m,SBT,Scarus globiceps,20-25,1
12/02/2023,,,Fantome Island,Snapper Point,Transect ,1,20 m,SBT,Anampses neoguinaicus,15-20,1
12/02/2023,,,Fantome Island,Snapper Point,Transect ,1,20 m,SBT,Thalassoma hardwicke,15-20,2
12/02/2023,,,Fantome Island,Snapper Point,Transect ,1,20 m,SBT,Chlorurus spilurus,25-30,1
12/02/2023,,,Fantome Island,Snapper Point,Transect ,1,20 m,SBT,Scolopsis lineata,20-25,1
12/02/2023,,,Fantome Island,Snapper Point,Transect ,1,20 m,SBT,Lutjanus vitta,20-25,2
12/02/2023,,,Fantome Island,Snapper Point,Transect ,1,20 m,SBT,Hemigymnus melapterus,20-25,1
12/02/2023,,,Fantome Island,Snapper Point,Transect ,1,20 m,SBT,Anampses geographicus,15-20,1
12/02/2023,,,Fantome Island,Snapper Point,Transect ,1,20 m,SBT,Lutjanus carponotatus,25-30,1
12/02/2023,,,Fantome Island,Snapper Point,Transect ,1,20 m,SBT,Lutjanus fulviflamma,20-25,1
12/02/2023,,,Fantome Island,Snapper Point,Transect ,1,20 m,SBT,Scarus rivulatus,10--15,1
12/02/2023,,,Fantome Island,Snapper Point,Transect ,1,30 m,SBT,Scolopsis lineata,20-25,1
12/02/2023,,,Fantome Island,Snapper Point,Transect ,1,30 m,SBT,Lutjanus fulviflamma,20-25,4
12/02/2023,,,Fantome Island,Snapper Point,Transect ,1,30 m,SBT,Scarus rivulatus,10--15,2
12/02/2023,,,Fantome Island,Snapper Point,Transect ,1,30 m,SBT,Ctenochaetus striatus,10--15,1
12/02/2023,,,Fantome Island,Snapper Point,Transect ,1,30 m,SBT,Chaetodon melannotus,10--15,1
12/02/2023,,,Fantome Island,Snapper Point,Transect ,1,30 m,SBT,Chaetodon lunulatus,10--15,2
12/02/2023,,,Fantome Island,Snapper Point,Transect ,1,30 m,SBT,Chlorurus spilurus,20-25,2
12/02/2023,,,Fantome Island,Snapper Point,Transect ,1,30 m,SBT,Scolopsis lineata,15-20,2
12/02/2023,,,Fantome Island,Snapper Point,Transect ,1,30 m,SBT,Kyphosus cinerascens,20-25,1
12/02/2023,,,Fantome Island,Snapper Point,Transect ,1,30 m,SBT,Thalassoma lunare,10--15,1
12/02/2023,,,Fantome Island,Snapper Point,Transect ,1,30 m,SBT,Scarus frenatus,20-25,1
12/02/2023,,,Fantome Island,Snapper Point,Transect ,1,30 m,SBT,Cetoscarus ocellatus,45-50,1
12/02/2023,,,Fantome Island,Snapper Point,Transect ,1,30 m,SBT,Scarus rivulatus,25-30,1
12/02/2023,,,Fantome Island,Snapper Point,Transect ,1,30 m,SBT,Scarus rivulatus,20-25,1
12/02/2023,,,Fantome Island,Snapper Point,Transect ,2,20 m,SBT,Lutjanus carponotatus,25-30,1
12/02/2023,,,Fantome Island,Snapper Point,Transect ,2,20 m,SBT,Scarus rivulatus,20-25,1
12/02/2023,,,Fantome Island,Snapper Point,Transect ,2,20 m,SBT,Chaetodon lunula,15-20,1
12/02/2023,,,Fantome Island,Snapper Point,Transect ,2,20 m,SBT,Chlorurus spilurus,20-25,1
12/02/2023,,,Fantome Island,Snapper Point,Transect ,2,20 m,SBT,Labrichthys unilineatus,15-20,1
12/02/2023,,,Fantome Island,Snapper Point,Transect ,2,20 m,SBT,Scolopsis bilineata,20-25,1
12/02/2023,,,Fantome Island,Snapper Point,Transect ,2,20 m,SBT,Lutjanus vitta,15-20,2
12/02/2023,,,Fantome Island,Snapper Point,Transect ,2,20 m,SBT,Chlorurus microrhinos,50-55,2
12/02/2023,,,Fantome Island,Snapper Point,Transect ,2,20 m,SBT,Chlorurus microrhinos,40-45,5
12/02/2023,,,Fantome Island,Snapper Point,Transect ,2,20 m,SBT,Chlorurus microrhinos,35-40,2
12/02/2023,,,Fantome Island,Snapper Point,Transect ,2,20 m,SBT,Naso unicornis,50-55,1
12/02/2023,,,Fantome Island,Snapper Point,Transect ,2,20 m,SBT,Epibulus insidiator,25-30,1
12/02/2023,,,Fantome Island,Snapper Point,Transect ,2,20 m,SBT,Siganus doliatus,20-25,1
12/02/2023,,,Fantome Island,Snapper Point,Transect ,2,30 m,SBT,Lutjanus vitta,15-20,3
12/02/2023,,,Fantome Island,Snapper Point,Transect ,2,30 m,SBT,Naso unicornis,50-55,4
12/02/2023,,,Fantome Island,Snapper Point,Transect ,2,30 m,SBT,Siganus doliatus,20-25,1
12/02/2023,,,Fantome Island,Snapper Point,Transect ,2,30 m,SBT,Acanthurus sp. ,30-35,3
12/02/2023,,,Fantome Island,Snapper Point,Transect ,2,30 m,SBT,Chaetodon melannotus,10--15,2
12/02/2023,,,Fantome Island,Snapper Point,Transect ,2,30 m,SBT,Lutjanus vitta,20-25,10
12/02/2023,,,Fantome Island,Snapper Point,Transect ,2,30 m,SBT,Hemigymnus melapterus,15-20,1
12/02/2023,,,Fantome Island,Snapper Point,Transect ,2,30 m,SBT,Scarus rivulatus,20-25,10
12/02/2023,,,Fantome Island,Snapper Point,Transect ,2,30 m,SBT,Oxycheilinus diagramma,10--15,1
12/02/2023,,,Fantome Island,Snapper Point,Transect ,2,30 m,SBT,Cetoscarus ocellatus,50-55,1
12/02/2023,,,Fantome Island,Snapper Point,Transect ,2,30 m,SBT,Naso unicornis,50-55,1
12/02/2023,,,Fantome Island,Snapper Point,Transect ,2,30 m,SBT,Anampses caeruleopunctatus,20-25,1
12/02/2023,,,Fantome Island,Snapper Point,Transect ,2,30 m,SBT,Cheilinus trilobatus,25-30,1
12/02/2023,,,Fantome Island,Snapper Point,Transect ,2,30 m,SBT,Pomacanthus sexstriatus,30-35,1
12/02/2023,,,Fantome Island,Snapper Point,Transect ,2,30 m,SBT,Kyphosus cinerascens,40-45,1
12/02/2023,,,Fantome Island,Snapper Point,Transect ,2,30 m,SBT,Epibulus insidiator,10--15,1
12/02/2023,,,Fantome Island,Snapper Point,Transect ,1,20 m,ACS,Choerodon fasciatus,20-25,1
12/02/2023,,,Fantome Island,Snapper Point,Transect ,1,20 m,ACS,Chlorurus spilurus,10--15,1
12/02/2023,,,Fantome Island,Snapper Point,Transect ,1,20 m,ACS,Lutjanus vitta,20-25,15
12/02/2023,,,Fantome Island,Snapper Point,Transect ,1,20 m,ACS,Lutjanus vitta,20-25,2
12/02/2023,,,Fantome Island,Snapper Point,Transect ,1,20 m,ACS,Thalassoma lunare,10--15,3
12/02/2023,,,Fantome Island,Snapper Point,Transect ,1,20 m,ACS,Scarus niger,15-20,1
12/02/2023,,,Fantome Island,Snapper Point,Transect ,1,20 m,ACS,Siganus lineatus,25-30,15
12/02/2023,,,Fantome Island,Snapper Point,Transect ,1,20 m,ACS,Scarus ghobban,15-20,1
12/02/2023,,,Fantome Island,Snapper Point,Transect ,1,20 m,ACS,Scolopsis bilineata,15-20,1
12/02/2023,,,Fantome Island,Snapper Point,Transect ,1,30 m,ACS,Lutjanus sebae,20-25,1
12/02/2023,,,Fantome Island,Snapper Point,Transect ,1,30 m,ACS,Hemigymnus melapterus,20-25,1
12/02/2023,,,Fantome Island,Snapper Point,Transect ,1,30 m,ACS,Chaetodon aureofasciatus,10--15,3
12/02/2023,,,Fantome Island,Snapper Point,Transect ,1,30 m,ACS,Thalassoma lunare,15-20,1
12/02/2023,,,Fantome Island,Snapper Point,Transect ,1,30 m,ACS,Scarus rivulatus,15-20,8
12/02/2023,,,Fantome Island,Snapper Point,Transect ,1,30 m,ACS,Chaetodon melannotus,15-20,1
12/02/2023,,,Fantome Island,Snapper Point,Transect ,1,30 m,ACS,Labrichthys unilineatus,20-25,1
12/02/2023,,,Fantome Island,Snapper Point,Transect ,1,30 m,ACS,Scolopsis margaritifera,20-25,1
12/02/2023,,,Fantome Island,Snapper Point,Transect ,1,30 m,ACS,Scarus rivulatus,30-35,1
12/02/2023,,,Fantome Island,Snapper Point,Transect ,1,30 m,ACS,Epibulus insidiator,10--15,1
12/02/2023,,,Fantome Island,Snapper Point,Transect ,1,30 m,ACS,Cheilinus chlorurus,15-20,1
12/02/2023,,,Fantome Island,Snapper Point,Transect ,1,30 m,ACS,Scarus niger,25-30,1
12/02/2023,,,Fantome Island,Snapper Point,Transect ,1,30 m,ACS,Scarus rivulatus,25-30,1
12/02/2023,,,Fantome Island,Snapper Point,Transect ,1,30 m,ACS,Lutjanus vitta,15-20,8
12/02/2023,,,Fantome Island,Snapper Point,Transect ,2,20 m,ACS,Lutjanus vitta,15-20,5
12/02/2023,,,Fantome Island,Snapper Point,Transect ,2,20 m,ACS,Scarus rivulatus,20-25,1
12/02/2023,,,Fantome Island,Snapper Point,Transect ,2,20 m,ACS,Labrichthys unilineatus,20-25,1
12/02/2023,,,Fantome Island,Snapper Point,Transect ,2,20 m,ACS,Siganus lineatus,30-35,7
12/02/2023,,,Fantome Island,Snapper Point,Transect ,2,20 m,ACS,Scarus rivulatus,15-20,1
12/02/2023,,,Fantome Island,Snapper Point,Transect ,2,20 m,ACS,Chaetodon plebius,10--15,1
12/02/2023,,,Fantome Island,Snapper Point,Transect ,2,20 m,ACS,Chaetodon aureofasciatus,10--15,1
12/02/2023,,,Fantome Island,Snapper Point,Transect ,2,20 m,ACS,Chaetodon melannotus,15-20,1
12/02/2023,,,Fantome Island,Snapper Point,Transect ,2,20 m,ACS,Labroides dimidiatus,10--15,2
12/02/2023,,,Fantome Island,Snapper Point,Transect ,2,20 m,ACS,Lutjanus vitta,20-25,25
12/02/2023,,,Fantome Island,Snapper Point,Transect ,2,20 m,ACS,Siganus doliatus,25-30,2
12/02/2023,,,Fantome Island,Snapper Point,Transect ,2,20 m,ACS,Hemigymnus melapterus,15-20,1
12/02/2023,,,Fantome Island,Snapper Point,Transect ,2,20 m,ACS,Chlorurus microrhinos,25-30,4
12/02/2023,,,Fantome Island,Snapper Point,Transect ,2,20 m,ACS,Chaetodon aureofasciatus,10--15,3
12/02/2023,,,Fantome Island,Snapper Point,Transect ,2,20 m,ACS,Chaetodon lunulatus,10--15,1
12/02/2023,,,Fantome Island,Snapper Point,Transect ,2,30 m,ACS,Cheilinus chlorurus,15-20,1
12/02/2023,,,Fantome Island,Snapper Point,Transect ,2,30 m,ACS,Lutjanus vitta,15-20,3
12/02/2023,,,Fantome Island,Snapper Point,Transect ,2,30 m,ACS,Siganus doliatus,20-25,1
12/02/2023,,,Fantome Island,Snapper Point,Transect ,2,30 m,ACS,Cephalopholis cyanostigma,15-20,1
12/02/2023,,,Fantome Island,Snapper Point,Transect ,2,30 m,ACS,Thalasomma lunare,10--15,2
12/02/2023,,,Fantome Island,Snapper Point,Transect ,2,30 m,ACS,Thalasomma lunare,15-20,1
12/02/2023,,,Fantome Island,Snapper Point,Transect ,2,30 m,ACS,Choerodon fasciatus,20-25,1
12/02/2023,,,Fantome Island,Snapper Point,Transect ,2,30 m,ACS,Scarus niger,20-25,1
12/02/2023,,,Fantome Island,Snapper Point,Transect ,2,30 m,ACS,Halichoeres chloropterus,10--15,1
12/02/2023,,,Fantome Island,Snapper Point,Transect ,2,30 m,ACS,Chaetodon aureofasciatus,10--15,5
12/02/2023,,,Fantome Island,Snapper Point,Transect ,2,30 m,ACS,Lutjanus carponotatus,20-25,2
12/02/2023,,,Fantome Island,Snapper Point,Transect ,2,30 m,ACS,Labroides dimidiatus,10--15,1
12/02/2023,,,Fantome Island,Snapper Point,Transect ,2,30 m,ACS,Pomacanthus sexstriatus,20-25,1
12/02/2023,,,Fantome Island,Snapper Point,Transect ,2,30 m,ACS,Chaetodon trifascialis,10--15,1
12/02/2023,,,Fantome Island,Snapper Point,Transect ,2,30 m,ACS,Thalasomma lunare,10--15,2
12/02/2023,,,Fantome Island,Snapper Point,Transect ,2,30 m,ACS,Hemigymnus melapterus,20-25,1
12/02/2023,,,Fantome Island,Snapper Point,Transect ,2,30 m,ACS,Scarus ghobban,25-30,1
12/02/2023,,,Fantome Island,Snapper Point,Transect ,2,30 m,ACS,Cephalopholis cyanostigma,30-35,1
12/02/2023,,,Fantome Island,Snapper Point,Transect ,2,30 m,ACS,Chaetodon vagabundus,15-20,1
12/02/2023,,,Fantome Island,Snapper Point,Transect ,2,30 m,ACS,Scarus niger,20-25,1
12/02/2023,,,Fantome Island,Snapper Point,Transect ,2,30 m,ACS,Anampses caeruleopunctatus,20-25,1
12/02/2023,,,Fantome Island,Snapper Point,Transect ,2,30 m,ACS,Anampses neoguinaicus,15-20,1
12/02/2023,,,Fantome Island,Snapper Point,Transect ,2,30 m,ACS,Chaetodon aureofasciatus,10--15,2
12/02/2023,,,Fantome Island,Snapper Point,Transect ,2,30 m,ACS,Scarus rivulatus,20-25,3
12/02/2023,,,Fantome Island,Snapper Point,Transect ,3,20 m,ACS,Chaetodon speculum,10--15,2
12/02/2023,,,Fantome Island,Snapper Point,Transect ,3,20 m,ACS,Chaetodon melannotus,10--15,1
12/02/2023,,,Fantome Island,Snapper Point,Transect ,3,20 m,ACS,Thalassoma lunare,15-20,1
12/02/2023,,,Fantome Island,Snapper Point,Transect ,3,20 m,ACS,Thalassoma lunare,10--15,2
12/02/2023,,,Fantome Island,Snapper Point,Transect ,3,20 m,ACS,Scolopsis lineata,20-25,15
12/02/2023,,,Fantome Island,Snapper Point,Transect ,3,20 m,ACS,Chlorurus spilurus,25-30,1
12/02/2023,,,Fantome Island,Snapper Point,Transect ,3,20 m,ACS,Siganus doliatus,15-20,1
12/02/2023,,,Fantome Island,Snapper Point,Transect ,3,20 m,ACS,Hemigymnus melapterus,15-20,1
12/02/2023,,,Fantome Island,Snapper Point,Transect ,3,20 m,ACS,Chelmon rostratus,15-20,1
12/02/2023,,,Fantome Island,Snapper Point,Transect ,3,20 m,ACS,Scarus rivulatus,15-20,1
12/02/2023,,,Fantome Island,Snapper Point,Transect ,3,20 m,ACS,Chaetodon aureofasciatus,10--15,1
12/02/2023,,,Fantome Island,Snapper Point,Transect ,3,30 m,ACS,Scarus rivulatus,25-30,3
12/02/2023,,,Fantome Island,Snapper Point,Transect ,3,30 m,ACS,Chaetodon aureofasciatus,10--15,4
12/02/2023,,,Fantome Island,Snapper Point,Transect ,3,30 m,ACS,Scarus rivulatus,15-20,8
12/02/2023,,,Fantome Island,Snapper Point,Transect ,3,30 m,ACS,Chaetodon lunulatus,10--15,4
12/02/2023,,,Fantome Island,Snapper Point,Transect ,3,30 m,ACS,Hemigymnus melapterus,20-25,1
12/02/2023,,,Fantome Island,Snapper Point,Transect ,3,30 m,ACS,Thalassoma hardwicke,10--15,1
12/02/2023,,,Fantome Island,Snapper Point,Transect ,3,30 m,ACS,Scarus globiceps,20-25,1
12/02/2023,,,Fantome Island,Snapper Point,Transect ,3,30 m,ACS,Chaetodon aureofasciatus,15-20,1
12/02/2023,,,Fantome Island,Snapper Point,Transect ,3,30 m,ACS,Cheilinus chlorurus,15-20,1
12/02/2023,,,Fantome Island,Snapper Point,Transect ,3,30 m,ACS,Siganus doliatus,15-20,2
12/02/2023,,,Fantome Island,Snapper Point,Transect ,3,30 m,ACS,Scarus ghobban,15-20,1
12/02/2023,,,Fantome Island,Snapper Point,Transect ,3,30 m,ACS,Scarus rivulatus,10--15,4
12/02/2023,,,Fantome Island,Snapper Point,Transect ,3,30 m,ACS,Lutjanus carponotatus,35-40,1
12/02/2023,,,Fantome Island,Snapper Point,Transect ,3,30 m,ACS,Scolopsis bilineata,15-20,1
12/02/2023,,,Fantome Island,Snapper Point,Transect ,4,20 m,ACS,Chaetodon vagabundus,10--15,1
12/02/2023,,,Fantome Island,Snapper Point,Transect ,4,20 m,ACS,Thalassoma hardwicke,10--15,1
12/02/2023,,,Fantome Island,Snapper Point,Transect ,4,20 m,ACS,Lutjanus carponotatus,25-30,2
12/02/2023,,,Fantome Island,Snapper Point,Transect ,4,20 m,ACS,Chaetodon melannotus,15-20,2
12/02/2023,,,Fantome Island,Snapper Point,Transect ,4,20 m,ACS,Cephalopholis cyanostigma,30-35,1
12/02/2023,,,Fantome Island,Snapper Point,Transect ,4,20 m,ACS,Thalassoma lunare,10--15,1
12/02/2023,,,Fantome Island,Snapper Point,Transect ,4,20 m,ACS,Chaetodon aureofasciatus,10--15,1
12/02/2023,,,Fantome Island,Snapper Point,Transect ,4,20 m,ACS,Lutjanus vitta,20-25,29
12/02/2023,,,Fantome Island,Snapper Point,Transect ,4,20 m,ACS,Lutjanus carponotatus,30-35,3
12/02/2023,,,Fantome Island,Snapper Point,Transect ,4,20 m,ACS,Hemigymnus melapterus,25-30,1
12/02/2023,,,Fantome Island,Snapper Point,Transect ,4,30 m,ACS,Naso unicornis,50-55,1
12/02/2023,,,Fantome Island,Snapper Point,Transect ,4,30 m,ACS,Chaetodon aureofasciatus,15-20,1
12/02/2023,,,Fantome Island,Snapper Point,Transect ,4,30 m,ACS,Chaetodon aureofasciatus,10--15,4
12/02/2023,,,Fantome Island,Snapper Point,Transect ,4,30 m,ACS,Scolopsis lineata,25-30,8
12/02/2023,,,Fantome Island,Snapper Point,Transect ,4,30 m,ACS,Lutjanus vitta,25-30,8
12/02/2023,,,Fantome Island,Snapper Point,Transect ,4,30 m,ACS,Lutjanus vitta,20-25,25
12/02/2023,,,Fantome Island,Snapper Point,Transect ,4,30 m,ACS,Thalassoma lunare,10--15,2
12/02/2023,,,Fantome Island,Snapper Point,Transect ,4,30 m,ACS,Thalassoma lunare,15-20,2
12/02/2023,,,Fantome Island,Snapper Point,Transect ,4,30 m,ACS,Scarus rivulatus,30-35,1
12/02/2023,,,Fantome Island,Snapper Point,Transect ,4,30 m,ACS,Cheilinus chlorurus,10--15,1
12/02/2023,,,Fantome Island,Snapper Point,Transect ,4,30 m,ACS,Chaetodon rafflesi,10--15,1
12/02/2023,,,Fantome Island,Snapper Point,Point,1,Instant,ACS,Lutjanus vitta,20-25,4
12/02/2023,,,Fantome Island,Snapper Point,Point,1,Instant,ACS,Chaetodon aureofasciatus,10--15,2
12/02/2023,,,Fantome Island,Snapper Point,Point,1,Instant,ACS,Chaetodon aureofasciatus,15-20,1
12/02/2023,,,Fantome Island,Snapper Point,Point,1,Instant,ACS,Scarus rivulatus,20-25,5
12/02/2023,,,Fantome Island,Snapper Point,Point,1,Instant,ACS,Chaetodon melannotus,15-20,1
12/02/2023,,,Fantome Island,Snapper Point,Point,1,10 mins,ACS,Lutjanus vitta,20-25,3
12/02/2023,,,Fantome Island,Snapper Point,Point,1,10 mins,ACS,Chaetodon aureofasciatus,10--15,8
12/02/2023,,,Fantome Island,Snapper Point,Point,1,10 mins,ACS,Thalassoma lunare,10--15,2
12/02/2023,,,Fantome Island,Snapper Point,Point,1,10 mins,ACS,Anampses geographicus,20-25,1
12/02/2023,,,Fantome Island,Snapper Point,Point,1,10 mins,ACS,Chaetodon melannotus,15-20,1
12/02/2023,,,Fantome Island,Snapper Point,Point,1,10 mins,ACS,Chaetodon rafflesi,10--15,1
12/02/2023,,,Fantome Island,Snapper Point,Point,1,10 mins,ACS,Lutjanus vitta,15-20,6
12/02/2023,,,Fantome Island,Snapper Point,Point,1,10 mins,ACS,Scarus rivulatus,20-25,32
12/02/2023,,,Fantome Island,Snapper Point,Point,1,10 mins,ACS,Chaetodon oxycephalus,15-20,1
12/02/2023,,,Fantome Island,Snapper Point,Point,1,10 mins,ACS,Cephalopholis cyanostigma,20-25,1
12/02/2023,,,Fantome Island,Snapper Point,Point,1,10 mins,ACS,Scarus rivulatus,25-30,6
12/02/2023,,,Fantome Island,Snapper Point,Point,1,10 mins,ACS,Scarus rivulatus,15-20,15
12/02/2023,,,Fantome Island,Snapper Point,Point,1,10 mins,ACS,Cephalopholis cyanostigma,15-20,1
12/02/2023,,,Fantome Island,Snapper Point,Point,2,Instant,ACS,Thalassoma lunare,10--15,1
12/02/2023,,,Fantome Island,Snapper Point,Point,2,Instant,ACS,Hemigymnus fasciatus,15-20,1
12/02/2023,,,Fantome Island,Snapper Point,Point,2,Instant,ACS,Lutjanus vitta,15-20,1
12/02/2023,,,Fantome Island,Snapper Point,Point,2,Instant,ACS,Scarus ghobban,15-20,1
12/02/2023,,,Fantome Island,Snapper Point,Point,2,Instant,ACS,Choerodon fasciatus,20-25,1
12/02/2023,,,Fantome Island,Snapper Point,Point,2,Instant,ACS,Scarus rivulatus,15-20,8
12/02/2023,,,Fantome Island,Snapper Point,Point,2,Instant,ACS,Scolopsis bilineata,15-20,1
12/02/2023,,,Fantome Island,Snapper Point,Point,2,Instant,ACS,Thalassoma lunare,15-20,1
12/02/2023,,,Fantome Island,Snapper Point,Point,2,Instant,ACS,Chaetodon aureofasciatus,10--15,2
12/02/2023,,,Fantome Island,Snapper Point,Point,2,10 mins,ACS,Thalassoma lunare,15-20,4
12/02/2023,,,Fantome Island,Snapper Point,Point,2,10 mins,ACS,Chaetodon aureofasciatus,10--15,4
12/02/2023,,,Fantome Island,Snapper Point,Point,2,10 mins,ACS,Thalassoma lunare,20-25,3
12/02/2023,,,Fantome Island,Snapper Point,Point,2,10 mins,ACS,Chaetodon baronessa,15-20,1
12/02/2023,,,Fantome Island,Snapper Point,Point,2,10 mins,ACS,Scarus rivulatus,25-30,2
12/02/2023,,,Fantome Island,Snapper Point,Point,2,10 mins,ACS,Scarus rivulatus,15-20,14
12/02/2023,,,Fantome Island,Snapper Point,Point,2,10 mins,ACS,Scarus ghobban,20-25,1
12/02/2023,,,Fantome Island,Snapper Point,Point,2,10 mins,ACS,Lutjanus vitta,15-20,1
12/02/2023,,,Fantome Island,Snapper Point,Point,2,10 mins,ACS,Thalassoma lunare,10--15,1
12/02/2023,,,Fantome Island,Snapper Point,Point,2,10 mins,ACS,Anampses geographicus,10--15,1
12/02/2023,,,Fantome Island,Snapper Point,Point,2,10 mins,ACS,Lutjanus fulviflamma,20-25,4
12/02/2023,,,Fantome Island,Snapper Point,Point,2,10 mins,ACS,Chaetodon aureofasciatus,15-20,1
12/02/2023,,,Fantome Island,Snapper Point,Point,2,10 mins,ACS,Lutjanus carponotatus,30-35,2
12/02/2023,,,Fantome Island,Snapper Point,Point,2,10 mins,ACS,Scolopsis bilineata,15-20,1
12/02/2023,,,Fantome Island,Snapper Point,Point,2,10 mins,ACS,Scarus rivulatus,10--15,4
12/02/2023,,,Fantome Island,Snapper Point,Point,2,10 mins,ACS,Chaetodon melannotus,10--15,1
12/02/2023,,,Fantome Island,Snapper Point,Point,3,Instant,ACS,Chaetodon aureofasciatus,10--15,1
12/02/2023,,,Fantome Island,Snapper Point,Point,3,Instant,ACS,Epibulus insidiator,25-30,1
12/02/2023,,,Fantome Island,Snapper Point,Point,3,Instant,ACS,Chaetodon melannotus,15-20,1
12/02/2023,,,Fantome Island,Snapper Point,Point,3,Instant,ACS,Chaetodon vagabundus,10--15,1
12/02/2023,,,Fantome Island,Snapper Point,Point,3,Instant,ACS,Thalassoma lunare,10--15,1
12/02/2023,,,Fantome Island,Snapper Point,Point,3,Instant,ACS,Chlorurus spilurus,20-25,1
12/02/2023,,,Fantome Island,Snapper Point,Point,3,Instant,ACS,Lutjanus fulviflamma,25-30,4
12/02/2023,,,Fantome Island,Snapper Point,Point,3,10 mins,ACS,Lutjanus fulviflamma,25-30,4
12/02/2023,,,Fantome Island,Snapper Point,Point,3,10 mins,ACS,Siganus lineatus,30-35,1
12/02/2023,,,Fantome Island,Snapper Point,Point,3,10 mins,ACS,Chaetodon melannotus,10--15,1
12/02/2023,,,Fantome Island,Snapper Point,Point,3,10 mins,ACS,Pomacanthus sexstriatus,30-35,2
12/02/2023,,,Fantome Island,Snapper Point,Point,3,10 mins,ACS,Chaetodon oxycephalus,15-20,1
12/02/2023,,,Fantome Island,Snapper Point,Point,3,10 mins,ACS,Chaetodon melannotus,10--15,1
12/02/2023,,,Fantome Island,Snapper Point,Point,3,10 mins,ACS,Chaetodon aureofasciatus,10--15,1
12/02/2023,,,Fantome Island,Snapper Point,Point,3,10 mins,ACS,Chlorurus microrhinos,35-40,1
12/02/2023,,,Fantome Island,Snapper Point,Point,3,10 mins,ACS,Scarus rivulatus,30-35,1
12/02/2023,,,Fantome Island,Snapper Point,Point,3,10 mins,ACS,Thalassoma lunare,10--15,1
12/02/2023,,,Fantome Island,Snapper Point,Point,3,10 mins,ACS,Platax teira,35-40,1
12/02/2023,,,Fantome Island,Snapper Point,Point,3,10 mins,ACS,Labroides dimidiatus,10--15,1
12/02/2023,,,Fantome Island,Snapper Point,Point,3,10 mins,ACS,Labrichthys unilineatus,25-30,1
12/02/2023,,,Fantome Island,Snapper Point,Point,3,10 mins,ACS,Chaetodon melannotus,10--15,1
12/02/2023,,,Fantome Island,Snapper Point,Point,3,10 mins,ACS,Thalassoma lunare,10--15,1
12/02/2023,,,Fantome Island,Snapper Point,Point,4,Instant,ACS,Chlorurus spilurus,20-25,1
12/02/2023,,,Fantome Island,Snapper Point,Point,4,Instant,ACS,Thalassoma lunare,15-20,1
12/02/2023,,,Fantome Island,Snapper Point,Point,4,Instant,ACS,Scolopsis lineata,20-25,2
12/02/2023,,,Fantome Island,Snapper Point,Point,4,Instant,ACS,Thalassoma lunare,10--15,2
12/02/2023,,,Fantome Island,Snapper Point,Point,4,10 mins,ACS,Chaetodon aureofasciatus,10--15,2
12/02/2023,,,Fantome Island,Snapper Point,Point,4,10 mins,ACS,Thalassoma lunare,10--15,1
12/02/2023,,,Fantome Island,Snapper Point,Point,4,10 mins,ACS,Halichoeres melanurus,10--15,2
12/02/2023,,,Fantome Island,Snapper Point,Point,4,10 mins,ACS,Pomacanthus sexstriatus,30-35,1
12/02/2023,,,Fantome Island,Snapper Point,Point,4,10 mins,ACS,Scarus rivulatus,20-25,35
12/02/2023,,,Fantome Island,Snapper Point,Point,4,10 mins,ACS,Chaetodon aureofasciatus,10--15,1
12/02/2023,,,Fantome Island,Snapper Point,Point,4,10 mins,ACS,Pomacanthus sexstriatus,25-30,1
12/02/2023,,,Fantome Island,Snapper Point,Point,4,10 mins,ACS,Thalassoma lunare,10--15,2
12/02/2023,,,Fantome Island,Snapper Point,Point,4,10 mins,ACS,Scarus rivulatus,25-30,1
12/02/2023,,,Fantome Island,Snapper Point,Point,4,10 mins,ACS,Scarus ghobban,15-20,1
12/02/2023,,,Fantome Island,Snapper Point,Point,4,10 mins,ACS,Chaetodon aureofasciatus,15-20,1
12/02/2023,,,Fantome Island,Snapper Point,Point,4,10 mins,ACS,Cheilinus chlorurus,20-25,1
12/02/2023,,,Fantome Island,Snapper Point,Point,4,10 mins,ACS,Chaetodon melannotus,10--15,1
12/02/2023,,,Fantome Island,Snapper Point,Transect ,3,20 m,SBT,Chlorurus spilurus,10--15,1
12/02/2023,,,Fantome Island,Snapper Point,Transect ,3,20 m,SBT,Scarus frenatus,20-25,1
12/02/2023,,,Fantome Island,Snapper Point,Transect ,3,20 m,SBT,Anampses caeruleopunctatus,20-25,1
12/02/2023,,,Fantome Island,Snapper Point,Transect ,3,20 m,SBT,Anampses neoguinaicus,15-20,1
12/02/2023,,,Fantome Island,Snapper Point,Transect ,3,20 m,SBT,Lutjanus carponotatus,25-30,1
12/02/2023,,,Fantome Island,Snapper Point,Transect ,3,20 m,SBT,Kyphosus cinerascens,35-40,1
12/02/2023,,,Fantome Island,Snapper Point,Transect ,3,20 m,SBT,Plectorhinchus lineatus,45-50,1
12/02/2023,,,Fantome Island,Snapper Point,Transect ,3,20 m,SBT,Naso unicornis,55-60,1
12/02/2023,,,Fantome Island,Snapper Point,Transect ,3,20 m,SBT,Chlorurus microrhinos,35-40,1
12/02/2023,,,Fantome Island,Snapper Point,Transect ,3,30 m,SBT,Anampses caeruleopunctatus,20-25,2
12/02/2023,,,Fantome Island,Snapper Point,Transect ,3,30 m,SBT,Kyphosus cinerascens,35-40,1
12/02/2023,,,Fantome Island,Snapper Point,Transect ,3,30 m,SBT,Chlorurus microrhinos,35-40,1
12/02/2023,,,Fantome Island,Snapper Point,Transect ,3,30 m,SBT,Scarus rivulatus,25-30,1
12/02/2023,,,Fantome Island,Snapper Point,Transect ,3,30 m,SBT,Kyphosus cinerascens,30-35,2
12/02/2023,,,Fantome Island,Snapper Point,Transect ,3,30 m,SBT,Scarus frenatus,30-35,1
12/02/2023,,,Fantome Island,Snapper Point,Transect ,3,30 m,SBT,Pomacanthus semicirculatus,30-35,1
12/02/2023,,,Fantome Island,Snapper Point,Transect ,3,30 m,SBT,Labrichthys unilineatus,15-20,1
12/02/2023,,,Fantome Island,Snapper Point,Transect ,3,30 m,SBT,Chaetodon aureofasciatus,10--15,1
12/02/2023,,,Fantome Island,Snapper Point,Transect ,3,30 m,SBT,Hemigymnus melapterus,20-25,1
12/02/2023,,,Fantome Island,Snapper Point,Transect ,3,30 m,SBT,Scarus rivulatus,25-30,2
12/02/2023,,,Fantome Island,Snapper Point,Transect ,3,30 m,SBT,Scarus frenatus,35-40,1
12/02/2023,,,Fantome Island,Snapper Point,Transect ,3,30 m,SBT,Cheilinus trilobatus,20-25,1
12/02/2023,,,Fantome Island,Snapper Point,Transect ,3,30 m,SBT,Lutjanus vitta,15-20,36
12/02/2023,,,Fantome Island,Snapper Point,Transect ,3,30 m,SBT,Kyphosus cinerascens,40-45,2
12/02/2023,,,Fantome Island,Snapper Point,Transect ,3,30 m,SBT,Chlorurus microrhinos,45-50,1
12/02/2023,,,Fantome Island,Snapper Point,Transect ,4,20 m,SBT,Thalassoma lunare,10--15,2
12/02/2023,,,Fantome Island,Snapper Point,Transect ,4,20 m,SBT,Cephalopholis boenak,15-20,1
12/02/2023,,,Fantome Island,Snapper Point,Transect ,4,20 m,SBT,Hemigymnus melapterus,15-20,1
12/02/2023,,,Fantome Island,Snapper Point,Transect ,4,20 m,SBT,Naso unicornis,35-40,1
12/02/2023,,,Fantome Island,Snapper Point,Transect ,4,20 m,SBT,Kyphosus cinerascens,30-35,1
12/02/2023,,,Fantome Island,Snapper Point,Transect ,4,20 m,SBT,Lutjanus carponotatus,25-30,3
12/02/2023,,,Fantome Island,Snapper Point,Transect ,4,20 m,SBT,Cheilinus trilobatus,20-25,1
12/02/2023,,,Fantome Island,Snapper Point,Transect ,4,20 m,SBT,Chlorurus microrhinos,40-45,1
12/02/2023,,,Fantome Island,Snapper Point,Transect ,4,20 m,SBT,Chlorurus microrhinos,35-40,1
12/02/2023,,,Fantome Island,Snapper Point,Transect ,4,20 m,SBT,Lutjanus vitta,20-25,1
12/02/2023,,,Fantome Island,Snapper Point,Transect ,4,20 m,SBT,Lutjanus carponotatus,30-35,1
12/02/2023,,,Fantome Island,Snapper Point,Transect ,4,20 m,SBT,Cheilinus chlorurus,10--15,1
12/02/2023,,,Fantome Island,Snapper Point,Transect ,4,20 m,SBT,Acanthurus sp. ,20-25,1
12/02/2023,,,Fantome Island,Snapper Point,Transect ,4,20 m,SBT,Chaetodon trifascialis,10--15,1
12/02/2023,,,Fantome Island,Snapper Point,Transect ,4,20 m,SBT,Siganus doliatus,20-25,3
12/02/2023,,,Fantome Island,Snapper Point,Transect ,4,20 m,SBT,Chaetodon rainfordi,15-20,1
12/02/2023,,,Fantome Island,Snapper Point,Transect ,4,20 m,SBT,Hemigymnus melapterus,20-25,1
12/02/2023,,,Fantome Island,Snapper Point,Transect ,4,20 m,SBT,Pomacanthus sexstriatus,25-30,1
12/02/2023,,,Fantome Island,Snapper Point,Transect ,4,30 m,SBT,Thalassoma lunare,10--15,2
12/02/2023,,,Fantome Island,Snapper Point,Transect ,4,30 m,SBT,Hemigymnus melapterus,15-20,2
12/02/2023,,,Fantome Island,Snapper Point,Transect ,4,30 m,SBT,Siganus doliatus,20-25,2
12/02/2023,,,Fantome Island,Snapper Point,Transect ,4,30 m,SBT,Scarus ghobban,20-25,1
12/02/2023,,,Fantome Island,Snapper Point,Transect ,4,30 m,SBT,Chelmon rostratus,15-20,1
12/02/2023,,,Fantome Island,Snapper Point,Transect ,4,30 m,SBT,Chaetodon baronessa,10--15,1
12/02/2023,,,Fantome Island,Snapper Point,Transect ,4,30 m,SBT,Chaetodon aureofasciatus,10--15,2
12/02/2023,,,Fantome Island,Snapper Point,Transect ,4,30 m,SBT,Oxycheilinus diagramma,10--15,1
12/02/2023,,,Fantome Island,Snapper Point,Transect ,4,30 m,SBT,Scarus rivulatus,20-25,1
12/02/2023,,,Fantome Island,Snapper Point,Transect ,4,30 m,SBT,Siganus puellus,15-20,1
12/02/2023,,,Fantome Island,Snapper Point,Transect ,4,30 m,SBT,Scolopsis bilineata,15-20,1
12/02/2023,,,Fantome Island,Snapper Point,Transect ,4,30 m,SBT,Anampses caeruleopunctatus,20-25,1
12/02/2023,,,Fantome Island,Snapper Point,Transect ,4,30 m,SBT,Thalassoma lunare,15-20,1
12/02/2023,,,Fantome Island,Snapper Point,Transect ,4,30 m,SBT,Scarus rivulatus,30-35,1
12/02/2023,,,Fantome Island,Snapper Point,Point,1,Instant,SBT,Chlorurus spilurus,20-25,1
12/02/2023,,,Fantome Island,Snapper Point,Point,1,Instant,SBT,Kyphosus cinerascens,20-25,1
12/02/2023,,,Fantome Island,Snapper Point,Point,1,Instant,SBT,Scarus globiceps,15-20,1
12/02/2023,,,Fantome Island,Snapper Point,Point,1,Instant,SBT,Scarus rivulatus,25-30,1
12/02/2023,,,Fantome Island,Snapper Point,Point,1,Instant,SBT,Scarus rivulatus,10--15,30
12/02/2023,,,Fantome Island,Snapper Point,Point,1,Instant,SBT,Hemigymnus melapterus,10--15,1
12/02/2023,,,Fantome Island,Snapper Point,Point,1,Instant,SBT,Epibulus insidiator,10--15,
12/02/2023,,,Fantome Island,Snapper Point,Point,1,10 mins,SBT,Chlorurus spilurus,20-25,3
12/02/2023,,,Fantome Island,Snapper Point,Point,1,10 mins,SBT,Scarus rivulatus,10--15,10
12/02/2023,,,Fantome Island,Snapper Point,Point,1,10 mins,SBT,Hemigymnus melapterus,10--15,1
12/02/2023,,,Fantome Island,Snapper Point,Point,1,10 mins,SBT,Scarus rivulatus,15-20,25
12/02/2023,,,Fantome Island,Snapper Point,Point,1,10 mins,SBT,Siganus corallinus,20-25,2
12/02/2023,,,Fantome Island,Snapper Point,Point,1,10 mins,SBT,Thalassoma lunare,10--15,1
12/02/2023,,,Fantome Island,Snapper Point,Point,1,10 mins,SBT,Siganus doliatus,15-20,2
12/02/2023,,,Fantome Island,Snapper Point,Point,1,10 mins,SBT,Chaetodon melannotus,10--15,2
12/02/2023,,,Fantome Island,Snapper Point,Point,1,10 mins,SBT,Scarus rivulatus,20-25,1
12/02/2023,,,Fantome Island,Snapper Point,Point,1,10 mins,SBT,Chaetodon lunulatus,10--15,3
12/02/2023,,,Fantome Island,Snapper Point,Point,1,10 mins,SBT,Chlorurus spilurus,10--15,5
12/02/2023,,,Fantome Island,Snapper Point,Point,1,10 mins,SBT,Chlorurus spilurus,15-20,9
12/02/2023,,,Fantome Island,Snapper Point,Point,1,10 mins,SBT,Chaetodon rafflesi,15-20,2
12/02/2023,,,Fantome Island,Snapper Point,Point,1,10 mins,SBT,Scarus frenatus,25-30,1
12/02/2023,,,Fantome Island,Snapper Point,Point,1,10 mins,SBT,Scarus schlegeli,15-20,1
12/02/2023,,,Fantome Island,Snapper Point,Point,1,10 mins,SBT,Thalassoma hardwicke,10--15,1
12/02/2023,,,Fantome Island,Snapper Point,Point,1,10 mins,SBT,Thalassoma lunare,15-20,1
12/02/2023,,,Fantome Island,Snapper Point,Point,1,10 mins,SBT,Naso unicornis,20-25,1
12/02/2023,,,Fantome Island,Snapper Point,Point,1,10 mins,SBT,Epibulus insidiator,20-25,1
12/02/2023,,,Fantome Island,Snapper Point,Point,1,10 mins,SBT,Hemigymnus melapterus,15-20,1
12/02/2023,,,Fantome Island,Snapper Point,Point,1,10 mins,SBT,Scarus chameleon,20-25,1
12/02/2023,,,Fantome Island,Snapper Point,Point,1,10 mins,SBT,Siganus puellus,20-25,1
12/02/2023,,,Fantome Island,Snapper Point,Point,1,10 mins,SBT,Lethrinus harak,20-25,1
12/02/2023,,,Fantome Island,Snapper Point,Point,2,Instant,SBT,Scolopsis lineata,15-20,1
12/02/2023,,,Fantome Island,Snapper Point,Point,2,Instant,SBT,Lutjanus carponotatus,25-30,1
12/02/2023,,,Fantome Island,Snapper Point,Point,2,Instant,SBT,Scolopsis lineata,15-20,4
12/02/2023,,,Fantome Island,Snapper Point,Point,2,Instant,SBT,Thalassoma hardwicke,10--15,1
12/02/2023,,,Fantome Island,Snapper Point,Point,2,Instant,SBT,Scolopsis lineata,20-25,1
12/02/2023,,,Fantome Island,Snapper Point,Point,2,10 mins,SBT,Scolopsis lineata,15-20,1
12/02/2023,,,Fantome Island,Snapper Point,Point,2,10 mins,SBT,Lutjanus carponotatus,25-30,1
12/02/2023,,,Fantome Island,Snapper Point,Point,2,10 mins,SBT,Scolopsis lineata,15-20,6
12/02/2023,,,Fantome Island,Snapper Point,Point,2,10 mins,SBT,Siganus corallinus,15-20,1
12/02/2023,,,Fantome Island,Snapper Point,Point,2,10 mins,SBT,Scarus frenatus,25-30,1
12/02/2023,,,Fantome Island,Snapper Point,Point,2,10 mins,SBT,Lutjanus vitta,20-25,2
12/02/2023,,,Fantome Island,Snapper Point,Point,2,10 mins,SBT,Chaetodon aureofasciatus,10--15,2
12/02/2023,,,Fantome Island,Snapper Point,Point,2,10 mins,SBT,Siganus doliatus,10--15,1
12/02/2023,,,Fantome Island,Snapper Point,Point,2,10 mins,SBT,Thalassoma hardwicke,20-25,1
12/02/2023,,,Fantome Island,Snapper Point,Point,2,10 mins,SBT,Lutjanus vitta,10--15,1
12/02/2023,,,Fantome Island,Snapper Point,Point,2,10 mins,SBT,Lutjanus carponotatus,20-25,1
12/02/2023,,,Fantome Island,Snapper Point,Point,2,10 mins,SBT,Chaetodon melannotus,10--15,3
12/02/2023,,,Fantome Island,Snapper Point,Point,2,10 mins,SBT,Halichoeres melanurus,10--15,1
12/02/2023,,,Fantome Island,Snapper Point,Point,2,10 mins,SBT,Siganus corallinus,10--15,1
12/02/2023,,,Fantome Island,Snapper Point,Point,2,10 mins,SBT,Scarus globiceps,20-25,1
12/02/2023,,,Fantome Island,Snapper Point,Point,2,10 mins,SBT,Epibulus insidiator,15-20,3
12/02/2023,,,Fantome Island,Snapper Point,Point,2,10 mins,SBT,Chaetodon rainfordi,10--15,1
12/02/2023,,,Fantome Island,Snapper Point,Point,2,10 mins,SBT,Kyphosus cinerascens,20-25,1
12/02/2023,,,Fantome Island,Snapper Point,Point,2,10 mins,SBT,Lutjanus vitta,15-20,6
12/02/2023,,,Fantome Island,Snapper Point,Point,2,10 mins,SBT,Epibulus insidiator,10--15,1
12/02/2023,,,Fantome Island,Snapper Point,Point,2,10 mins,SBT,Thalassoma hardwicke,10--15,1
12/02/2023,,,Fantome Island,Snapper Point,Point,2,10 mins,SBT,Thalassoma hardwicke,15-20,1
12/02/2023,,,Fantome Island,Snapper Point,Point,2,10 mins,SBT,Chaetodon lunulatus,15-20,1
12/02/2023,,,Fantome Island,Snapper Point,Point,3,Instant,SBT,Kyphosus cinerascens,35-40,4
12/02/2023,,,Fantome Island,Snapper Point,Point,3,Instant,SBT,Thalassoma nigrofasciatum,20-25,1
12/02/2023,,,Fantome Island,Snapper Point,Point,3,Instant,SBT,Chlorurus spilurus,10--15,2
12/02/2023,,,Fantome Island,Snapper Point,Point,3,Instant,SBT,Cheilinus fasciatus,15-20,1
12/02/2023,,,Fantome Island,Snapper Point,Point,3,Instant,SBT,Anampses caeruleopunctatus,20-25,1
12/02/2023,,,Fantome Island,Snapper Point,Point,3,10 mins,SBT,Kyphosus cinerascens,35-40,2
12/02/2023,,,Fantome Island,Snapper Point,Point,3,10 mins,SBT,Anampses caeruleopunctatus,20-25,1
12/02/2023,,,Fantome Island,Snapper Point,Point,3,10 mins,SBT,Lutjanus vitta,20-25,4
12/02/2023,,,Fantome Island,Snapper Point,Point,3,10 mins,SBT,Hemigymnus melapterus,20-25,1
12/02/2023,,,Fantome Island,Snapper Point,Point,3,10 mins,SBT,Kyphosus cinerascens,25-30,3
12/02/2023,,,Fantome Island,Snapper Point,Point,3,10 mins,SBT,Thalassoma lunare,10--15,6
12/02/2023,,,Fantome Island,Snapper Point,Point,3,10 mins,SBT,Lutjanus vitta,15-20,1
12/02/2023,,,Fantome Island,Snapper Point,Point,3,10 mins,SBT,Labrichthys unilineatus,15-20,3
12/02/2023,,,Fantome Island,Snapper Point,Point,3,10 mins,SBT,Kyphosus cinerascens,20-25,2
12/02/2023,,,Fantome Island,Snapper Point,Point,3,10 mins,SBT,Epibulus insidiator,15-20,2
12/02/2023,,,Fantome Island,Snapper Point,Point,3,10 mins,SBT,Pomacanthus sexstriatus,30-35,1
12/02/2023,,,Fantome Island,Snapper Point,Point,3,10 mins,SBT,Chaetodon rafflesi,10--15,3
12/02/2023,,,Fantome Island,Snapper Point,Point,3,10 mins,SBT,Labrichthys unilineatus,10--15,1
12/02/2023,,,Fantome Island,Snapper Point,Point,3,10 mins,SBT,Epibulus insidiator,20-25,1
12/02/2023,,,Fantome Island,Snapper Point,Point,3,10 mins,SBT,Thalassoma lunare,15-20,2
12/02/2023,,,Fantome Island,Snapper Point,Point,3,10 mins,SBT,Chlorurus microrhinos,40-45,1
12/02/2023,,,Fantome Island,Snapper Point,Point,3,10 mins,SBT,Acanthurus sp. ,30-35,1
12/02/2023,,,Fantome Island,Snapper Point,Point,3,10 mins,SBT,Chaetodon trifascialis,10--15,2
12/02/2023,,,Fantome Island,Snapper Point,Point,3,10 mins,SBT,Epibulus insidiator,10--15,1
12/02/2023,,,Fantome Island,Snapper Point,Point,3,10 mins,SBT,Thalassoma lunare,20-25,1
12/02/2023,,,Fantome Island,Snapper Point,Point,3,10 mins,SBT,Chaetodon lunulatus,10--15,2
12/02/2023,,,Fantome Island,Snapper Point,Point,3,10 mins,SBT,Anampses neoguinaicus,15-20,1
12/02/2023,,,Fantome Island,Snapper Point,Point,3,10 mins,SBT,Platax batavianus,40-45,1
12/02/2023,,,Fantome Island,Snapper Point,Point,3,10 mins,SBT,Chlorurus microrhinos,45-40,2
12/02/2023,,,Fantome Island,Snapper Point,Point,3,10 mins,SBT,Scarus rivulatus,20-25,1
12/02/2023,,,Fantome Island,Snapper Point,Point,4,Instant,SBT,Scarus chameleon,20-25,1
12/02/2023,,,Fantome Island,Snapper Point,Point,4,Instant,SBT,Thalassoma lunare,15-20,2
12/02/2023,,,Fantome Island,Snapper Point,Point,4,Instant,SBT,Lutjanus vitta,15-20,1
12/02/2023,,,Fantome Island,Snapper Point,Point,4,Instant,SBT,Siganus lineatus,30-35,3
12/02/2023,,,Fantome Island,Snapper Point,Point,4,Instant,SBT,Fistularis sp.,40-45,4
12/02/2023,,,Fantome Island,Snapper Point,Point,4,Instant,SBT,Scolopsis margaritifera,20-25,2
12/02/2023,,,Fantome Island,Snapper Point,Point,4,10 mins,SBT,Thalassoma lunare,15-20,2
12/02/2023,,,Fantome Island,Snapper Point,Point,4,10 mins,SBT,Lutjanus vitta,15-20,3
12/02/2023,,,Fantome Island,Snapper Point,Point,4,10 mins,SBT,Labrichthys unilineatus,15-20,3
12/02/2023,,,Fantome Island,Snapper Point,Point,4,10 mins,SBT,Thalassoma lunare,10--15,5
12/02/2023,,,Fantome Island,Snapper Point,Point,4,10 mins,SBT,Halichoeres marginatus,10--15,3
12/02/2023,,,Fantome Island,Snapper Point,Point,4,10 mins,SBT,Chlorurus spilurus,10--15,2
12/02/2023,,,Fantome Island,Snapper Point,Point,4,10 mins,SBT,Chaetodon aureofasciatus,10--15,1
12/02/2023,,,Fantome Island,Snapper Point,Point,4,10 mins,SBT,Scolopsis bilineata,10--15,2
12/02/2023,,,Fantome Island,Snapper Point,Point,4,10 mins,SBT,Halichoeres melanurus,10--15,1
12/02/2023,,,Fantome Island,Snapper Point,Point,4,10 mins,SBT,Halichoeres marginatus,15-20,1
12/02/2023,,,Fantome Island,Snapper Point,Point,4,10 mins,SBT,Anampses neoguinaicus,15-20,1
12/02/2023,,,Fantome Island,Snapper Point,Point,4,10 mins,SBT,Pomacanthus sexstriatus,20-25,1
12/02/2023,,,Fantome Island,Snapper Point,Point,4,10 mins,SBT,Chaetodon baronessa,10--15,1
12/02/2023,,,Fantome Island,Snapper Point,Point,4,10 mins,SBT,Oxycheilinus diagramma,20-25,1
12/02/2023,,,Fantome Island,Snapper Point,Point,4,10 mins,SBT,Anampses neoguinaicus,20-25,1
12/02/2023,,,Fantome Island,Snapper Point,Point,4,10 mins,SBT,Scarus globiceps,20-25,1
12/02/2023,,,Fantome Island,Snapper Point,Point,4,10 mins,SBT,Scolopsis bilineata,15-20,1
12/02/2023,,,Fantome Island,Snapper Point,Point,4,10 mins,SBT,Epibulus insidiator,10--15,1
12/02/2023,,,Fantome Island,Snapper Point,Point,4,10 mins,SBT,Scarus globiceps,15-20,1
12/02/2023,,,Fantome Island,Snapper Point,Point,4,10 mins,SBT,Epibulus insidiator,15-20,2
12/02/2023,,,Fantome Island,Snapper Point,Point,4,10 mins,SBT,Oxycheilinus diagramma,10--15,1
12/02/2023,,,Fantome Island,Snapper Point,Point,4,10 mins,SBT,Chlorurus microrhinos,20-25,1
12/02/2023,,,Fantome Island,Snapper Point,Point,4,10 mins,SBT,Cheilinus trilobatus,20-25,1
12/02/2023,,,Fantome Island,Snapper Point,Point,4,10 mins,SBT,Lutjanus fulviflamma,20-25,1
12/02/2023,,,Fantome Island,Snapper Point,Point,4,10 mins,SBT,Cheilinus fasciatus,20-25,1
13/02/2023,,,Fantome Island,Snapper Point,Transect ,1,20 m,SBT,Lutjanus carponotatus,10--15,1
13/02/2023,,,Fantome Island,Snapper Point,Transect ,1,20 m,SBT,Scarus psittacus,10--15,4
13/02/2023,,,Fantome Island,Snapper Point,Transect ,1,20 m,SBT,Scarus rivulatus,15-20,2
13/02/2023,,,Fantome Island,Snapper Point,Transect ,1,20 m,SBT,Scarus rivulatus,20-25,2
13/02/2023,,,Fantome Island,Snapper Point,Transect ,1,20 m,SBT,Scolopsis bilineata,10--15,1
13/02/2023,,,Fantome Island,Snapper Point,Transect ,1,20 m,SBT,Hemigymnus fasciatus,20-25,1
13/02/2023,,,Fantome Island,Snapper Point,Transect ,1,20 m,SBT,Anampses geographicus,15-20,1
13/02/2023,,,Fantome Island,Snapper Point,Transect ,1,20 m,SBT,Lutjanus vitta,20-25,3
13/02/2023,,,Fantome Island,Snapper Point,Transect ,1,30 m,SBT,Scarus rivulatus,15-20,6
13/02/2023,,,Fantome Island,Snapper Point,Transect ,1,30 m,SBT,Scarus rivulatus,20-25,2
13/02/2023,,,Fantome Island,Snapper Point,Transect ,1,30 m,SBT,Scarus rivulatus,10--15,1
13/02/2023,,,Fantome Island,Snapper Point,Transect ,1,30 m,SBT,Anampses neoguinaicus,15-20,1
13/02/2023,,,Fantome Island,Snapper Point,Transect ,1,30 m,SBT,Anampses caeruleopunctatus,15-20,1
13/02/2023,,,Fantome Island,Snapper Point,Transect ,1,30 m,SBT,Scolopsis lineata,10--15,6
13/02/2023,,,Fantome Island,Snapper Point,Transect ,1,30 m,SBT,Scolopsis lineata,15-20,15
13/02/2023,,,Fantome Island,Snapper Point,Transect ,1,30 m,SBT,Siganus doliatus,15-20,1
13/02/2023,,,Fantome Island,Snapper Point,Transect ,1,30 m,SBT,Cheilinus trilobatus,20-25,1
13/02/2023,,,Fantome Island,Snapper Point,Transect ,1,30 m,SBT,Chaetodon aureofasciatus,10--15,1
13/02/2023,,,Fantome Island,Snapper Point,Transect ,1,30 m,SBT,Scarus rivulatus,25-30,1
13/02/2023,,,Fantome Island,Snapper Point,Transect ,1,30 m,SBT,Lutjanus vitta,15-20,1
13/02/2023,,,Fantome Island,Snapper Point,Transect ,1,30 m,SBT,Chlorurus spilurus,15-20,1
13/02/2023,,,Fantome Island,Snapper Point,Transect ,2,20 m,SBT,Scarus rivulatus,15-20,14
13/02/2023,,,Fantome Island,Snapper Point,Transect ,2,20 m,SBT,Thalassoma hardwicke,15-20,2
13/02/2023,,,Fantome Island,Snapper Point,Transect ,2,20 m,SBT,Chlorurus spilurus,10--15,1
13/02/2023,,,Fantome Island,Snapper Point,Transect ,2,20 m,SBT,Anampses geographicus,10--15,1
13/02/2023,,,Fantome Island,Snapper Point,Transect ,2,20 m,SBT,Anampses neoguinaicus,10--15,1
13/02/2023,,,Fantome Island,Snapper Point,Transect ,2,20 m,SBT,Thalassoma hardwicke,10--15,1
13/02/2023,,,Fantome Island,Snapper Point,Transect ,2,30 m,SBT,Lutjanus carponotatus,25-30,2
13/02/2023,,,Fantome Island,Snapper Point,Transect ,2,30 m,SBT,Chaetodon aureofasciatus,10--15,1
13/02/2023,,,Fantome Island,Snapper Point,Transect ,2,30 m,SBT,Halichoeres melanurus,10--15,1
13/02/2023,,,Fantome Island,Snapper Point,Transect ,2,30 m,SBT,Scarus rivulatus,20-25,2
13/02/2023,,,Fantome Island,Snapper Point,Transect ,2,30 m,SBT,Cheilinus chlorurus,10--15,1
13/02/2023,,,Fantome Island,Snapper Point,Transect ,2,30 m,SBT,Hemigymnus melapterus,10--15,1
13/02/2023,,,Fantome Island,Snapper Point,Transect ,2,30 m,SBT,Scarus frenatus,25-30,1
13/02/2023,,,Fantome Island,Snapper Point,Transect ,2,30 m,SBT,Scolopsis lineata,15-20,19
13/02/2023,,,Fantome Island,Snapper Point,Transect ,2,30 m,SBT,Anampses neoguinaicus,15-20,1
13/02/2023,,,Fantome Island,Snapper Point,Transect ,2,30 m,SBT,Epibulus insidiator,10--15,1
13/02/2023,,,Fantome Island,Snapper Point,Transect ,2,30 m,SBT,Chlorurus microrhinos,40-45,1
13/02/2023,,,Fantome Island,Snapper Point,Transect ,3,20 m,SBT,Scolopsis lineata,15-20,7
13/02/2023,,,Fantome Island,Snapper Point,Transect ,3,20 m,SBT,Scarus rivulatus,10--15,2
13/02/2023,,,Fantome Island,Snapper Point,Transect ,3,20 m,SBT,Scarus globiceps,20-25,1
13/02/2023,,,Fantome Island,Snapper Point,Transect ,3,20 m,SBT,Chlorurus spilurus,25-30,1
13/02/2023,,,Fantome Island,Snapper Point,Transect ,3,20 m,SBT,Chaetodon lineolatus,10--15,1
13/02/2023,,,Fantome Island,Snapper Point,Transect ,3,20 m,SBT,Cheilinus fasciatus,15-20,1
13/02/2023,,,Fantome Island,Snapper Point,Transect ,3,30 m,SBT,Scarus rivulatus,10--15,18
13/02/2023,,,Fantome Island,Snapper Point,Transect ,3,30 m,SBT,Choerodon graphicus,30-35,1
13/02/2023,,,Fantome Island,Snapper Point,Transect ,3,30 m,SBT,Scarus rivulatus,20-25,3
13/02/2023,,,Fantome Island,Snapper Point,Transect ,3,30 m,SBT,Lutjanus carponotatus,10--15,1
13/02/2023,,,Fantome Island,Snapper Point,Transect ,3,30 m,SBT,Stethojulis strigiventer,10--15,1
13/02/2023,,,Fantome Island,Snapper Point,Transect ,3,30 m,SBT,Chaetodon aureofasciatus,10--15,1
13/02/2023,,,Fantome Island,Snapper Point,Transect ,3,30 m,SBT,Halichoeres marginatus,10--15,1
13/02/2023,,,Fantome Island,Snapper Point,Transect ,3,30 m,SBT,Chlorurus spilurus,10--15,7
13/02/2023,,,Fantome Island,Snapper Point,Transect ,3,30 m,SBT,Hemigymnus melapterus,10--15,2
13/02/2023,,,Fantome Island,Snapper Point,Transect ,3,30 m,SBT,Cheilinus chlorurus,10--15,1
13/02/2023,,,Fantome Island,Snapper Point,Transect ,3,30 m,SBT,Siganus doliatus,20-25,1
13/02/2023,,,Fantome Island,Snapper Point,Transect ,3,30 m,SBT,Scarus rivulatus,15-20,2
13/02/2023,,,Fantome Island,Snapper Point,Transect ,3,30 m,SBT,Cheilinus fasciatus,10--15,1
13/02/2023,,,Fantome Island,Snapper Point,Transect ,3,30 m,SBT,Cheilinus fasciatus,20-25,1
13/02/2023,,,Fantome Island,Snapper Point,Transect ,3,30 m,SBT,Chlorurus spilurus,15-20,1
13/02/2023,,,Fantome Island,Snapper Point,Transect ,4,20 m,SBT,Anampses caeruleopunctatus,15-20,1
13/02/2023,,,Fantome Island,Snapper Point,Transect ,4,20 m,SBT,Scolopsis lineata,20-25,1
13/02/2023,,,Fantome Island,Snapper Point,Transect ,4,20 m,SBT,Scolopsis lineata,15-20,5
13/02/2023,,,Fantome Island,Snapper Point,Transect ,4,20 m,SBT,Scarus chameleon,20-25,1
13/02/2023,,,Fantome Island,Snapper Point,Transect ,4,20 m,SBT,Cheilinus fasciatus,10--15,1
13/02/2023,,,Fantome Island,Snapper Point,Transect ,4,20 m,SBT,Cephalopholis cyanostigma,15-20,1
13/02/2023,,,Fantome Island,Snapper Point,Transect ,4,20 m,SBT,Chaetodon melannotus,10--15,2
13/02/2023,,,Fantome Island,Snapper Point,Transect ,4,20 m,SBT,Lutjanus vitta,20-25,3
13/02/2023,,,Fantome Island,Snapper Point,Transect ,4,20 m,SBT,Scarus frenatus,20-25,1
13/02/2023,,,Fantome Island,Snapper Point,Transect ,4,20 m,SBT,Chlorurus spilurus,20-25,1
13/02/2023,,,Fantome Island,Snapper Point,Transect ,4,20 m,SBT,Siganus doliatus,15-20,1
13/02/2023,,,Fantome Island,Snapper Point,Transect ,4,30 m,SBT,Scolopsis lineata,15-20,3
13/02/2023,,,Fantome Island,Snapper Point,Transect ,4,30 m,SBT,Siganus doliatus,15-20,5
13/02/2023,,,Fantome Island,Snapper Point,Transect ,4,30 m,SBT,Scarus rivulatus,10--15,13
13/02/2023,,,Fantome Island,Snapper Point,Transect ,4,30 m,SBT,Scolopsis bilineata,15-20,2
13/02/2023,,,Fantome Island,Snapper Point,Transect ,4,30 m,SBT,Scarus rivulatus,20-25,2
13/02/2023,,,Fantome Island,Snapper Point,Transect ,4,30 m,SBT,Scarus rivulatus,15-20,3
13/02/2023,,,Fantome Island,Snapper Point,Transect ,4,30 m,SBT,Chlorurus spilurus,10--15,4
13/02/2023,,,Fantome Island,Snapper Point,Transect ,4,30 m,SBT,Chaetodon lunulatus,10--15,2
13/02/2023,,,Fantome Island,Snapper Point,Transect ,4,30 m,SBT,Scarus rivulatus,25-30,1
13/02/2023,,,Fantome Island,Snapper Point,Transect ,4,30 m,SBT,Scarus ghobban,15-20,1
13/02/2023,,,Fantome Island,Snapper Point,Transect ,4,30 m,SBT,Epibulus insidiator,15-20,1
13/02/2023,,,Fantome Island,Snapper Point,Transect ,4,30 m,SBT,Hemigymnus melapterus,15-20,1
13/02/2023,,,Fantome Island,Snapper Point,Transect ,4,30 m,SBT,Siganus doliatus,10--15,1
13/02/2023,,,Fantome Island,Snapper Point,Transect ,1,20 m,SKC,Scarus rivulatus,15-20,3
13/02/2023,,,Fantome Island,Snapper Point,Transect ,1,20 m,SKC,Scarus rivulatus,10--15,3
13/02/2023,,,Fantome Island,Snapper Point,Transect ,1,20 m,SKC,Lutjanus vitta,10--15,20
13/02/2023,,,Fantome Island,Snapper Point,Transect ,1,20 m,SKC,Lutjanus vitta,15-20,3
13/02/2023,,,Fantome Island,Snapper Point,Transect ,1,20 m,SKC,Siganus doliatus,15-20,3
13/02/2023,,,Fantome Island,Snapper Point,Transect ,1,20 m,SKC,Chaetodon baronessa,10--15,1
13/02/2023,,,Fantome Island,Snapper Point,Transect ,1,20 m,SKC,Chaetodon vagabundus,10--15,1
13/02/2023,,,Fantome Island,Snapper Point,Transect ,1,30 m,SKC,Scarus rivulatus,15-20,1
13/02/2023,,,Fantome Island,Snapper Point,Transect ,1,30 m,SKC,Lutjanus vitta,10--15,10
13/02/2023,,,Fantome Island,Snapper Point,Transect ,1,30 m,SKC,Chlorurus microrhinos,35-40,4
13/02/2023,,,Fantome Island,Snapper Point,Transect ,1,30 m,SKC,Lutjanus carponotatus,15-20,2
13/02/2023,,,Fantome Island,Snapper Point,Transect ,1,30 m,SKC,Chaetodon aureofasciatus,10--15,1
13/02/2023,,,Fantome Island,Snapper Point,Transect ,1,30 m,SKC,Scolopsis bilineata,15-20,1
13/02/2023,,,Fantome Island,Snapper Point,Transect ,1,30 m,SKC,Chlorurus microrhinos,20-25,1
13/02/2023,,,Fantome Island,Snapper Point,Transect ,1,30 m,SKC,Scolopsis lineata,15-20,4
13/02/2023,,,Fantome Island,Snapper Point,Transect ,1,30 m,SKC,Chaetodon melannotus,15-20,1
13/02/2023,,,Fantome Island,Snapper Point,Transect ,1,30 m,SKC,Pomacanthus sexstriatus,15-20,1
13/02/2023,,,Fantome Island,Snapper Point,Transect ,2,20 m,SKC,Thalassoma hardwicke,10--15,1
13/02/2023,,,Fantome Island,Snapper Point,Transect ,2,20 m,SKC,Anampses neoguinaicus,15-20,3
13/02/2023,,,Fantome Island,Snapper Point,Transect ,2,20 m,SKC,Lutjanus carponotatus,10--15,1
13/02/2023,,,Fantome Island,Snapper Point,Transect ,2,20 m,SKC,Cheilinus chlorurus,10--15,1
13/02/2023,,,Fantome Island,Snapper Point,Transect ,2,20 m,SKC,Lutjanus vitta,15-20,3
13/02/2023,,,Fantome Island,Snapper Point,Transect ,2,20 m,SKC,Siganus doliatus,15-20,2
13/02/2023,,,Fantome Island,Snapper Point,Transect ,2,20 m,SKC,Labrichthys unilineatus,10--15,1
13/02/2023,,,Fantome Island,Snapper Point,Transect ,2,20 m,SKC,Scolopsis lineata,15-20,3
13/02/2023,,,Fantome Island,Snapper Point,Transect ,2,20 m,SKC,Siganus lineatus,25-30,1
13/02/2023,,,Fantome Island,Snapper Point,Transect ,2,20 m,SKC,Siganus corallinus,15-20,2
13/02/2023,,,Fantome Island,Snapper Point,Transect ,2,20 m,SKC,Anampses neoguinaicus,10--15,3
13/02/2023,,,Fantome Island,Snapper Point,Transect ,2,20 m,SKC,Thalassoma lunare,10--15,1
13/02/2023,,,Fantome Island,Snapper Point,Transect ,2,30 m,SKC,Anampses neoguinaicus,15-20,1
13/02/2023,,,Fantome Island,Snapper Point,Transect ,2,30 m,SKC,Scolopsis lineata,15-20,8
13/02/2023,,,Fantome Island,Snapper Point,Transect ,2,30 m,SKC,Siganus lineatus,25-30,2
13/02/2023,,,Fantome Island,Snapper Point,Transect ,2,30 m,SKC,Chaetodon melannotus,10--15,4
13/02/2023,,,Fantome Island,Snapper Point,Transect ,2,30 m,SKC,Scarus rivulatus,15-20,3
13/02/2023,,,Fantome Island,Snapper Point,Transect ,2,30 m,SKC,Chaetodon aureofasciatus,10--15,3
13/02/2023,,,Fantome Island,Snapper Point,Transect ,2,30 m,SKC,Siganus doliatus,15-20,4
13/02/2023,,,Fantome Island,Snapper Point,Transect ,2,30 m,SKC,Pomacanthus sexstriatus,20-25,1
13/02/2023,,,Fantome Island,Snapper Point,Transect ,2,30 m,SKC,Scarus rivulatus,10--15,1
13/02/2023,,,Fantome Island,Snapper Point,Transect ,2,30 m,SKC,Chlorurus spilurus,20-25,1
13/02/2023,,,Fantome Island,Snapper Point,Transect ,2,30 m,SKC,Chaetodon lunulatus,10--15,1
13/02/2023,,,Fantome Island,Snapper Point,Transect ,2,30 m,SKC,Choerodon fasciatus,15-20,1
13/02/2023,,,Fantome Island,Snapper Point,Transect ,2,30 m,SKC,Chlorurus microrhinos,20-25,1
13/02/2023,,,Fantome Island,Snapper Point,Transect ,2,30 m,SKC,Cheilinus chlorurus,10--15,1
13/02/2023,,,Fantome Island,Snapper Point,Point,1,Instant,SKC,Lutjanus carponotatus,25-30,2
13/02/2023,,,Fantome Island,Snapper Point,Point,1,Instant,SKC,Lutjanus vitta,15-20,2
13/02/2023,,,Fantome Island,Snapper Point,Point,1,Instant,SKC,Scarus rivulatus,15-20,5
13/02/2023,,,Fantome Island,Snapper Point,Point,1,Instant,SKC,Scarus rivulatus,10--15,1
13/02/2023,,,Fantome Island,Snapper Point,Point,1,10 mins,SKC,Lutjanus carponotatus,25-30,3
13/02/2023,,,Fantome Island,Snapper Point,Point,1,10 mins,SKC,Lutjanus vitta,15-20,7
13/02/2023,,,Fantome Island,Snapper Point,Point,1,10 mins,SKC,Scarus rivulatus,15-20,7
13/02/2023,,,Fantome Island,Snapper Point,Point,1,10 mins,SKC,Scarus rivulatus,10--15,6
13/02/2023,,,Fantome Island,Snapper Point,Point,1,10 mins,SKC,Scarus rivulatus,20-25,3
13/02/2023,,,Fantome Island,Snapper Point,Point,1,10 mins,SKC,Hemigymnus melapterus,15-20,1
13/02/2023,,,Fantome Island,Snapper Point,Point,1,10 mins,SKC,Chaetodon lunulatus,10--15,2
13/02/2023,,,Fantome Island,Snapper Point,Point,1,10 mins,SKC,Chaetodon lineolatus,10--15,2
13/02/2023,,,Fantome Island,Snapper Point,Point,1,10 mins,SKC,Chaetodon rafflesi,10--15,1
13/02/2023,,,Fantome Island,Snapper Point,Point,1,10 mins,SKC,Plectorhinchus flavomaculatus,35-40,1
13/02/2023,,,Fantome Island,Snapper Point,Point,1,10 mins,SKC,Chaetodon baronessa,10--15,4
13/02/2023,,,Fantome Island,Snapper Point,Point,1,10 mins,SKC,Chaetodon melannotus,10--15,10
13/02/2023,,,Fantome Island,Snapper Point,Point,1,10 mins,SKC,Cephalopholis cyanostigma,20-25,1
13/02/2023,,,Fantome Island,Snapper Point,Point,1,10 mins,SKC,Siganus doliatus,15-20,6
13/02/2023,,,Fantome Island,Snapper Point,Point,1,10 mins,SKC,Thalassoma lunare,10--15,1
13/02/2023,,,Fantome Island,Snapper Point,Point,2,Instant,SKC,Scolopsis bilineata,15-20,1
13/02/2023,,,Fantome Island,Snapper Point,Point,2,Instant,SKC,Plectropomus maculatus,45-50,1
13/02/2023,,,Fantome Island,Snapper Point,Point,2,Instant,SKC,Lutjanus fulviflamma,15-20,10
13/02/2023,,,Fantome Island,Snapper Point,Point,2,Instant,SKC,Chaetodon melannotus,10--15,1
13/02/2023,,,Fantome Island,Snapper Point,Point,2,Instant,SKC,Chaetodon rainfordi,10--15,1
13/02/2023,,,Fantome Island,Snapper Point,Point,2,Instant,SKC,Lutjanus vitta,15-20,2
13/02/2023,,,Fantome Island,Snapper Point,Point,2,Instant,SKC,Chaetodon aureofasciatus,10--15,3
13/02/2023,,,Fantome Island,Snapper Point,Point,2,Instant,SKC,Scarus rivulatus,10--15,10
13/02/2023,,,Fantome Island,Snapper Point,Point,2,Instant,SKC,Scarus rivulatus,15-20,1
13/02/2023,,,Fantome Island,Snapper Point,Point,2,Instant,SKC,Scarus rivulatus,20-25,4
13/02/2023,,,Fantome Island,Snapper Point,Point,2,Instant,SKC,Siganus doliatus,10--15,2
13/02/2023,,,Fantome Island,Snapper Point,Point,2,Instant,SKC,Chaetodon lunulatus,10--15,2
13/02/2023,,,Fantome Island,Snapper Point,Point,2,10 mins,SKC,Plectropomus maculatus,45-50,1
13/02/2023,,,Fantome Island,Snapper Point,Point,2,10 mins,SKC,Lutjanus fulviflamma,15-20,18
13/02/2023,,,Fantome Island,Snapper Point,Point,2,10 mins,SKC,Chaetodon melannotus,10--15,1
13/02/2023,,,Fantome Island,Snapper Point,Point,2,10 mins,SKC,Lutjanus vitta,15-20,5
13/02/2023,,,Fantome Island,Snapper Point,Point,2,10 mins,SKC,Chaetodon aureofasciatus,10--15,3
13/02/2023,,,Fantome Island,Snapper Point,Point,2,10 mins,SKC,Scarus rivulatus,10--15,27
13/02/2023,,,Fantome Island,Snapper Point,Point,2,10 mins,SKC,Scarus rivulatus,15-20,6
13/02/2023,,,Fantome Island,Snapper Point,Point,2,10 mins,SKC,Acanthurus sp. ,15-20,6
13/02/2023,,,Fantome Island,Snapper Point,Point,2,10 mins,SKC,Acanthurus lineatus,15-20,1
13/02/2023,,,Fantome Island,Snapper Point,Point,2,10 mins,SKC,Lutjanus carponotatus,15-20,1
13/02/2023,,,Fantome Island,Snapper Point,Point,2,10 mins,SKC,Scarus ghobban,10--15,1
13/02/2023,,,Fantome Island,Snapper Point,Point,2,10 mins,SKC,Lutjanus fulvus,20-25,1
13/02/2023,,,Fantome Island,Snapper Point,Point,2,10 mins,SKC,Thalassoma lunare,10--15,1
13/02/2023,,,Fantome Island,Snapper Point,Point,2,10 mins,SKC,Hemigymnus melapterus,25-30,1
13/02/2023,,,Fantome Island,Snapper Point,Point,2,10 mins,SKC,Scolopsis bilineata,10--15,1
13/02/2023,,,Fantome Island,Snapper Point,Point,2,10 mins,SKC,Chaetodon lineolatus,10--15,1
13/02/2023,,,Fantome Island,Snapper Point,Point,2,10 mins,SKC,Chaetodon baronessa,10--15,4
13/02/2023,,,Fantome Island,Snapper Point,Point,2,10 mins,SKC,Kyphosus cinerascens,15-20,3
13/02/2023,,,Fantome Island,Snapper Point,Point,2,10 mins,SKC,Hemigymnus melapterus,10--15,2
13/02/2023,,,Fantome Island,Snapper Point,Point,2,10 mins,SKC,Anampses neoguinaicus,10--15,1
13/02/2023,,,Fantome Island,Snapper Point,Point,1,Instant,SBT,Labrichthys unilineatus,15-20,1
13/02/2023,,,Fantome Island,Snapper Point,Point,1,Instant,SBT,Scarus ghobban,20-25,1
13/02/2023,,,Fantome Island,Snapper Point,Point,1,Instant,SBT,Lutjanus vitta,20-25,1
13/02/2023,,,Fantome Island,Snapper Point,Point,1,Instant,SBT,Siganus lineatus,30-35,1
13/02/2023,,,Fantome Island,Snapper Point,Point,1,Instant,SBT,Choerodon fasciatus,20-25,1
13/02/2023,,,Fantome Island,Snapper Point,Point,1,Instant,SBT,Labrichthys unilineatus,10--15,1
13/02/2023,,,Fantome Island,Snapper Point,Point,1,10 mins,SBT,Lutjanus vitta,20-25,1
13/02/2023,,,Fantome Island,Snapper Point,Point,1,10 mins,SBT,Choerodon fasciatus,20-25,1
13/02/2023,,,Fantome Island,Snapper Point,Point,1,10 mins,SBT,Lutjanus sebae,20-25,1
13/02/2023,,,Fantome Island,Snapper Point,Point,1,10 mins,SBT,Chaetodon melannotus,10--15,1
13/02/2023,,,Fantome Island,Snapper Point,Point,1,10 mins,SBT,Thalassoma lunare,10--15,3
13/02/2023,,,Fantome Island,Snapper Point,Point,1,10 mins,SBT,Siganus puellus,15-20,1
13/02/2023,,,Fantome Island,Snapper Point,Point,1,10 mins,SBT,Scarus rivulatus,10--15,6
13/02/2023,,,Fantome Island,Snapper Point,Point,1,10 mins,SBT,Acanthurus sp. ,25-30,4
13/02/2023,,,Fantome Island,Snapper Point,Point,1,10 mins,SBT,Chlorurus spilurus,10--15,1
13/02/2023,,,Fantome Island,Snapper Point,Point,1,10 mins,SBT,Hemigymnus melapterus,15-20,1
13/02/2023,,,Fantome Island,Snapper Point,Point,1,10 mins,SBT,Scarus rivulatus,15-20,9
13/02/2023,,,Fantome Island,Snapper Point,Point,1,10 mins,SBT,Lutjanus carponotatus,25-30,1
13/02/2023,,,Fantome Island,Snapper Point,Point,1,10 mins,SBT,Plectropomus maculatus,40-45,1
13/02/2023,,,Fantome Island,Snapper Point,Point,1,10 mins,SBT,Thalassoma lunare,15-20,2
13/02/2023,,,Fantome Island,Snapper Point,Point,1,10 mins,SBT,Chlorurus spilurus,15-20,1
13/02/2023,,,Fantome Island,Snapper Point,Point,1,10 mins,SBT,Chaetodon speculum,10--15,1
13/02/2023,,,Fantome Island,Snapper Point,Point,1,10 mins,SBT,Chaetodon lineolatus,10--15,1
13/02/2023,,,Fantome Island,Snapper Point,Point,1,10 mins,SBT,Pomacanthus sexstriatus,30-35,1
13/02/2023,,,Fantome Island,Snapper Point,Point,1,10 mins,SBT,Hemigymnus melapterus,10--15,1
13/02/2023,,,Fantome Island,Snapper Point,Point,1,10 mins,SBT,Scarus rivulatus,20-25,6
13/02/2023,,,Fantome Island,Snapper Point,Point,1,10 mins,SBT,Cephalopholis cyanostigma,15-20,1
13/02/2023,,,Fantome Island,Snapper Point,Point,2,Instant,SBT,Scarus rivulatus,25-30,1
13/02/2023,,,Fantome Island,Snapper Point,Point,2,Instant,SBT,Siganus lineatus,20-25,10
13/02/2023,,,Fantome Island,Snapper Point,Point,2,Instant,SBT,Siganus lineatus,30-35,25
13/02/2023,,,Fantome Island,Snapper Point,Point,2,Instant,SBT,Siganus lineatus,25-30,25
13/02/2023,,,Fantome Island,Snapper Point,Point,2,10 mins,SBT,Scarus rivulatus,15-20,25
13/02/2023,,,Fantome Island,Snapper Point,Point,2,10 mins,SBT,Siganus doliatus,20-25,7
13/02/2023,,,Fantome Island,Snapper Point,Point,2,10 mins,SBT,Chlorurus spilurus,25-30,1
13/02/2023,,,Fantome Island,Snapper Point,Point,2,10 mins,SBT,Siganus corallinus,15-20,2
13/02/2023,,,Fantome Island,Snapper Point,Point,2,10 mins,SBT,Scarus ghobban,15-20,1
13/02/2023,,,Fantome Island,Snapper Point,Point,2,10 mins,SBT,Hemigymnus melapterus,15-20,1
13/02/2023,,,Fantome Island,Snapper Point,Point,2,10 mins,SBT,Thalassoma lunare,15-20,4
13/02/2023,,,Fantome Island,Snapper Point,Point,2,10 mins,SBT,Scarus psittacus,15-20,1
13/02/2023,,,Fantome Island,Snapper Point,Point,2,10 mins,SBT,Scarus rivulatus,20-25,21
13/02/2023,,,Fantome Island,Snapper Point,Point,2,10 mins,SBT,Scolopsis bilineata,15-20,1
13/02/2023,,,Fantome Island,Snapper Point,Point,2,10 mins,SBT,Thalassoma lunare,10--15,3
13/02/2023,,,Fantome Island,Snapper Point,Point,2,10 mins,SBT,Scarus globiceps,15-20,1
13/02/2023,,,Fantome Island,Snapper Point,Point,2,10 mins,SBT,Cheilinus fasciatus,20-25,1
13/02/2023,,,Fantome Island,Snapper Point,Point,2,10 mins,SBT,Lutjanus fulviflamma,20-25,1
13/02/2023,,,Fantome Island,Snapper Point,Point,2,10 mins,SBT,Chlorurus spilurus,30-35,1
13/02/2023,,,Fantome Island,Snapper Point,Point,2,10 mins,SBT,Platax teira,25-30,2
13/02/2023,,,Fantome Island,Snapper Point,Point,2,10 mins,SBT,Chlorurus spilurus,10--15,1
13/02/2023,,,Fantome Island,Snapper Point,Point,2,10 mins,SBT,Stethojulis strigiventer,10--15,1
13/02/2023,,,Fantome Island,Snapper Point,Point,2,10 mins,SBT,Pomacanthus sexstriatus,30-35,1
13/02/2023,,,Fantome Island,Snapper Point,Point,3,Instant,SBT,Lutjanus carponotatus,10--15,1
13/02/2023,,,Fantome Island,Snapper Point,Point,3,Instant,SBT,Lutjanus fulviflamma,20-25,1
13/02/2023,,,Fantome Island,Snapper Point,Point,3,Instant,SBT,Pomacanthus semicirculatus,25-30,1
13/02/2023,,,Fantome Island,Snapper Point,Point,3,Instant,SBT,Cheilinus chlorurus,10--15,1
13/02/2023,,,Fantome Island,Snapper Point,Point,3,Instant,SBT,Chaetodon melannotus,10--15,1
13/02/2023,,,Fantome Island,Snapper Point,Point,3,Instant,SBT,Thalassoma lunare,10--15,1
13/02/2023,,,Fantome Island,Snapper Point,Point,3,Instant,SBT,Scolopsis bilineata,15-20,1
13/02/2023,,,Fantome Island,Snapper Point,Point,3,10 mins,SBT,Lutjanus carponotatus,10--15,1
13/02/2023,,,Fantome Island,Snapper Point,Point,3,10 mins,SBT,Lutjanus fulviflamma,20-25,5
13/02/2023,,,Fantome Island,Snapper Point,Point,3,10 mins,SBT,Pomacanthus semicirculatus,25-30,1
13/02/2023,,,Fantome Island,Snapper Point,Point,3,10 mins,SBT,Cheilinus chlorurus,10--15,2
13/02/2023,,,Fantome Island,Snapper Point,Point,3,10 mins,SBT,Thalassoma lunare,10--15,3
13/02/2023,,,Fantome Island,Snapper Point,Point,3,10 mins,SBT,Chaetodon aureofasciatus,10--15,1
13/02/2023,,,Fantome Island,Snapper Point,Point,3,10 mins,SBT,Lutjanus monostigma,20-25,1
13/02/2023,,,Fantome Island,Snapper Point,Point,3,10 mins,SBT,Chaetodon rainfordi,10--15,1
13/02/2023,,,Fantome Island,Snapper Point,Point,3,10 mins,SBT,Scolopsis bilineata,20-25,1
13/02/2023,,,Fantome Island,Snapper Point,Point,3,10 mins,SBT,Lutjanus vitta,20-25,2
13/02/2023,,,Fantome Island,Snapper Point,Point,3,10 mins,SBT,Cephalopholis cyanostigma,15-20,1
13/02/2023,,,Fantome Island,Snapper Point,Point,3,10 mins,SBT,Chaetodon vagabundus,10--15,1
13/02/2023,,,Fantome Island,Snapper Point,Point,3,10 mins,SBT,Scarus rivulatus,20-25,3
13/02/2023,,,Fantome Island,Snapper Point,Point,3,10 mins,SBT,Labrichthys unilineatus,10--15,1
13/02/2023,,,Fantome Island,Snapper Point,Point,3,10 mins,SBT,Siganus lineatus,30-35,1
13/02/2023,,,Fantome Island,Snapper Point,Point,3,10 mins,SBT,Scolopsis lineata,15-20,13
13/02/2023,,,Fantome Island,Snapper Point,Point,3,10 mins,SBT,Epibulus insidiator,10--15,1
13/02/2023,,,Fantome Island,Snapper Point,Point,3,10 mins,SBT,Chlorurus microrhinos,35-40,1
13/02/2023,,,Fantome Island,Snapper Point,Point,3,10 mins,SBT,Kyphosus cinerascens,20-25,1
13/02/2023,,,Fantome Island,Snapper Point,Point,3,10 mins,SBT,Lutjanus carponotatus,25-30,1
13/02/2023,,,Fantome Island,Snapper Point,Point,3,10 mins,SBT,Chlorurus spilurus,25-30,1
13/02/2023,,,Fantome Island,Snapper Point,Point,3,10 mins,SBT,Scarus altipinnis,25-30,3
13/02/2023,,,Fantome Island,Snapper Point,Point,3,10 mins,SBT,Epibulus insidiator,15-20,1
13/02/2023,,,Fantome Island,Snapper Point,Point,4,Instant,SBT,Thalassoma hardwicke,10--15,1
13/02/2023,,,Fantome Island,Snapper Point,Point,4,Instant,SBT,Scolopsis lineata,15-20,1
13/02/2023,,,Fantome Island,Snapper Point,Point,4,Instant,SBT,Chaetodon melannotus,15-20,1
13/02/2023,,,Fantome Island,Snapper Point,Point,4,Instant,SBT,Labrichthys unilineatus,10--15,2
13/02/2023,,,Fantome Island,Snapper Point,Point,4,10 mins,SBT,Scarus rivulatus,20-25,1
13/02/2023,,,Fantome Island,Snapper Point,Point,4,10 mins,SBT,Thalassoma hardwicke,10--15,2
13/02/2023,,,Fantome Island,Snapper Point,Point,4,10 mins,SBT,Scolopsis lineata,15-20,10
13/02/2023,,,Fantome Island,Snapper Point,Point,4,10 mins,SBT,Labrichthys unilineatus,10--15,1
13/02/2023,,,Fantome Island,Snapper Point,Point,4,10 mins,SBT,Scarus rivulatus,15-20,7
13/02/2023,,,Fantome Island,Snapper Point,Point,4,10 mins,SBT,Oxycheilinus diagramma,10--15,1
13/02/2023,,,Fantome Island,Snapper Point,Point,4,10 mins,SBT,Chaetodon rainfordi,10--15,1
13/02/2023,,,Fantome Island,Snapper Point,Point,4,10 mins,SBT,Chaetodon aureofasciatus,10--15,1
13/02/2023,,,Fantome Island,Snapper Point,Point,4,10 mins,SBT,Siganus puellus,15-20,1
13/02/2023,,,Fantome Island,Snapper Point,Point,4,10 mins,SBT,Hemigymnus melapterus,10--15,1
13/02/2023,,,Fantome Island,Snapper Point,Point,4,10 mins,SBT,Lutjanus carponotatus,15-20,1
13/02/2023,,,Fantome Island,Snapper Point,Point,4,10 mins,SBT,Thalassoma lunare,15-20,1
13/02/2023,,,Fantome Island,Snapper Point,Point,4,10 mins,SBT,Chlorurus spilurus,15-20,1
13/02/2023,,,Fantome Island,Snapper Point,Point,4,10 mins,SBT,Lutjanus vitta,15-20,1
13/02/2023,,,Fantome Island,Snapper Point,Point,4,10 mins,SBT,Thalassoma lunare,10--15,1
13/02/2023,,,Fantome Island,Snapper Point,Point,4,10 mins,SBT,Lutjanus carponotatus,20-25,1
13/02/2023,,,Fantome Island,Snapper Point,Point,4,10 mins,SBT,Lutjanus fulviflamma,20-25,1
13/02/2023,,,Fantome Island,Snapper Point,Transect ,1,20 m,ACS,Scarus rivulatus,25-30,5
13/02/2023,,,Fantome Island,Snapper Point,Transect ,1,20 m,ACS,Chaetodon plebius,10--15,1
13/02/2023,,,Fantome Island,Snapper Point,Transect ,1,20 m,ACS,Chaetodon melannotus,10--15,1
13/02/2023,,,Fantome Island,Snapper Point,Transect ,1,20 m,ACS,Chaetodon aureofasciatus,10--15,8
13/02/2023,,,Fantome Island,Snapper Point,Transect ,1,20 m,ACS,Thalassoma lunare,15-20,1
13/02/2023,,,Fantome Island,Snapper Point,Transect ,1,20 m,ACS,Thalassoma hardwicke,15-20,1
13/02/2023,,,Fantome Island,Snapper Point,Transect ,1,20 m,ACS,Chaetodon melannotus,15-20,2
13/02/2023,,,Fantome Island,Snapper Point,Transect ,1,20 m,ACS,Scarus rivulatus,20-25,2
13/02/2023,,,Fantome Island,Snapper Point,Transect ,1,20 m,ACS,Siganus doliatus,20-25,1
13/02/2023,,,Fantome Island,Snapper Point,Transect ,1,20 m,ACS,Lutjanus vitta,25-30,2
13/02/2023,,,Fantome Island,Snapper Point,Transect ,1,20 m,ACS,Scolopsis bilineata,20-25,1
13/02/2023,,,Fantome Island,Snapper Point,Transect ,1,30 m,ACS,Chaetodon melannotus,15-20,1
13/02/2023,,,Fantome Island,Snapper Point,Transect ,1,30 m,ACS,Scolopsis lineata,20-25,8
13/02/2023,,,Fantome Island,Snapper Point,Transect ,1,30 m,ACS,Chaetodon trifascialis,10--15,1
13/02/2023,,,Fantome Island,Snapper Point,Transect ,1,30 m,ACS,Chaetodon baronessa,10--15,3
13/02/2023,,,Fantome Island,Snapper Point,Transect ,1,30 m,ACS,Chlorurus spilurus,20-25,1
13/02/2023,,,Fantome Island,Snapper Point,Transect ,1,30 m,ACS,Chaetodon melannotus,15-20,1
13/02/2023,,,Fantome Island,Snapper Point,Transect ,1,30 m,ACS,Siganus puellus,30-35,2
13/02/2023,,,Fantome Island,Snapper Point,Transect ,1,30 m,ACS,Cheilinus fasciatus,25-30,1
13/02/2023,,,Fantome Island,Snapper Point,Transect ,1,30 m,ACS,Chaetodon lunulatus,10--15,2
13/02/2023,,,Fantome Island,Snapper Point,Transect ,1,30 m,ACS,Pomacanthus sexstriatus,30-35,1
13/02/2023,,,Fantome Island,Snapper Point,Transect ,1,30 m,ACS,Chaetodon plebius,10--15,1
13/02/2023,,,Fantome Island,Snapper Point,Transect ,1,30 m,ACS,Chaetodon aureofasciatus,10--15,1
13/02/2023,,,Fantome Island,Snapper Point,Transect ,1,30 m,ACS,Chaetodon speculum,10--15,1
13/02/2023,,,Fantome Island,Snapper Point,Transect ,1,30 m,ACS,Lutjanus vitta,20-25,12
13/02/2023,,,Fantome Island,Snapper Point,Transect ,1,30 m,ACS,Thalassoma lunare,15-20,1
13/02/2023,,,Fantome Island,Snapper Point,Transect ,1,30 m,ACS,Pomacanthus sexstriatus,35-40,1
13/02/2023,,,Fantome Island,Snapper Point,Transect ,2,20 m,ACS,Anampses caeruleopunctatus,20-25,1
13/02/2023,,,Fantome Island,Snapper Point,Transect ,2,20 m,ACS,Kyphosus cinerascens,20-25,1
13/02/2023,,,Fantome Island,Snapper Point,Transect ,2,20 m,ACS,Chaetodon lunulatus,10--15,1
13/02/2023,,,Fantome Island,Snapper Point,Transect ,2,20 m,ACS,Halichoeres marginatus,10--15,2
13/02/2023,,,Fantome Island,Snapper Point,Transect ,2,20 m,ACS,Siganus doliatus,25-30,2
13/02/2023,,,Fantome Island,Snapper Point,Transect ,2,20 m,ACS,Chaetodon auriga,10--15,5
13/02/2023,,,Fantome Island,Snapper Point,Transect ,2,20 m,ACS,Siganus lineatus,25-30,1
13/02/2023,,,Fantome Island,Snapper Point,Transect ,2,20 m,ACS,Siganus punctatus,20-25,1
13/02/2023,,,Fantome Island,Snapper Point,Transect ,2,20 m,ACS,Anampses caeruleopunctatus,20-25,1
13/02/2023,,,Fantome Island,Snapper Point,Transect ,2,20 m,ACS,Scarus rivulatus,20-25,1
13/02/2023,,,Fantome Island,Snapper Point,Transect ,2,20 m,ACS,Thalassoma lunare,10--15,2
13/02/2023,,,Fantome Island,Snapper Point,Transect ,2,20 m,ACS,Lutjanus carponotatus,10--15,1
13/02/2023,,,Fantome Island,Snapper Point,Transect ,2,20 m,ACS,Scarus rivulatus,35-40,1
13/02/2023,,,Fantome Island,Snapper Point,Transect ,2,20 m,ACS,Chlorurus spilurus,20-25,1
13/02/2023,,,Fantome Island,Snapper Point,Transect ,2,30 m,ACS,Scolopsis lineata,25-30,2
13/02/2023,,,Fantome Island,Snapper Point,Transect ,2,30 m,ACS,Chaetodon aureofasciatus,10--15,8
13/02/2023,,,Fantome Island,Snapper Point,Transect ,2,30 m,ACS,Siganus doliatus,20-25,4
13/02/2023,,,Fantome Island,Snapper Point,Transect ,2,30 m,ACS,Chlorurus microrhinos,40-45,1
13/02/2023,,,Fantome Island,Snapper Point,Transect ,2,30 m,ACS,Chaetodon lineolatus,10--15,3
13/02/2023,,,Fantome Island,Snapper Point,Transect ,2,30 m,ACS,Chaetodon plebius,10--15,2
13/02/2023,,,Fantome Island,Snapper Point,Transect ,2,30 m,ACS,Anampses neoguinaicus,15-20,1
13/02/2023,,,Fantome Island,Snapper Point,Transect ,2,30 m,ACS,Hemigymnus melapterus,20-25,4
13/02/2023,,,Fantome Island,Snapper Point,Transect ,2,30 m,ACS,Thalassoma lunare,10--15,2
13/02/2023,,,Fantome Island,Snapper Point,Transect ,2,30 m,ACS,Scolopsis lineata,20-25,2
13/02/2023,,,Fantome Island,Snapper Point,Transect ,2,30 m,ACS,Chaetodon melannotus,15-20,2
13/02/2023,,,Fantome Island,Snapper Point,Transect ,2,30 m,ACS,Scolopsis bilineata,20-25,1
13/02/2023,,,Fantome Island,Snapper Point,Transect ,2,30 m,ACS,Chaetodon aureofasciatus,10--15,1
13/02/2023,,,Fantome Island,Snapper Point,Transect ,3,20 m,ACS,Scarus rivulatus,20-25,7
13/02/2023,,,Fantome Island,Snapper Point,Transect ,3,20 m,ACS,Thalassoma lunare,10--15,3
13/02/2023,,,Fantome Island,Snapper Point,Transect ,3,20 m,ACS,Cephalopholis cyanostigma,10--15,1
13/02/2023,,,Fantome Island,Snapper Point,Transect ,3,20 m,ACS,Chaetodon aureofasciatus,10--15,4
13/02/2023,,,Fantome Island,Snapper Point,Transect ,3,20 m,ACS,Anampses caeruleopunctatus,15-20,1
13/02/2023,,,Fantome Island,Snapper Point,Transect ,3,20 m,ACS,Hemigymnus melapterus,10--15,1
13/02/2023,,,Fantome Island,Snapper Point,Transect ,3,20 m,ACS,Scolopsis lineata,20-25,5
13/02/2023,,,Fantome Island,Snapper Point,Transect ,3,20 m,ACS,Stethojulis bandanensis,10--15,1
13/02/2023,,,Fantome Island,Snapper Point,Transect ,3,20 m,ACS,Anampses geographicus,10--15,1
13/02/2023,,,Fantome Island,Snapper Point,Transect ,3,20 m,ACS,Scolopsis bilineata,20-25,1
13/02/2023,,,Fantome Island,Snapper Point,Transect ,3,20 m,ACS,Chlorurus spilurus,15-20,2
13/02/2023,,,Fantome Island,Snapper Point,Transect ,3,20 m,ACS,Siganus doliatus,15-20,1
13/02/2023,,,Fantome Island,Snapper Point,Transect ,3,20 m,ACS,Halichoeres marginatus,10--15,1
13/02/2023,,,Fantome Island,Snapper Point,Transect ,3,30 m,ACS,Scarus rivulatus,15-20,5
13/02/2023,,,Fantome Island,Snapper Point,Transect ,3,30 m,ACS,Lutjanus fulviflamma,20-25,4
13/02/2023,,,Fantome Island,Snapper Point,Transect ,3,30 m,ACS,Siganus argenteus,15-20,2
13/02/2023,,,Fantome Island,Snapper Point,Transect ,3,30 m,ACS,Siganus doliatus,15-20,1
13/02/2023,,,Fantome Island,Snapper Point,Transect ,3,30 m,ACS,Chaetodon aureofasciatus,10--15,2
13/02/2023,,,Fantome Island,Snapper Point,Transect ,3,30 m,ACS,Scarus rivulatus,10--15,5
13/02/2023,,,Fantome Island,Snapper Point,Transect ,3,30 m,ACS,Hemigymnus melapterus,15-20,4
13/02/2023,,,Fantome Island,Snapper Point,Transect ,3,30 m,ACS,Lethrinus harak,15-20,17
13/02/2023,,,Fantome Island,Snapper Point,Transect ,3,30 m,ACS,Scolopsis bilineata,15-20,2
13/02/2023,,,Fantome Island,Snapper Point,Transect ,3,30 m,ACS,Cheilinus chlorurus,10--15,1
13/02/2023,,,Fantome Island,Snapper Point,Transect ,3,30 m,ACS,Chlorurus spilurus,15-20,1
13/02/2023,,,Fantome Island,Snapper Point,Transect ,3,30 m,ACS,Chaetodon aureofasciatus,10--15,2
13/02/2023,,,Fantome Island,Snapper Point,Transect ,3,30 m,ACS,Chaetodon lineolatus,10--15,1
13/02/2023,,,Fantome Island,Snapper Point,Transect ,4,20 m,ACS,Chaetodon aureofasciatus,10--15,6
13/02/2023,,,Fantome Island,Snapper Point,Transect ,4,20 m,ACS,Labrichthys unilineatus,15-20,1
13/02/2023,,,Fantome Island,Snapper Point,Transect ,4,20 m,ACS,Scarus ghobban,25-30,1
13/02/2023,,,Fantome Island,Snapper Point,Transect ,4,20 m,ACS,Chlorurus microrhinos,30-35,5
13/02/2023,,,Fantome Island,Snapper Point,Transect ,4,20 m,ACS,Chaetodon melannotus,10--15,1
13/02/2023,,,Fantome Island,Snapper Point,Transect ,4,20 m,ACS,Chaetodon lineolatus,10--15,1
13/02/2023,,,Fantome Island,Snapper Point,Transect ,4,20 m,ACS,Pomacanthus sexstriatus,30-35,1
13/02/2023,,,Fantome Island,Snapper Point,Transect ,4,20 m,ACS,Chlorurus spilurus,25-30,1
13/02/2023,,,Fantome Island,Snapper Point,Transect ,4,20 m,ACS,Chlorurus microrhinos,40-45,1
13/02/2023,,,Fantome Island,Snapper Point,Transect ,4,20 m,ACS,Lutjanus fulviflamma,25-30,1
13/02/2023,,,Fantome Island,Snapper Point,Transect ,4,20 m,ACS,Lutjanus vitta,25-30,2
13/02/2023,,,Fantome Island,Snapper Point,Transect ,4,20 m,ACS,Scarus rivulatus,20-25,22
13/02/2023,,,Fantome Island,Snapper Point,Transect ,4,20 m,ACS,Thalassoma lunare,10--15,2
13/02/2023,,,Fantome Island,Snapper Point,Transect ,4,20 m,ACS,Scolopsis margaritifera,25-30,1
13/02/2023,,,Fantome Island,Snapper Point,Transect ,4,30 m,ACS,Siganus doliatus,20-25,13
13/02/2023,,,Fantome Island,Snapper Point,Transect ,4,30 m,ACS,Scarus rivulatus,20-25,5
13/02/2023,,,Fantome Island,Snapper Point,Transect ,4,30 m,ACS,Naso unicornis,50-55,1
13/02/2023,,,Fantome Island,Snapper Point,Transect ,4,30 m,ACS,Chaetodon aureofasciatus,10--15,5
13/02/2023,,,Fantome Island,Snapper Point,Transect ,4,30 m,ACS,Chaetodon lineolatus,10--15,1
13/02/2023,,,Fantome Island,Snapper Point,Transect ,4,30 m,ACS,Scarus ghobban,15-20,1
13/02/2023,,,Fantome Island,Snapper Point,Transect ,4,30 m,ACS,Scolopsis lineata,25-30,2
13/02/2023,,,Fantome Island,Snapper Point,Transect ,4,30 m,ACS,Cheilinus fasciatus,20-25,2
13/02/2023,,,Fantome Island,Snapper Point,Transect ,4,30 m,ACS,Halichoeres marginatus,15-20,1
13/02/2023,,,Fantome Island,Snapper Point,Transect ,4,30 m,ACS,Chlorurus spilurus,10--15,1
13/02/2023,,,Fantome Island,Snapper Point,Transect ,4,30 m,ACS,Hemigymnus melapterus,20-25,1
13/02/2023,,,Fantome Island,Snapper Point,Transect ,4,30 m,ACS,Chaetodon lineolatus,15-20,1
13/02/2023,,,Fantome Island,Snapper Point,Point,1,Instant,ACS,Thalassoma lunare,20-25,1
13/02/2023,,,Fantome Island,Snapper Point,Point,1,Instant,ACS,Scarus niger,25-30,1
13/02/2023,,,Fantome Island,Snapper Point,Point,1,Instant,ACS,Chaetodon aureofasciatus,10--15,1
13/02/2023,,,Fantome Island,Snapper Point,Point,1,Instant,ACS,Gomphosus varius,10--15,1
13/02/2023,,,Fantome Island,Snapper Point,Point,1,10 mins,ACS,Chaetodon aureofasciatus,10--15,6
13/02/2023,,,Fantome Island,Snapper Point,Point,1,10 mins,ACS,Thalassoma hardwicke,10--15,2
13/02/2023,,,Fantome Island,Snapper Point,Point,1,10 mins,ACS,Thalassoma lunare,10--15,4
13/02/2023,,,Fantome Island,Snapper Point,Point,1,10 mins,ACS,Chaetodon speculum,10--15,1
13/02/2023,,,Fantome Island,Snapper Point,Point,1,10 mins,ACS,Anampses caeruleopunctatus,25-30,1
13/02/2023,,,Fantome Island,Snapper Point,Point,1,10 mins,ACS,Chaetodon aureofasciatus,10--15,2
13/02/2023,,,Fantome Island,Snapper Point,Point,1,10 mins,ACS,Scarus rivulatus,10--15,2
13/02/2023,,,Fantome Island,Snapper Point,Point,1,10 mins,ACS,Thalassoma lunare,15-20,1
13/02/2023,,,Fantome Island,Snapper Point,Point,1,10 mins,ACS,Anampses geographicus,10--15,1
13/02/2023,,,Fantome Island,Snapper Point,Point,1,10 mins,ACS,Thalassoma lunare,20-25,1
13/02/2023,,,Fantome Island,Snapper Point,Point,1,10 mins,ACS,Thalassoma hardwicke,20-25,1
13/02/2023,,,Fantome Island,Snapper Point,Point,2,Instant,ACS,Hemigymnus melapterus,30-35,1
13/02/2023,,,Fantome Island,Snapper Point,Point,2,Instant,ACS,Thalassoma lunare,15-20,1
13/02/2023,,,Fantome Island,Snapper Point,Point,2,Instant,ACS,Scarus rivulatus,15-20,1
13/02/2023,,,Fantome Island,Snapper Point,Point,2,Instant,ACS,Chaetodon lunulatus,15-20,1
13/02/2023,,,Fantome Island,Snapper Point,Point,2,Instant,ACS,Chaetodon aureofasciatus,10--15,1
13/02/2023,,,Fantome Island,Snapper Point,Point,2,Instant,ACS,Chaetodon plebius,10--15,2
13/02/2023,,,Fantome Island,Snapper Point,Point,2,Instant,ACS,Chaetodon aureofasciatus,10--15,1
13/02/2023,,,Fantome Island,Snapper Point,Point,2,Instant,ACS,Lutjanus vitta,20-25,5
13/02/2023,,,Fantome Island,Snapper Point,Point,2,Instant,ACS,Scolopsis lineata,20-25,1
13/02/2023,,,Fantome Island,Snapper Point,Point,2,Instant,ACS,Thalassoma lunare,10--15,2
13/02/2023,,,Fantome Island,Snapper Point,Point,2,10 mins,ACS,Chaetodon plebius,10--15,4
13/02/2023,,,Fantome Island,Snapper Point,Point,2,10 mins,ACS,Scolopsis margaritifera,20-25,1
13/02/2023,,,Fantome Island,Snapper Point,Point,2,10 mins,ACS,Thalassoma lunare,20-25,1
13/02/2023,,,Fantome Island,Snapper Point,Point,2,10 mins,ACS,Scarus flavipectoralis,20-25,1
13/02/2023,,,Fantome Island,Snapper Point,Point,2,10 mins,ACS,Thalassoma lunare,10--15,5
13/02/2023,,,Fantome Island,Snapper Point,Point,2,10 mins,ACS,Thalassoma hardwicke,15-20,2
13/02/2023,,,Fantome Island,Snapper Point,Point,2,10 mins,ACS,Chaetodon melannotus,10--15,1
13/02/2023,,,Fantome Island,Snapper Point,Point,2,10 mins,ACS,Scolopsis lineata,20-25,1
13/02/2023,,,Fantome Island,Snapper Point,Point,2,10 mins,ACS,Chaetodon aureofasciatus,10--15,5
13/02/2023,,,Fantome Island,Snapper Point,Point,2,10 mins,ACS,Cheilinus chlorurus,10--15,1
13/02/2023,,,Fantome Island,Snapper Point,Point,2,10 mins,ACS,Thalassoma lunare,15-20,2
13/02/2023,,,Fantome Island,Snapper Point,Point,2,10 mins,ACS,Chaetodon lunulatus,10--15,1
13/02/2023,,,Fantome Island,Snapper Point,Point,2,10 mins,ACS,Anampses geographicus,20-25,1
13/02/2023,,,Fantome Island,Snapper Point,Point,2,10 mins,ACS,Lutjanus vitta,25-30,7
13/02/2023,,,Fantome Island,Snapper Point,Point,2,10 mins,ACS,Oxycheilinus diagramma,20-25,1
13/02/2023,,,Fantome Island,Snapper Point,Point,3,Instant,ACS,Thalassoma lunare,10--15,3
13/02/2023,,,Fantome Island,Snapper Point,Point,3,Instant,ACS,Thalassoma lunare,15-20,1
13/02/2023,,,Fantome Island,Snapper Point,Point,3,Instant,ACS,Lutjanus fulviflamma,20-25,5
13/02/2023,,,Fantome Island,Snapper Point,Point,3,Instant,ACS,Anampses geographicus,20-25,1
13/02/2023,,,Fantome Island,Snapper Point,Point,3,10 mins,ACS,Anampses geographicus,20-25,1
13/02/2023,,,Fantome Island,Snapper Point,Point,3,10 mins,ACS,Thalassoma lunare,15-20,1
13/02/2023,,,Fantome Island,Snapper Point,Point,3,10 mins,ACS,Thalassoma lunare,10--15,4
13/02/2023,,,Fantome Island,Snapper Point,Point,3,10 mins,ACS,Chelmon rostratus,15-20,1
13/02/2023,,,Fantome Island,Snapper Point,Point,3,10 mins,ACS,Scarus rivulatus,25-30,67
13/02/2023,,,Fantome Island,Snapper Point,Point,3,10 mins,ACS,Siganus doliatus,25-30,2
13/02/2023,,,Fantome Island,Snapper Point,Point,3,10 mins,ACS,Cephalopholis cyanostigma,15-20,1
13/02/2023,,,Fantome Island,Snapper Point,Point,3,10 mins,ACS,Chaetodon melannotus,15-20,1
13/02/2023,,,Fantome Island,Snapper Point,Point,3,10 mins,ACS,Chaetodon aureofasciatus,10--15,1
13/02/2023,,,Fantome Island,Snapper Point,Point,3,10 mins,ACS,Stethojulis bandanensis,10--15,1
13/02/2023,,,Fantome Island,Snapper Point,Point,4,Instant,ACS,Chaetodon aureofasciatus,10--15,3
13/02/2023,,,Fantome Island,Snapper Point,Point,4,Instant,ACS,Labroides dimidiatus,10--15,1
13/02/2023,,,Fantome Island,Snapper Point,Point,4,Instant,ACS,Scarus rivulatus,10--15,1
13/02/2023,,,Fantome Island,Snapper Point,Point,4,Instant,ACS,Thalassoma lunare,10--15,3
13/02/2023,,,Fantome Island,Snapper Point,Point,4,Instant,ACS,Chaetodon lunulatus,10--15,2
13/02/2023,,,Fantome Island,Snapper Point,Point,4,10 mins,ACS,Chaetodon aureofasciatus,10--15,7
13/02/2023,,,Fantome Island,Snapper Point,Point,4,10 mins,ACS,Labroides dimidiatus,10--15,2
13/02/2023,,,Fantome Island,Snapper Point,Point,4,10 mins,ACS,Anampses geographicus,15-20,1
13/02/2023,,,Fantome Island,Snapper Point,Point,4,10 mins,ACS,Stethojulis bandanensis,10--15,1
13/02/2023,,,Fantome Island,Snapper Point,Point,4,10 mins,ACS,Chaetodon melannotus,10--15,1
13/02/2023,,,Fantome Island,Snapper Point,Point,4,10 mins,ACS,Cheilinus chlorurus,10--15,2
13/02/2023,,,Fantome Island,Snapper Point,Point,4,10 mins,ACS,Thalassoma lunare,10--15,2
13/02/2023,,,Fantome Island,Snapper Point,Point,4,10 mins,ACS,Halichoeres chloropterus,10--15,2
13/02/2023,,,Fantome Island,Snapper Point,Point,4,10 mins,ACS,Hemigymnus melapterus,15-20,1
13/02/2023,,,Fantome Island,Snapper Point,Point,4,10 mins,ACS,Labrichthys unilineatus,15-20,1
13/02/2023,,,Fantome Island,Snapper Point,Point,4,10 mins,ACS,Chaetodon lineolatus,10--15,1
13/02/2023,,,Fantome Island,Snapper Point,Point,4,10 mins,ACS,Lutjanus vitta,20-25,1
13/02/2023,,,Fantome Island,Snapper Point,Point,4,10 mins,ACS,Lutjanus fulviflamma,20-25,2
14/02/2023,,,Fantome Island,Snapper Point,Point,1,Instant,SBT,Lutjanus vitta,15-20,3
14/02/2023,,,Fantome Island,Snapper Point,Point,1,Instant,SBT,Hemigymnus fasciatus,10--15,1
14/02/2023,,,Fantome Island,Snapper Point,Point,1,Instant,SBT,Thalassoma lunare,15-20,2
14/02/2023,,,Fantome Island,Snapper Point,Point,1,Instant,SBT,Scarus rivulatus,15-20,1
14/02/2023,,,Fantome Island,Snapper Point,Point,1,Instant,SBT,Scolopsis lineata,15-20,1
14/02/2023,,,Fantome Island,Snapper Point,Point,1,Instant,SBT,Scarus rivulatus,10--15,1
14/02/2023,,,Fantome Island,Snapper Point,Point,1,Instant,SBT,Cheilinus trilobatus,20-25,1
14/02/2023,,,Fantome Island,Snapper Point,Point,1,10 mins,SBT,Lutjanus carponotatus,15-20,2
14/02/2023,,,Fantome Island,Snapper Point,Point,1,10 mins,SBT,Lutjanus vitta,15-20,8
14/02/2023,,,Fantome Island,Snapper Point,Point,1,10 mins,SBT,Thalassoma lunare,15-20,2
14/02/2023,,,Fantome Island,Snapper Point,Point,1,10 mins,SBT,Scarus rivulatus,15-20,4
14/02/2023,,,Fantome Island,Snapper Point,Point,1,10 mins,SBT,Scolopsis lineata,15-20,2
14/02/2023,,,Fantome Island,Snapper Point,Point,1,10 mins,SBT,Scarus rivulatus,10--15,3
14/02/2023,,,Fantome Island,Snapper Point,Point,1,10 mins,SBT,Cheilinus trilobatus,20-25,1
14/02/2023,,,Fantome Island,Snapper Point,Point,1,10 mins,SBT,Thalassoma hardwicke,15-20,1
14/02/2023,,,Fantome Island,Snapper Point,Point,1,10 mins,SBT,Cheilinus trilobatus,15-20,1
14/02/2023,,,Fantome Island,Snapper Point,Point,1,10 mins,SBT,Chlorurus spilurus,10--15,2
14/02/2023,,,Fantome Island,Snapper Point,Point,1,10 mins,SBT,Chaetodon plebius,10--15,1
14/02/2023,,,Fantome Island,Snapper Point,Point,1,10 mins,SBT,Thalassoma lunare,20-25,1
14/02/2023,,,Fantome Island,Snapper Point,Point,1,10 mins,SBT,Scarus rivulatus,20-25,3
14/02/2023,,,Fantome Island,Snapper Point,Point,1,10 mins,SBT,Thalassoma lunare,10--15,1
14/02/2023,,,Fantome Island,Snapper Point,Point,1,10 mins,SBT,Cephalopholis cyanostigma,10--15,1
14/02/2023,,,Fantome Island,Snapper Point,Point,1,10 mins,SBT,Scarus flavipectoralis,20-25,1
14/02/2023,,,Fantome Island,Snapper Point,Point,1,10 mins,SBT,Lutjanus carponotatus,10--15,1
14/02/2023,,,Fantome Island,Snapper Point,Point,1,10 mins,SBT,Epibulus insidiator,10--15,1
14/02/2023,,,Fantome Island,Snapper Point,Point,1,10 mins,SBT,Anampses neoguinaicus,10--15,1
14/02/2023,,,Fantome Island,Snapper Point,Point,1,10 mins,SBT,Oxycheilinus diagramma,10--15,1
14/02/2023,,,Fantome Island,Snapper Point,Point,2,Instant,SBT,Chlorurus spilurus,25-30,1
14/02/2023,,,Fantome Island,Snapper Point,Point,2,Instant,SBT,Chaetodon auriga,10--15,1
14/02/2023,,,Fantome Island,Snapper Point,Point,2,Instant,SBT,Chaetodon melannotus,10--15,1
14/02/2023,,,Fantome Island,Snapper Point,Point,2,Instant,SBT,Labropsis australis,10--15,1
14/02/2023,,,Fantome Island,Snapper Point,Point,2,Instant,SBT,Lutjanus vitta,15-20,1
14/02/2023,,,Fantome Island,Snapper Point,Point,2,Instant,SBT,Epibulus insidiator,10--15,1
14/02/2023,,,Fantome Island,Snapper Point,Point,2,10 mins,SBT,Chaetodon melannotus,10--15,1
14/02/2023,,,Fantome Island,Snapper Point,Point,2,10 mins,SBT,Labropsis australis,10--15,2
14/02/2023,,,Fantome Island,Snapper Point,Point,2,10 mins,SBT,Lutjanus vitta,15-20,1
14/02/2023,,,Fantome Island,Snapper Point,Point,2,10 mins,SBT,Scarus rivulatus,25-30,2
14/02/2023,,,Fantome Island,Snapper Point,Point,2,10 mins,SBT,Thalassoma lunare,10--15,3
14/02/2023,,,Fantome Island,Snapper Point,Point,2,10 mins,SBT,Hemigymnus melapterus,15-20,1
14/02/2023,,,Fantome Island,Snapper Point,Point,2,10 mins,SBT,Scolopsis margaritifera,20-25,1
14/02/2023,,,Fantome Island,Snapper Point,Point,2,10 mins,SBT,Lutjanus carponotatus,15-20,1
14/02/2023,,,Fantome Island,Snapper Point,Point,2,10 mins,SBT,Cephalopholis cyanostigma,20-25,1
14/02/2023,,,Fantome Island,Snapper Point,Point,2,10 mins,SBT,Cephalopholis cyanostigma,25-30,1
14/02/2023,,,Fantome Island,Snapper Point,Point,2,10 mins,SBT,Chaetodon rainfordi,10--15,1
14/02/2023,,,Fantome Island,Snapper Point,Point,2,10 mins,SBT,Epibulus insidiator,15-20,1
14/02/2023,,,Fantome Island,Snapper Point,Point,2,10 mins,SBT,Cheilinus fasciatus,10--15,1
14/02/2023,,,Fantome Island,Snapper Point,Point,2,10 mins,SBT,Cheilinus trilobatus,20-25,1
14/02/2023,,,Fantome Island,Snapper Point,Point,3,Instant,SBT,Chlorurus microrhinos,50-55,1
14/02/2023,,,Fantome Island,Snapper Point,Point,3,Instant,SBT,Chlorurus microrhinos,40-45,1
14/02/2023,,,Fantome Island,Snapper Point,Point,3,Instant,SBT,Naso unicornis,55-60,1
14/02/2023,,,Fantome Island,Snapper Point,Point,3,Instant,SBT,Lutjanus fulviflamma,15-20,37
14/02/2023,,,Fantome Island,Snapper Point,Point,3,Instant,SBT,Lutjanus vitta,15-20,1
14/02/2023,,,Fantome Island,Snapper Point,Point,3,Instant,SBT,Cheilinus fasciatus,15-20,1
14/02/2023,,,Fantome Island,Snapper Point,Point,3,Instant,SBT,Chlorurus microrhinos,15-20,1
14/02/2023,,,Fantome Island,Snapper Point,Point,3,10 mins,SBT,Lutjanus fulviflamma,15-20,30
14/02/2023,,,Fantome Island,Snapper Point,Point,3,10 mins,SBT,Lutjanus vitta,15-20,1
14/02/2023,,,Fantome Island,Snapper Point,Point,3,10 mins,SBT,Chlorurus microrhinos,15-20,2
14/02/2023,,,Fantome Island,Snapper Point,Point,3,10 mins,SBT,Thalassoma lunare,10--15,2
14/02/2023,,,Fantome Island,Snapper Point,Point,3,10 mins,SBT,Hemigymnus melapterus,10--15,1
14/02/2023,,,Fantome Island,Snapper Point,Point,3,10 mins,SBT,Halichoeres chloropterus,10--15,1
14/02/2023,,,Fantome Island,Snapper Point,Point,3,10 mins,SBT,Chaetodon aureofasciatus,10--15,1
14/02/2023,,,Fantome Island,Snapper Point,Point,3,10 mins,SBT,Chaetodon melannotus,10--15,1
14/02/2023,,,Fantome Island,Snapper Point,Point,3,10 mins,SBT,Labrichthys unilineatus,15-20,1
14/02/2023,,,Fantome Island,Snapper Point,Point,3,10 mins,SBT,Hemigymnus melapterus,15-20,1
14/02/2023,,,Fantome Island,Snapper Point,Point,3,10 mins,SBT,Epibulus insidiator,10--15,1
14/02/2023,,,Fantome Island,Snapper Point,Point,3,10 mins,SBT,Scolopsis bilineata,10--15,1
14/02/2023,,,Fantome Island,Snapper Point,Point,3,10 mins,SBT,Siganus doliatus,20-25,1
14/02/2023,,,Fantome Island,Snapper Point,Point,3,10 mins,SBT,Oxycheilinus diagramma,10--15,1
14/02/2023,,,Fantome Island,Snapper Point,Point,3,10 mins,SBT,Chlorurus microrhinos,10--15,1
14/02/2023,,,Fantome Island,Snapper Point,Point,3,10 mins,SBT,Thalassoma lunare,15-20,2
14/02/2023,,,Fantome Island,Snapper Point,Point,3,10 mins,SBT,Cephalopholis boenak,10--15,1
14/02/2023,,,Fantome Island,Snapper Point,Point,3,10 mins,SBT,Chlorurus spilurus,10--15,1
14/02/2023,,,Fantome Island,Snapper Point,Point,4,Instant,SBT,Labrichthys unilineatus,10--15,1
14/02/2023,,,Fantome Island,Snapper Point,Point,4,Instant,SBT,Scarus rivulatus,10--15,22
14/02/2023,,,Fantome Island,Snapper Point,Point,4,Instant,SBT,Naso unicornis,50-55,3
14/02/2023,,,Fantome Island,Snapper Point,Point,4,Instant,SBT,Chlorurus spilurus,20-25,1
14/02/2023,,,Fantome Island,Snapper Point,Point,4,Instant,SBT,Scarus ghobban,15-20,1
14/02/2023,,,Fantome Island,Snapper Point,Point,4,Instant,SBT,Chaetodon aureofasciatus,10--15,1
14/02/2023,,,Fantome Island,Snapper Point,Point,4,Instant,SBT,Hemigymnus fasciatus,10--15,1
14/02/2023,,,Fantome Island,Snapper Point,Point,4,Instant,SBT,Lutjanus carponotatus,15-20,1
14/02/2023,,,Fantome Island,Snapper Point,Point,4,Instant,SBT,Lutjanus fulviflamma,15-20,2
14/02/2023,,,Fantome Island,Snapper Point,Point,4,Instant,SBT,Scolopsis bilineata,10--15,1
14/02/2023,,,Fantome Island,Snapper Point,Point,4,Instant,SBT,Scarus rivulatus,15-20,22
14/02/2023,,,Fantome Island,Snapper Point,Point,4,10 mins,SBT,Labrichthys unilineatus,10--15,2
14/02/2023,,,Fantome Island,Snapper Point,Point,4,10 mins,SBT,Naso unicornis,50-55,3
14/02/2023,,,Fantome Island,Snapper Point,Point,4,10 mins,SBT,Scarus ghobban,15-20,2
14/02/2023,,,Fantome Island,Snapper Point,Point,4,10 mins,SBT,Lutjanus fulviflamma,15-20,2
14/02/2023,,,Fantome Island,Snapper Point,Point,4,10 mins,SBT,Scolopsis bilineata,10--15,1
14/02/2023,,,Fantome Island,Snapper Point,Point,4,10 mins,SBT,Scarus rivulatus,15-20,1
14/02/2023,,,Fantome Island,Snapper Point,Point,4,10 mins,SBT,Lutjanus carponotatus,25-30,1
14/02/2023,,,Fantome Island,Snapper Point,Point,4,10 mins,SBT,Cheilinus trilobatus,15-20,4
14/02/2023,,,Fantome Island,Snapper Point,Point,4,10 mins,SBT,Oxycheilinus diagramma,20-25,1
14/02/2023,,,Fantome Island,Snapper Point,Point,4,10 mins,SBT,Hemigymnus melapterus,20-25,2
14/02/2023,,,Fantome Island,Snapper Point,Point,4,10 mins,SBT,Thalassoma lunare,10--15,2
14/02/2023,,,Fantome Island,Snapper Point,Point,4,10 mins,SBT,Hemigymnus melapterus,15-20,2
14/02/2023,,,Fantome Island,Snapper Point,Point,4,10 mins,SBT,Lutjanus fulviflamma,20-25,1
14/02/2023,,,Fantome Island,Snapper Point,Point,4,10 mins,SBT,Halichoeres chloropterus,10--15,1
14/02/2023,,,Fantome Island,Snapper Point,Point,4,10 mins,SBT,Lethrinus harak,25-30,1
14/02/2023,,,Fantome Island,Snapper Point,Point,4,10 mins,SBT,Epibulus insidiator,15-20,1
14/02/2023,,,Fantome Island,Snapper Point,Point,4,10 mins,SBT,Chaetodon melannotus,10--15,1
14/02/2023,,,Fantome Island,Snapper Point,Point,4,10 mins,SBT,Labrichthys unilineatus,15-20,1
14/02/2023,,,Fantome Island,Snapper Point,Point,4,10 mins,SBT,Scarus rivulatus,15-20,1
14/02/2023,,,Fantome Island,Snapper Point,Point,4,10 mins,SBT,Scarus rivulatus,20-25,1
14/02/2023,,,Fantome Island,Snapper Point,Point,4,10 mins,SBT,Chaetodon auriga,10--15,1
14/02/2023,,,Fantome Island,Snapper Point,Point,4,10 mins,SBT,Scolopsis margaritifera,20-25,1
14/02/2023,,,Fantome Island,Snapper Point,Point,4,10 mins,SBT,Chlorurus spilurus,15-20,1
14/02/2023,,,Fantome Island,Snapper Point,Transect ,1,20 m,SBT,Scarus rivulatus,20-25,50
14/02/2023,,,Fantome Island,Snapper Point,Transect ,1,20 m,SBT,Thalassoma hardwicke,10--15,3
14/02/2023,,,Fantome Island,Snapper Point,Transect ,1,20 m,SBT,Chaetodon aureofasciatus,10--15,1
14/02/2023,,,Fantome Island,Snapper Point,Transect ,1,20 m,SBT,Epinephelus malabaricus,30-35,1
14/02/2023,,,Fantome Island,Snapper Point,Transect ,1,20 m,SBT,Scolopsis lineata,15-20,8
14/02/2023,,,Fantome Island,Snapper Point,Transect ,1,20 m,SBT,Chaetodon baronessa,10--15,1
14/02/2023,,,Fantome Island,Snapper Point,Transect ,1,20 m,SBT,Scarus globiceps,25-30,1
14/02/2023,,,Fantome Island,Snapper Point,Transect ,1,20 m,SBT,Scolopsis lineata,20-25,6
14/02/2023,,,Fantome Island,Snapper Point,Transect ,1,20 m,SBT,Chaetodon lunula,15-20,1
14/02/2023,,,Fantome Island,Snapper Point,Transect ,1,30 m,SBT,Thalassoma hardwicke,10--15,1
14/02/2023,,,Fantome Island,Snapper Point,Transect ,1,30 m,SBT,Chaetodon aureofasciatus,10--15,1
14/02/2023,,,Fantome Island,Snapper Point,Transect ,1,30 m,SBT,Scolopsis lineata,15-20,13
14/02/2023,,,Fantome Island,Snapper Point,Transect ,1,30 m,SBT,Scarus frenatus,20-25,1
14/02/2023,,,Fantome Island,Snapper Point,Transect ,1,30 m,SBT,Scarus frenatus,25-30,1
14/02/2023,,,Fantome Island,Snapper Point,Transect ,1,30 m,SBT,Scarus frenatus,30-35,1
14/02/2023,,,Fantome Island,Snapper Point,Transect ,1,30 m,SBT,Lutjanus vitta,15-20,1
14/02/2023,,,Fantome Island,Snapper Point,Transect ,1,30 m,SBT,Siganus punctatus,20-25,1
14/02/2023,,,Fantome Island,Snapper Point,Transect ,1,30 m,SBT,Anampses geographicus,15-20,1
14/02/2023,,,Fantome Island,Snapper Point,Transect ,1,30 m,SBT,Lutjanus fulviflamma,20-25,1
14/02/2023,,,Fantome Island,Snapper Point,Transect ,1,30 m,SBT,Chaetodon melannotus,10--15,2
14/02/2023,,,Fantome Island,Snapper Point,Transect ,1,30 m,SBT,Hemigymnus melapterus,20-25,1
14/02/2023,,,Fantome Island,Snapper Point,Transect ,1,30 m,SBT,Cephalopholis boenak,15-20,1
14/02/2023,,,Fantome Island,Snapper Point,Transect ,1,30 m,SBT,Chlorurus microrhinos,40-45,1
14/02/2023,,,Fantome Island,Snapper Point,Transect ,2,20 m,SBT,Scolopsis lineata,15-20,5
14/02/2023,,,Fantome Island,Snapper Point,Transect ,2,20 m,SBT,Thalassoma hardwicke,10--15,1
14/02/2023,,,Fantome Island,Snapper Point,Transect ,2,30 m,SBT,Scolopsis lineata,15-20,8
14/02/2023,,,Fantome Island,Snapper Point,Transect ,2,30 m,SBT,Thalassoma hardwicke,10--15,1
14/02/2023,,,Fantome Island,Snapper Point,Transect ,2,30 m,SBT,Kyphosus cinerascens,15-20,1
14/02/2023,,,Fantome Island,Snapper Point,Transect ,2,30 m,SBT,Hemigymnus melapterus,25-30,1
14/02/2023,,,Fantome Island,Snapper Point,Transect ,2,30 m,SBT,Lutjanus fulviflamma,20-25,4
14/02/2023,,,Fantome Island,Snapper Point,Transect ,2,30 m,SBT,Pomacanthus semicirculatus,25-30,1
14/02/2023,,,Fantome Island,Snapper Point,Transect ,2,30 m,SBT,Hemigymnus melapterus,15-20,1
14/02/2023,,,Fantome Island,Snapper Point,Transect ,2,30 m,SBT,Scolopsis lineata,20-25,2
14/02/2023,,,Fantome Island,Snapper Point,Transect ,2,30 m,SBT,Oxycheilinus diagramma,10--15,1
14/02/2023,,,Fantome Island,Snapper Point,Transect ,2,30 m,SBT,Chaetodon aureofasciatus,10--15,1
14/02/2023,,,Fantome Island,Snapper Point,Transect ,2,30 m,SBT,Siganus doliatus,20-25,1
14/02/2023,,,Fantome Island,Snapper Point,Transect ,3,20 m,SBT,Cetoscarus ocellatus,50-55,1
14/02/2023,,,Fantome Island,Snapper Point,Transect ,3,20 m,SBT,Platax orbicularis,25-30,2
14/02/2023,,,Fantome Island,Snapper Point,Transect ,3,20 m,SBT,Lutjanus vitta,15-20,4
14/02/2023,,,Fantome Island,Snapper Point,Transect ,3,20 m,SBT,Scarus rivulatus,20-25,1
14/02/2023,,,Fantome Island,Snapper Point,Transect ,3,20 m,SBT,Chaetodon oxycephalus,15-20,1
14/02/2023,,,Fantome Island,Snapper Point,Transect ,3,20 m,SBT,Chaetodon melannotus,10--15,1
14/02/2023,,,Fantome Island,Snapper Point,Transect ,3,20 m,SBT,Cheilinus fasciatus,10--15,1
14/02/2023,,,Fantome Island,Snapper Point,Transect ,3,20 m,SBT,Thalassoma lunare,10--15,2
14/02/2023,,,Fantome Island,Snapper Point,Transect ,3,20 m,SBT,Cephalopholis boenak,15-20,1
14/02/2023,,,Fantome Island,Snapper Point,Transect ,3,30 m,SBT,Platax orbicularis,25-30,2
14/02/2023,,,Fantome Island,Snapper Point,Transect ,3,30 m,SBT,Lutjanus vitta,15-20,6
14/02/2023,,,Fantome Island,Snapper Point,Transect ,3,30 m,SBT,Thalassoma lunare,10--15,2
14/02/2023,,,Fantome Island,Snapper Point,Transect ,3,30 m,SBT,Cephalopholis boenak,15-20,1
14/02/2023,,,Fantome Island,Snapper Point,Transect ,3,30 m,SBT,Lutjanus fulviflamma,20-25,2
14/02/2023,,,Fantome Island,Snapper Point,Transect ,3,30 m,SBT,Diagramma pictum,25-30,1
14/02/2023,,,Fantome Island,Snapper Point,Transect ,3,30 m,SBT,Lutjanus carponotatus,25-30,1
14/02/2023,,,Fantome Island,Snapper Point,Transect ,3,30 m,SBT,Halichoeres melanurus,10--15,1
14/02/2023,,,Fantome Island,Snapper Point,Transect ,3,30 m,SBT,Pomacanthus sexstriatus,30-35,1
14/02/2023,,,Fantome Island,Snapper Point,Transect ,3,30 m,SBT,Lutjanus vitta,20-25,9
14/02/2023,,,Fantome Island,Snapper Point,Transect ,3,30 m,SBT,Oxycheilinus diagramma,10--15,1
14/02/2023,,,Fantome Island,Snapper Point,Transect ,3,30 m,SBT,Epibulus insidiator,10--15,1
14/02/2023,,,Fantome Island,Snapper Point,Transect ,3,30 m,SBT,Epinephelus caeruleopunctatus,35-40,1
14/02/2023,,,Fantome Island,Snapper Point,Transect ,3,30 m,SBT,Naso unicornis,45-50,9
14/02/2023,,,Fantome Island,Snapper Point,Transect ,3,30 m,SBT,Siganus doliatus,20-25,2
14/02/2023,,,Fantome Island,Snapper Point,Transect ,3,30 m,SBT,Chelmon rostratus,10--15,1
14/02/2023,,,Fantome Island,Snapper Point,Transect ,3,30 m,SBT,Chlorurus microrhinos,15-20,1
14/02/2023,,,Fantome Island,Snapper Point,Transect ,3,30 m,SBT,Scarus rivulatus,10--15,1
14/02/2023,,,Fantome Island,Snapper Point,Transect ,3,30 m,SBT,Thalassoma lunare,15-20,1
14/02/2023,,,Fantome Island,Snapper Point,Transect ,3,30 m,SBT,Lutjanus fulviflamma,15-20,1
14/02/2023,,,Fantome Island,Snapper Point,Transect ,3,30 m,SBT,Chaetodon plebius,10--15,1
14/02/2023,,,Fantome Island,Snapper Point,Transect ,4,20 m,SBT,Lutjanus vitta,15-20,3
14/02/2023,,,Fantome Island,Snapper Point,Transect ,4,20 m,SBT,Chaetodon melannotus,10--15,1
14/02/2023,,,Fantome Island,Snapper Point,Transect ,4,20 m,SBT,Thalassoma lunare,10--15,3
14/02/2023,,,Fantome Island,Snapper Point,Transect ,4,20 m,SBT,Scarus rivulatus,30-35,1
14/02/2023,,,Fantome Island,Snapper Point,Transect ,4,20 m,SBT,Lutjanus vitta,20-25,2
14/02/2023,,,Fantome Island,Snapper Point,Transect ,4,20 m,SBT,Chlorurus spilurus,10--15,1
14/02/2023,,,Fantome Island,Snapper Point,Transect ,4,20 m,SBT,Lutjanus carponotatus,35-40,1
14/02/2023,,,Fantome Island,Snapper Point,Transect ,4,20 m,SBT,Cheilinus chlorurus,10--15,1
14/02/2023,,,Fantome Island,Snapper Point,Transect ,4,30 m,SBT,Lutjanus vitta,15-20,18
14/02/2023,,,Fantome Island,Snapper Point,Transect ,4,30 m,SBT,Chaetodon melannotus,10--15,1
14/02/2023,,,Fantome Island,Snapper Point,Transect ,4,30 m,SBT,Thalassoma lunare,10--15,1
14/02/2023,,,Fantome Island,Snapper Point,Transect ,4,30 m,SBT,Scarus rivulatus,30-35,1
14/02/2023,,,Fantome Island,Snapper Point,Transect ,4,30 m,SBT,Lutjanus vitta,20-25,9
14/02/2023,,,Fantome Island,Snapper Point,Transect ,4,30 m,SBT,Scarus rivulatus,25-30,1
14/02/2023,,,Fantome Island,Snapper Point,Transect ,4,30 m,SBT,Chaetodon aureofasciatus,10--15,1
14/02/2023,,,Fantome Island,Snapper Point,Transect ,4,30 m,SBT,Lutjanus carponotatus,25-30,1
14/02/2023,,,Fantome Island,Snapper Point,Transect ,4,30 m,SBT,Chaetodon vagabundus,10--15,1
14/02/2023,,,Fantome Island,Snapper Point,Transect ,4,30 m,SBT,Hemigymnus fasciatus,15-20,1
14/02/2023,,,Fantome Island,Snapper Point,Transect ,4,30 m,SBT,Chelmon rostratus,10--15,1
14/02/2023,,,Fantome Island,Snapper Point,Transect ,4,30 m,SBT,Cephalopholis cyanostigma,30-35,1
14/02/2023,,,Fantome Island,Snapper Point,Point,1,Instant,SKC,Siganus corallinus,15-20,1
14/02/2023,,,Fantome Island,Snapper Point,Point,1,Instant,SKC,Cephalopholis cyanostigma,15-20,1
14/02/2023,,,Fantome Island,Snapper Point,Point,1,Instant,SKC,Cheilinus trilobatus,15-20,2
14/02/2023,,,Fantome Island,Snapper Point,Point,1,Instant,SKC,Cheilinus trilobatus,20-25,1
14/02/2023,,,Fantome Island,Snapper Point,Point,1,Instant,SKC,Scarus rivulatus,15-20,3
14/02/2023,,,Fantome Island,Snapper Point,Point,1,Instant,SKC,Lutjanus vitta,15-20,50
14/02/2023,,,Fantome Island,Snapper Point,Point,1,10 mins,SKC,Cephalopholis cyanostigma,15-20,1
14/02/2023,,,Fantome Island,Snapper Point,Point,1,10 mins,SKC,Cheilinus trilobatus,15-20,2
14/02/2023,,,Fantome Island,Snapper Point,Point,1,10 mins,SKC,Chaetodon lunulatus,10--15,2
14/02/2023,,,Fantome Island,Snapper Point,Point,1,10 mins,SKC,Cheilinus trilobatus,20-25,2
14/02/2023,,,Fantome Island,Snapper Point,Point,1,10 mins,SKC,Scarus rivulatus,15-20,2
14/02/2023,,,Fantome Island,Snapper Point,Point,1,10 mins,SKC,Hemigymnus melapterus,15-20,3
14/02/2023,,,Fantome Island,Snapper Point,Point,1,10 mins,SKC,Thalassoma lunare,10--15,3
14/02/2023,,,Fantome Island,Snapper Point,Point,1,10 mins,SKC,Scarus rivulatus,10--15,3
14/02/2023,,,Fantome Island,Snapper Point,Point,1,10 mins,SKC,Scolopsis margaritifera,15-20,1
14/02/2023,,,Fantome Island,Snapper Point,Point,1,10 mins,SKC,Thalassoma lunare,15-20,4
14/02/2023,,,Fantome Island,Snapper Point,Point,1,10 mins,SKC,Lutjanus carponotatus,15-20,2
14/02/2023,,,Fantome Island,Snapper Point,Point,1,10 mins,SKC,Lutjanus carponotatus,20-25,1
14/02/2023,,,Fantome Island,Snapper Point,Point,1,10 mins,SKC,Chaetodon melannotus,15-20,1
14/02/2023,,,Fantome Island,Snapper Point,Point,1,10 mins,SKC,Labrichthys unilineatus,10--15,1
14/02/2023,,,Fantome Island,Snapper Point,Point,1,10 mins,SKC,Chaetodon plebius,10--15,1
14/02/2023,,,Fantome Island,Snapper Point,Point,1,10 mins,SKC,Chlorurus spilurus,15-20,1
14/02/2023,,,Fantome Island,Snapper Point,Point,1,10 mins,SKC,Cephalopholis boenak,10--15,1
14/02/2023,,,Fantome Island,Snapper Point,Point,1,10 mins,SKC,Cephalopholis cyanostigma,25-30,1
14/02/2023,,,Fantome Island,Snapper Point,Point,1,10 mins,SKC,Pomacanthus sexstriatus,15-20,1
14/02/2023,,,Fantome Island,Snapper Point,Point,1,10 mins,SKC,Epibulus insidiator,20-25,1
14/02/2023,,,Fantome Island,Snapper Point,Point,1,10 mins,SKC,Chaetodon aureofasciatus,10--15,1
14/02/2023,,,Fantome Island,Snapper Point,Point,1,10 mins,SKC,Chaetodon melannotus,10--15,1
14/02/2023,,,Fantome Island,Snapper Point,Point,2,Instant,SKC,Chaetodon auriga,15-20,1
14/02/2023,,,Fantome Island,Snapper Point,Point,2,Instant,SKC,Chaetodon lineolatus,10--15,3
14/02/2023,,,Fantome Island,Snapper Point,Point,2,Instant,SKC,Pomacanthus sexstriatus,20-25,1
14/02/2023,,,Fantome Island,Snapper Point,Point,2,Instant,SKC,Scarus rivulatus,20-25,1
14/02/2023,,,Fantome Island,Snapper Point,Point,2,Instant,SKC,Lutjanus vitta,15-20,15
14/02/2023,,,Fantome Island,Snapper Point,Point,2,10 mins,SKC,Chaetodon lineolatus,10--15,2
14/02/2023,,,Fantome Island,Snapper Point,Point,2,10 mins,SKC,Scarus rivulatus,10--15,2
14/02/2023,,,Fantome Island,Snapper Point,Point,2,10 mins,SKC,Scarus rivulatus,20-25,2
14/02/2023,,,Fantome Island,Snapper Point,Point,2,10 mins,SKC,Lutjanus vitta,15-20,26
14/02/2023,,,Fantome Island,Snapper Point,Point,2,10 mins,SKC,Thalassoma lunare,10--15,5
14/02/2023,,,Fantome Island,Snapper Point,Point,2,10 mins,SKC,Hemigymnus melapterus,10--15,2
14/02/2023,,,Fantome Island,Snapper Point,Point,2,10 mins,SKC,Labrichthys unilineatus,10--15,1
14/02/2023,,,Fantome Island,Snapper Point,Point,2,10 mins,SKC,Chaetodon melannotus,10--15,5
14/02/2023,,,Fantome Island,Snapper Point,Point,2,10 mins,SKC,Chlorurus spilurus,15-20,1
14/02/2023,,,Fantome Island,Snapper Point,Point,2,10 mins,SKC,Chaetodon rainfordi,10--15,2
14/02/2023,,,Fantome Island,Snapper Point,Point,2,10 mins,SKC,Labrichthys unilineatus,15-20,1
14/02/2023,,,Fantome Island,Snapper Point,Point,2,10 mins,SKC,Hemigymnus melapterus,15-20,2
14/02/2023,,,Fantome Island,Snapper Point,Point,2,10 mins,SKC,Chaetodon trifascialis,10--15,1
14/02/2023,,,Fantome Island,Snapper Point,Point,2,10 mins,SKC,Labrichthys unilineatus,15-20,1
14/02/2023,,,Fantome Island,Snapper Point,Point,2,10 mins,SKC,Cephalopholis boenak,15-20,1
14/02/2023,,,Fantome Island,Snapper Point,Point,3,Instant,SKC,Cetoscarus ocellatus,50-55,3
14/02/2023,,,Fantome Island,Snapper Point,Point,3,Instant,SKC,Pomacanthus semicirculatus,30-35,1
14/02/2023,,,Fantome Island,Snapper Point,Point,3,10 mins,SKC,Lutjanus fulviflamma,15-20,10
14/02/2023,,,Fantome Island,Snapper Point,Point,3,10 mins,SKC,Lutjanus kasmira,15-20,1
14/02/2023,,,Fantome Island,Snapper Point,Point,3,10 mins,SKC,Cephalopholis cyanostigma,15-20,2
14/02/2023,,,Fantome Island,Snapper Point,Point,3,10 mins,SKC,Lutjanus vitta,15-20,2
14/02/2023,,,Fantome Island,Snapper Point,Point,3,10 mins,SKC,Thalassoma lunare,10--15,4
14/02/2023,,,Fantome Island,Snapper Point,Point,3,10 mins,SKC,Naso unicornis,50-55,4
14/02/2023,,,Fantome Island,Snapper Point,Point,3,10 mins,SKC,Hemigymnus melapterus,10--15,1
14/02/2023,,,Fantome Island,Snapper Point,Point,3,10 mins,SKC,Choerodon fasciatus,10--15,1
14/02/2023,,,Fantome Island,Snapper Point,Point,3,10 mins,SKC,Chlorurus spilurus,10--15,1
14/02/2023,,,Fantome Island,Snapper Point,Point,3,10 mins,SKC,Labrichthys unilineatus,20-25,1
14/02/2023,,,Fantome Island,Snapper Point,Point,4,Instant,SKC,Labrichthys unilineatus,10--15,1
14/02/2023,,,Fantome Island,Snapper Point,Point,4,Instant,SKC,Lutjanus fulviflamma,15-20,20
14/02/2023,,,Fantome Island,Snapper Point,Point,4,Instant,SKC,Chlorurus spilurus,15-20,2
14/02/2023,,,Fantome Island,Snapper Point,Point,4,Instant,SKC,Scarus rivulatus,10--15,1
14/02/2023,,,Fantome Island,Snapper Point,Point,4,Instant,SKC,Hemigymnus fasciatus,10--15,1
14/02/2023,,,Fantome Island,Snapper Point,Point,4,Instant,SKC,Chaetodon aureofasciatus,10--15,1
14/02/2023,,,Fantome Island,Snapper Point,Point,4,10 mins,SKC,Labrichthys unilineatus,10--15,1
14/02/2023,,,Fantome Island,Snapper Point,Point,4,10 mins,SKC,Lutjanus fulviflamma,15-20,15
14/02/2023,,,Fantome Island,Snapper Point,Point,4,10 mins,SKC,Scarus rivulatus,10--15,31
14/02/2023,,,Fantome Island,Snapper Point,Point,4,10 mins,SKC,Lutjanus carponotatus,25-30,2
14/02/2023,,,Fantome Island,Snapper Point,Point,4,10 mins,SKC,Labrichthys unilineatus,15-20,1
14/02/2023,,,Fantome Island,Snapper Point,Point,4,10 mins,SKC,Lutjanus vitta,15-20,3
14/02/2023,,,Fantome Island,Snapper Point,Point,4,10 mins,SKC,Epibulus insidiator,10--15,2
14/02/2023,,,Fantome Island,Snapper Point,Point,4,10 mins,SKC,Epibulus insidiator,15-20,1
14/02/2023,,,Fantome Island,Snapper Point,Point,4,10 mins,SKC,Siganus lineatus,30-35,12
14/02/2023,,,Fantome Island,Snapper Point,Point,4,10 mins,SKC,Hemigymnus fasciatus,10--15,2
14/02/2023,,,Fantome Island,Snapper Point,Point,4,10 mins,SKC,Scarus rivulatus,15-20,22
14/02/2023,,,Fantome Island,Snapper Point,Point,4,10 mins,SKC,Siganus puellus,15-20,4
14/02/2023,,,Fantome Island,Snapper Point,Point,4,10 mins,SKC,Siganus doliatus,10--15,1
14/02/2023,,,Fantome Island,Snapper Point,Point,4,10 mins,SKC,Siganus punctatus,15-20,1
14/02/2023,,,Fantome Island,Snapper Point,Point,4,10 mins,SKC,Chlorurus spilurus,15-20,1
14/02/2023,,,Fantome Island,Snapper Point,Point,4,10 mins,SKC,Epibulus insidiator,20-25,1
14/02/2023,,,Fantome Island,Snapper Point,Point,4,10 mins,SKC,Chaetodon melannotus,10--15,1
14/02/2023,,,Fantome Island,Snapper Point,Point,4,10 mins,SKC,Chlorurus bleekeri,10--15,1
14/02/2023,,,Fantome Island,Snapper Point,Point,4,10 mins,SKC,Hemigymnus melapterus,10--15,1
14/02/2023,,,Fantome Island,Snapper Point,Point,4,10 mins,SKC,Chelmon rostratus,10--15,1
14/02/2023,,,Fantome Island,Snapper Point,Transect ,1,20 m,SKC,Chaetodon lunula,15-20,1
14/02/2023,,,Fantome Island,Snapper Point,Transect ,1,20 m,SKC,Chaetodon lunula,10--15,1
14/02/2023,,,Fantome Island,Snapper Point,Transect ,1,20 m,SKC,Chaetodon melannotus,10--15,2
14/02/2023,,,Fantome Island,Snapper Point,Transect ,1,20 m,SKC,Scolopsis lineata,15-20,15
14/02/2023,,,Fantome Island,Snapper Point,Transect ,1,20 m,SKC,Chaetodon baronessa,10--15,1
14/02/2023,,,Fantome Island,Snapper Point,Transect ,1,20 m,SKC,Siganus doliatus,15-20,1
14/02/2023,,,Fantome Island,Snapper Point,Transect ,1,20 m,SKC,Thalassoma hardwicke,15-20,1
14/02/2023,,,Fantome Island,Snapper Point,Transect ,1,20 m,SKC,Lutjanus vitta,15-20,14
14/02/2023,,,Fantome Island,Snapper Point,Transect ,1,20 m,SKC,Scarus chameleon,10--15,1
14/02/2023,,,Fantome Island,Snapper Point,Transect ,1,20 m,SKC,Scarus rivulatus,20-25,2
14/02/2023,,,Fantome Island,Snapper Point,Transect ,1,20 m,SKC,Hemigymnus melapterus,20-25,1
14/02/2023,,,Fantome Island,Snapper Point,Transect ,1,20 m,SKC,Hemigymnus melapterus,10--15,1
14/02/2023,,,Fantome Island,Snapper Point,Transect ,1,30 m,SKC,Scarus rivulatus,15-20,2
14/02/2023,,,Fantome Island,Snapper Point,Transect ,1,30 m,SKC,Scarus rivulatus,20-25,1
14/02/2023,,,Fantome Island,Snapper Point,Transect ,1,30 m,SKC,Hemigymnus melapterus,20-25,1
14/02/2023,,,Fantome Island,Snapper Point,Transect ,1,30 m,SKC,Lutjanus fulviflamma,20-25,1
14/02/2023,,,Fantome Island,Snapper Point,Transect ,1,30 m,SKC,Epibulus insidiator,15-20,1
14/02/2023,,,Fantome Island,Snapper Point,Transect ,1,30 m,SKC,Thalassoma lunare,10--15,1
14/02/2023,,,Fantome Island,Snapper Point,Transect ,1,30 m,SKC,Chlorurus spilurus,25-30,1
14/02/2023,,,Fantome Island,Snapper Point,Transect ,1,30 m,SKC,Labrichthys unilineatus,10--15,1
14/02/2023,,,Fantome Island,Snapper Point,Transect ,1,30 m,SKC,Cheilinus fasciatus,20-25,1
14/02/2023,,,Fantome Island,Snapper Point,Transect ,1,30 m,SKC,Pomacanthus sexstriatus,35-40,1
14/02/2023,,,Fantome Island,Snapper Point,Transect ,1,30 m,SKC,Choerodon fasciatus,20-25,1
14/02/2023,,,Fantome Island,Snapper Point,Transect ,1,30 m,SKC,Lutjanus carponotatus,25-30,1
14/02/2023,,,Fantome Island,Snapper Point,Transect ,1,30 m,SKC,Cheilinus trilobatus,20-25,2
14/02/2023,,,Fantome Island,Snapper Point,Transect ,1,30 m,SKC,Hemigymnus melapterus,15-20,1
14/02/2023,,,Fantome Island,Snapper Point,Transect ,1,30 m,SKC,Oxycheilinus diagramma,15-20,1
14/02/2023,,,Fantome Island,Snapper Point,Transect ,1,30 m,SKC,Chlorurus microrhinos,35-40,1
14/02/2023,,,Fantome Island,Snapper Point,Transect ,2,20 m,SKC,Scolopsis bilineata,15-20,4
14/02/2023,,,Fantome Island,Snapper Point,Transect ,2,20 m,SKC,Hemigymnus melapterus,15-20,1
14/02/2023,,,Fantome Island,Snapper Point,Transect ,2,20 m,SKC,Scarus chameleon,15-20,2
14/02/2023,,,Fantome Island,Snapper Point,Transect ,2,20 m,SKC,Anampses neoguinaicus,10--15,1
14/02/2023,,,Fantome Island,Snapper Point,Transect ,2,20 m,SKC,Pomacanthus sexstriatus,30-35,1
14/02/2023,,,Fantome Island,Snapper Point,Transect ,2,20 m,SKC,Thalassoma lunare,10--15,1
14/02/2023,,,Fantome Island,Snapper Point,Transect ,2,20 m,SKC,Scarus rivulatus,20-25,1
14/02/2023,,,Fantome Island,Snapper Point,Transect ,2,20 m,SKC,Scolopsis lineata,15-20,2
14/02/2023,,,Fantome Island,Snapper Point,Transect ,2,20 m,SKC,Chaetodon melannotus,10--15,2
14/02/2023,,,Fantome Island,Snapper Point,Transect ,2,20 m,SKC,Labrichthys unilineatus,10--15,2
14/02/2023,,,Fantome Island,Snapper Point,Transect ,2,20 m,SKC,Scarus chameleon,20-25,1
14/02/2023,,,Fantome Island,Snapper Point,Transect ,2,20 m,SKC,Lutjanus vitta,20-25,3
14/02/2023,,,Fantome Island,Snapper Point,Transect ,2,20 m,SKC,Cheilinus trilobatus,15-20,1
14/02/2023,,,Fantome Island,Snapper Point,Transect ,2,30 m,SKC,Hemigymnus melapterus,15-20,1
14/02/2023,,,Fantome Island,Snapper Point,Transect ,2,30 m,SKC,Scolopsis lineata,15-20,16
14/02/2023,,,Fantome Island,Snapper Point,Transect ,2,30 m,SKC,Lutjanus vitta,20-25,11
14/02/2023,,,Fantome Island,Snapper Point,Transect ,2,30 m,SKC,Scarus frenatus,15-20,1
14/02/2023,,,Fantome Island,Snapper Point,Transect ,2,30 m,SKC,Chaetodon plebius,10--15,1
14/02/2023,,,Fantome Island,Snapper Point,Transect ,2,30 m,SKC,Kyphosus cinerascens,15-20,1
14/02/2023,,,Fantome Island,Snapper Point,Transect ,2,30 m,SKC,Kyphosus cinerascens,20-25,1
14/02/2023,,,Fantome Island,Snapper Point,Transect ,2,30 m,SKC,Chaetodon aureofasciatus,10--15,2
14/02/2023,,,Fantome Island,Snapper Point,Transect ,2,30 m,SKC,Choerodon graphicus,30-35,2
14/02/2023,,,Fantome Island,Snapper Point,Transect ,2,30 m,SKC,Epibulus insidiator,15-20,1
14/02/2023,,,Fantome Island,Snapper Point,Transect ,3,20 m,SKC,Lutjanus vita,15-20,11
14/02/2023,,,Fantome Island,Snapper Point,Transect ,3,20 m,SKC,Lutjanus fulviflamma,15-20,9
14/02/2023,,,Fantome Island,Snapper Point,Transect ,3,20 m,SKC,Pomacanthus sexstriatus,35-40,1
14/02/2023,,,Fantome Island,Snapper Point,Transect ,3,20 m,SKC,Siganus doliatus,10--15,1
14/02/2023,,,Fantome Island,Snapper Point,Transect ,3,30 m,SKC,Cephalopholis boenak,15-20,1
14/02/2023,,,Fantome Island,Snapper Point,Transect ,3,30 m,SKC,Lutjanus vitta,15-20,13
14/02/2023,,,Fantome Island,Snapper Point,Transect ,3,30 m,SKC,Lutjanus fulviflamma,15-20,2
14/02/2023,,,Fantome Island,Snapper Point,Transect ,3,30 m,SKC,Hemigymnus melapterus,15-20,3
14/02/2023,,,Fantome Island,Snapper Point,Transect ,3,30 m,SKC,Pomacanthus sexstriatus,20-25,1
14/02/2023,,,Fantome Island,Snapper Point,Transect ,3,30 m,SKC,Scolopsis margaritifera,20-25,1
14/02/2023,,,Fantome Island,Snapper Point,Transect ,3,30 m,SKC,Chaetodon aureofasciatus,10--15,1
14/02/2023,,,Fantome Island,Snapper Point,Transect ,3,30 m,SKC,Chaetodon lineolatus,10--15,1
14/02/2023,,,Fantome Island,Snapper Point,Transect ,3,30 m,SKC,Sphyraena qunie,10--15,30
14/02/2023,,,Fantome Island,Snapper Point,Transect ,3,30 m,SKC,Chlorurus microrhinos,35-40,1
14/02/2023,,,Fantome Island,Snapper Point,Transect ,3,30 m,SKC,Naso unicornis,40-45,5
14/02/2023,,,Fantome Island,Snapper Point,Transect ,3,30 m,SKC,Naso unicornis,50-55,1
14/02/2023,,,Fantome Island,Snapper Point,Transect ,3,30 m,SKC,Chaetodon plebius,10--15,1
14/02/2023,,,Fantome Island,Snapper Point,Transect ,3,30 m,SKC,Choerodon fasciatus,15-20,1
14/02/2023,,,Fantome Island,Snapper Point,Transect ,3,30 m,SKC,Scarus rivulatus,10--15,1
14/02/2023,,,Fantome Island,Snapper Point,Transect ,3,30 m,SKC,Chaetodon melannotus,10--15,2
14/02/2023,,,Fantome Island,Snapper Point,Transect ,3,30 m,SKC,Chaetodon trifascialis,10--15,1
14/02/2023,,,Fantome Island,Snapper Point,Transect ,4,20 m,SKC,Scarus rivulatus,10--15,3
14/02/2023,,,Fantome Island,Snapper Point,Transect ,4,20 m,SKC,Scarus rivulatus,20-25,2
14/02/2023,,,Fantome Island,Snapper Point,Transect ,4,20 m,SKC,Chaetodon lunulatus,10--15,1
14/02/2023,,,Fantome Island,Snapper Point,Transect ,4,20 m,SKC,Lutjanus vitta,15-20,1
14/02/2023,,,Fantome Island,Snapper Point,Transect ,4,20 m,SKC,Pomacanthus semicirculatus,25-30,1
14/02/2023,,,Fantome Island,Snapper Point,Transect ,4,20 m,SKC,Pomacanthus sexstriatus,30-35,1
14/02/2023,,,Fantome Island,Snapper Point,Transect ,4,30 m,SKC,Scarus rivulatus,10--15,2
14/02/2023,,,Fantome Island,Snapper Point,Transect ,4,30 m,SKC,Scarus rivulatus,20-25,1
14/02/2023,,,Fantome Island,Snapper Point,Transect ,4,30 m,SKC,Lutjanus vitta,15-20,19
14/02/2023,,,Fantome Island,Snapper Point,Transect ,4,30 m,SKC,Halichoeres chloropterus,10--15,1
14/02/2023,,,Fantome Island,Snapper Point,Transect ,4,30 m,SKC,Scolopsis bilineata,15-20,3
14/02/2023,,,Fantome Island,Snapper Point,Transect ,4,30 m,SKC,Chaetodon aureofasciatus,10--15,3
14/02/2023,,,Fantome Island,Snapper Point,Transect ,4,30 m,SKC,Scolopsis lineata,15-20,8
14/02/2023,,,Fantome Island,Snapper Point,Transect ,4,30 m,SKC,Hemigymnus melapterus,10--15,3
14/02/2023,,,Fantome Island,Snapper Point,Transect ,4,30 m,SKC,Thalassoma hardwicke,10--15,1
14/02/2023,,,Fantome Island,Snapper Point,Transect ,4,30 m,SKC,Hemigymnus melapterus,20-25,1
14/02/2023,,,Fantome Island,Snapper Point,Transect ,1,20 m,ACS,Lutjanus fulviflamma,20-25,1
14/02/2023,,,Fantome Island,Snapper Point,Transect ,1,20 m,ACS,Hemigymnus melapterus,15-20,1
14/02/2023,,,Fantome Island,Snapper Point,Transect ,1,20 m,ACS,Anampses caeruleopunctatus,10--15,1
14/02/2023,,,Fantome Island,Snapper Point,Transect ,1,20 m,ACS,Chaetodon melannotus,10--15,1
14/02/2023,,,Fantome Island,Snapper Point,Transect ,1,20 m,ACS,Lutjanus carponotatus,20-25,1
14/02/2023,,,Fantome Island,Snapper Point,Transect ,1,20 m,ACS,Scarus rivulatus,15-20,4
14/02/2023,,,Fantome Island,Snapper Point,Transect ,1,30 m,ACS,Scolopsis lineata,15-20,1
14/02/2023,,,Fantome Island,Snapper Point,Transect ,1,30 m,ACS,Chaetodon auriga,10--15,3
14/02/2023,,,Fantome Island,Snapper Point,Transect ,1,30 m,ACS,Lutjanus vitta,15-20,23
14/02/2023,,,Fantome Island,Snapper Point,Transect ,1,30 m,ACS,Scarus rivulatus,20-25,2
14/02/2023,,,Fantome Island,Snapper Point,Transect ,1,30 m,ACS,Anampses geographicus,10--15,1
14/02/2023,,,Fantome Island,Snapper Point,Transect ,1,30 m,ACS,Pomacanthus sexstriatus,25-30,1
14/02/2023,,,Fantome Island,Snapper Point,Transect ,1,30 m,ACS,Hemigymnus melapterus,15-20,1
14/02/2023,,,Fantome Island,Snapper Point,Transect ,1,30 m,ACS,Scolopsis lineata,15-20,3
14/02/2023,,,Fantome Island,Snapper Point,Transect ,2,20 m,ACS,Chaetodon melannotus,10--15,1
14/02/2023,,,Fantome Island,Snapper Point,Transect ,2,20 m,ACS,Lutjanus fulviflamma,25-30,1
14/02/2023,,,Fantome Island,Snapper Point,Transect ,2,20 m,ACS,Lutjanus vitta,20-25,1
14/02/2023,,,Fantome Island,Snapper Point,Transect ,2,20 m,ACS,Scarus rivulatus,15-20,2
14/02/2023,,,Fantome Island,Snapper Point,Transect ,2,20 m,ACS,Scolopsis lineata,20-25,1
14/02/2023,,,Fantome Island,Snapper Point,Transect ,2,20 m,ACS,Lutjanus vitta,15-20,4
14/02/2023,,,Fantome Island,Snapper Point,Transect ,2,20 m,ACS,Anampses caeruleopunctatus,10--15,1
14/02/2023,,,Fantome Island,Snapper Point,Transect ,2,20 m,ACS,Chaetodon aureofasciatus,10--15,3
14/02/2023,,,Fantome Island,Snapper Point,Transect ,2,20 m,ACS,Scolopsis bilineata,15-20,1
14/02/2023,,,Fantome Island,Snapper Point,Transect ,2,20 m,ACS,Chaetodon lineolatus,10--15,1
14/02/2023,,,Fantome Island,Snapper Point,Transect ,2,30 m,ACS,Chaetodon lineolatus,10--15,1
14/02/2023,,,Fantome Island,Snapper Point,Transect ,2,30 m,ACS,Hemigymnus fasciatus,15-20,1
14/02/2023,,,Fantome Island,Snapper Point,Transect ,2,30 m,ACS,Thalassoma hardwicke,10--15,1
14/02/2023,,,Fantome Island,Snapper Point,Transect ,2,30 m,ACS,Anampses neoguinaicus,10--15,2
14/02/2023,,,Fantome Island,Snapper Point,Transect ,2,30 m,ACS,Scarus rivulatus,20-25,4
14/02/2023,,,Fantome Island,Snapper Point,Transect ,2,30 m,ACS,Cheilinus trilobatus,10--15,1
14/02/2023,,,Fantome Island,Snapper Point,Transect ,2,30 m,ACS,Chaetodon aureofasciatus,10--15,1
14/02/2023,,,Fantome Island,Snapper Point,Transect ,2,30 m,ACS,Scarus rivulatus,15-20,5
14/02/2023,,,Fantome Island,Snapper Point,Transect ,2,30 m,ACS,Scolopsis lineata,15-20,1
14/02/2023,,,Fantome Island,Snapper Point,Transect ,2,30 m,ACS,Lethrinus harak,15-20,1
14/02/2023,,,Fantome Island,Snapper Point,Transect ,2,30 m,ACS,Halichoeres melanurus,10--15,1
14/02/2023,,,Fantome Island,Snapper Point,Transect ,2,30 m,ACS,Siganus doliatus,15-20,1
14/02/2023,,,Fantome Island,Snapper Point,Transect ,2,30 m,ACS,Chaetodon lunulatus,10--15,2
14/02/2023,,,Fantome Island,Snapper Point,Transect ,2,30 m,ACS,Lutjanus fulviflamma,20-25,1
14/02/2023,,,Fantome Island,Snapper Point,Transect ,2,30 m,ACS,Pomacanthus sexstriatus,30-35,1
14/02/2023,,,Fantome Island,Snapper Point,Transect ,3,20 m,ACS,Chaetodon rafflesi,10--15,1
14/02/2023,,,Fantome Island,Snapper Point,Transect ,3,20 m,ACS,Chlorurus spilurus,15-20,3
14/02/2023,,,Fantome Island,Snapper Point,Transect ,3,20 m,ACS,Thalassoma lunare,15-20,1
14/02/2023,,,Fantome Island,Snapper Point,Transect ,3,20 m,ACS,Hemigymnus melapterus,15-20,1
14/02/2023,,,Fantome Island,Snapper Point,Transect ,3,20 m,ACS,Scarus rivulatus,30-35,1
14/02/2023,,,Fantome Island,Snapper Point,Transect ,3,20 m,ACS,Scolopsis bilineata,15-20,1
14/02/2023,,,Fantome Island,Snapper Point,Transect ,3,20 m,ACS,Scarus rivulatus,15-20,4
14/02/2023,,,Fantome Island,Snapper Point,Transect ,3,20 m,ACS,Scolopsis lineata,15-20,10
14/02/2023,,,Fantome Island,Snapper Point,Transect ,3,20 m,ACS,Halichoeres melanurus,10--15,1
14/02/2023,,,Fantome Island,Snapper Point,Transect ,3,20 m,ACS,Scarus rivulatus,10--15,1
14/02/2023,,,Fantome Island,Snapper Point,Transect ,3,20 m,ACS,Scarus frenatus,25-30,1
14/02/2023,,,Fantome Island,Snapper Point,Transect ,3,30 m,ACS,Lutjanus vitta,15-20,12
14/02/2023,,,Fantome Island,Snapper Point,Transect ,3,30 m,ACS,Lutjanus carponotatus,25-30,1
14/02/2023,,,Fantome Island,Snapper Point,Transect ,3,30 m,ACS,Chlorurus spilurus,10--15,1
14/02/2023,,,Fantome Island,Snapper Point,Transect ,3,30 m,ACS,Cheilinus fasciatus,15-20,1
14/02/2023,,,Fantome Island,Snapper Point,Transect ,3,30 m,ACS,Scolopsis bilineata,15-20,1
14/02/2023,,,Fantome Island,Snapper Point,Transect ,3,30 m,ACS,Scolopsis lineata,15-20,4
14/02/2023,,,Fantome Island,Snapper Point,Transect ,3,30 m,ACS,Chaetodon aureofasciatus,10--15,1
14/02/2023,,,Fantome Island,Snapper Point,Transect ,3,30 m,ACS,Scarus rivulatus,10--15,2
14/02/2023,,,Fantome Island,Snapper Point,Transect ,3,30 m,ACS,Cheilinus trilobatus,15-20,1
14/02/2023,,,Fantome Island,Snapper Point,Transect ,3,30 m,ACS,Cheilinus chlorurus,10--15,1
14/02/2023,,,Fantome Island,Snapper Point,Transect ,3,30 m,ACS,Bodianus axillaris,15-20,1
14/02/2023,,,Fantome Island,Snapper Point,Transect ,3,30 m,ACS,Halichoeres melanurus,10--15,1
14/02/2023,,,Fantome Island,Snapper Point,Transect ,3,30 m,ACS,Thalassoma lunare,10--15,2
14/02/2023,,,Fantome Island,Snapper Point,Transect ,3,30 m,ACS,Scarus rivulatus,20-25,1
14/02/2023,,,Fantome Island,Snapper Point,Transect ,3,30 m,ACS,Halichoeres marginatus,15-20,1
14/02/2023,,,Fantome Island,Snapper Point,Transect ,3,30 m,ACS,Anampses geographicus,10--15,1
14/02/2023,,,Fantome Island,Snapper Point,Transect ,4,20 m,ACS,Scarus rivulatus,15--20,5
14/02/2023,,,Fantome Island,Snapper Point,Transect ,4,20 m,ACS,Hemigymnus melapterus,10--15,1
14/02/2023,,,Fantome Island,Snapper Point,Transect ,4,20 m,ACS,Chlorurus spilurus,15-20,4
14/02/2023,,,Fantome Island,Snapper Point,Transect ,4,20 m,ACS,Siganus doliatus,20-25,2
14/02/2023,,,Fantome Island,Snapper Point,Transect ,4,20 m,ACS,Chaetodon aureofasciatus,10--15,4
14/02/2023,,,Fantome Island,Snapper Point,Transect ,4,20 m,ACS,Chlorurus spilurus,30-35,1
14/02/2023,,,Fantome Island,Snapper Point,Transect ,4,20 m,ACS,Thalassoma lunare,10--15,1
14/02/2023,,,Fantome Island,Snapper Point,Transect ,4,20 m,ACS,Halichoeres marginatus,10--15,1
14/02/2023,,,Fantome Island,Snapper Point,Transect ,4,20 m,ACS,Halichoeres chloropterus,10--15,2
14/02/2023,,,Fantome Island,Snapper Point,Transect ,4,20 m,ACS,Scarus ghobban,15-20,1
14/02/2023,,,Fantome Island,Snapper Point,Transect ,4,20 m,ACS,Scarus chameleon,20-25,1
14/02/2023,,,Fantome Island,Snapper Point,Transect ,4,20 m,ACS,Scarus rivulatus,10--15,8
14/02/2023,,,Fantome Island,Snapper Point,Transect ,4,20 m,ACS,Epinephelus quoyanus,15-20,1
14/02/2023,,,Fantome Island,Snapper Point,Transect ,4,20 m,ACS,Halichoeres chloropterus,10--15,1
14/02/2023,,,Fantome Island,Snapper Point,Transect ,4,20 m,ACS,Scolopsis bilineata,15-20,1
14/02/2023,,,Fantome Island,Snapper Point,Transect ,4,20 m,ACS,Halichoeres chloropterus,15-20,1
14/02/2023,,,Fantome Island,Snapper Point,Transect ,4,30 m,ACS,Scarus ghobban,10--15,1
14/02/2023,,,Fantome Island,Snapper Point,Transect ,4,30 m,ACS,Chlorurus spilurus,10--15,4
14/02/2023,,,Fantome Island,Snapper Point,Transect ,4,30 m,ACS,Cetoscarus ocellatus,15-20,1
14/02/2023,,,Fantome Island,Snapper Point,Transect ,4,30 m,ACS,Chaetodon aureofasciatus,10--15,1
14/02/2023,,,Fantome Island,Snapper Point,Transect ,4,30 m,ACS,Chlorurus spilurus,15-20,1
14/02/2023,,,Fantome Island,Snapper Point,Transect ,4,30 m,ACS,Scarus niger,15-20,1
14/02/2023,,,Fantome Island,Snapper Point,Transect ,4,30 m,ACS,Epibulus insidiator,15-20,2
14/02/2023,,,Fantome Island,Snapper Point,Transect ,4,30 m,ACS,Hemigymnus melapterus,15-20,2
14/02/2023,,,Fantome Island,Snapper Point,Transect ,4,30 m,ACS,Thalassoma hardwicke,15-20,1
14/02/2023,,,Fantome Island,Snapper Point,Transect ,4,30 m,ACS,Thalassoma lunare,10--15,1
14/02/2023,,,Fantome Island,Snapper Point,Transect ,4,30 m,ACS,Scolopsis lineata,15-20,3
14/02/2023,,,Fantome Island,Snapper Point,Transect ,4,30 m,ACS,Scarus rivulatus,15-20,5
14/02/2023,,,Fantome Island,Snapper Point,Transect ,4,30 m,ACS,Thalassoma lunare,15-20,1
14/02/2023,,,Fantome Island,Snapper Point,Transect ,4,30 m,ACS,Scarus rivulatus,10--15,5
14/02/2023,,,Fantome Island,Snapper Point,Transect ,4,30 m,ACS,Scarus niger,10--15,1
14/02/2023,,,Fantome Island,Snapper Point,Transect ,4,30 m,ACS,Hipposcarus longiceps,10--15,2
15/02/2023,,,Pioneer Bay,Central Pioneer Bay,Point,1,Instant,SBT,Siganus puellus,20-25,2
15/02/2023,,,Pioneer Bay,Central Pioneer Bay,Point,1,Instant,SBT,Siganus doliatus,20-25,2
15/02/2023,,,Pioneer Bay,Central Pioneer Bay,Point,1,Instant,SBT,Acanthurus sp. ,10--15,6
15/02/2023,,,Pioneer Bay,Central Pioneer Bay,Point,1,Instant,SBT,Scolopsis margaritifera,20-25,3
15/02/2023,,,Pioneer Bay,Central Pioneer Bay,Point,1,Instant,SBT,Scarus rivulatus,15-20,3
15/02/2023,,,Pioneer Bay,Central Pioneer Bay,Point,1,Instant,SBT,Scarus flavipectoralis,15-20,1
15/02/2023,,,Pioneer Bay,Central Pioneer Bay,Point,1,Instant,SBT,Chlorurus spilurus,15-20,1
15/02/2023,,,Pioneer Bay,Central Pioneer Bay,Point,1,Instant,SBT,Chlorurus spilurus,20-25,1
15/02/2023,,,Pioneer Bay,Central Pioneer Bay,Point,1,10 mins,SBT,Siganus puellus,20-25,2
15/02/2023,,,Pioneer Bay,Central Pioneer Bay,Point,1,10 mins,SBT,Siganus doliatus,20-25,4
15/02/2023,,,Pioneer Bay,Central Pioneer Bay,Point,1,10 mins,SBT,Acanthurus sp. ,10--15,4
15/02/2023,,,Pioneer Bay,Central Pioneer Bay,Point,1,10 mins,SBT,Scolopsis margaritifera,20-25,1
15/02/2023,,,Pioneer Bay,Central Pioneer Bay,Point,1,10 mins,SBT,Scarus rivulatus,15-20,1
15/02/2023,,,Pioneer Bay,Central Pioneer Bay,Point,1,10 mins,SBT,Chlorurus spilurus,15-20,2
15/02/2023,,,Pioneer Bay,Central Pioneer Bay,Point,1,10 mins,SBT,Chlorurus spilurus,20-25,1
15/02/2023,,,Pioneer Bay,Central Pioneer Bay,Point,1,10 mins,SBT,Diagramma pictum,35-40,1
15/02/2023,,,Pioneer Bay,Central Pioneer Bay,Point,1,10 mins,SBT,Epibulus insidiator,20-25,2
15/02/2023,,,Pioneer Bay,Central Pioneer Bay,Point,1,10 mins,SBT,Scarus flavipectoralis,10--15,2
15/02/2023,,,Pioneer Bay,Central Pioneer Bay,Point,1,10 mins,SBT,Scarus rivulatus,10--15,3
15/02/2023,,,Pioneer Bay,Central Pioneer Bay,Point,1,10 mins,SBT,Thalassoma lunare,10--15,1
15/02/2023,,,Pioneer Bay,Central Pioneer Bay,Point,1,10 mins,SBT,Scolopsis margaritifera,10--15,1
15/02/2023,,,Pioneer Bay,Central Pioneer Bay,Point,1,10 mins,SBT,Pomacanthus sexstriatus,20-25,1
15/02/2023,,,Pioneer Bay,Central Pioneer Bay,Point,1,10 mins,SBT,Cephalopholis cyanostigma,15-20,1
15/02/2023,,,Pioneer Bay,Central Pioneer Bay,Point,1,10 mins,SBT,Cephalopholis cyanostigma,25-30,1
15/02/2023,,,Pioneer Bay,Central Pioneer Bay,Point,1,10 mins,SBT,Scarus rivulatus,35-40,1
15/02/2023,,,Pioneer Bay,Central Pioneer Bay,Point,1,10 mins,SBT,Scarus rivulatus,25-30,1
15/02/2023,,,Pioneer Bay,Central Pioneer Bay,Point,1,10 mins,SBT,Scarus psittacus,20-25,1
15/02/2023,,,Pioneer Bay,Central Pioneer Bay,Point,1,10 mins,SBT,Scolopsis margaritifera,15-20,5
15/02/2023,,,Pioneer Bay,Central Pioneer Bay,Point,1,10 mins,SBT,Chlorurus microrhinos,45-50,1
15/02/2023,,,Pioneer Bay,Central Pioneer Bay,Point,1,10 mins,SBT,Diagramma pictum,45-50,1
15/02/2023,,,Pioneer Bay,Central Pioneer Bay,Point,1,10 mins,SBT,Cephalopholis microprion,10--15,1
15/02/2023,,,Pioneer Bay,Central Pioneer Bay,Point,1,10 mins,SBT,Chlorurus spilurus,10--15,1
15/02/2023,,,Pioneer Bay,Central Pioneer Bay,Point,1,10 mins,SBT,Cheilinus fasciatus,10--15,1
15/02/2023,,,Pioneer Bay,Central Pioneer Bay,Point,1,10 mins,SBT,Acanthurus sp. ,25-30,1
15/02/2023,,,Pioneer Bay,Central Pioneer Bay,Point,2,Instant,SBT,Kyphosus cinerascens,25-30,1
15/02/2023,,,Pioneer Bay,Central Pioneer Bay,Point,2,Instant,SBT,Chlorurus microrhinos,25-30,1
15/02/2023,,,Pioneer Bay,Central Pioneer Bay,Point,2,Instant,SBT,Cheilinus fasciatus,10--15,1
15/02/2023,,,Pioneer Bay,Central Pioneer Bay,Point,2,Instant,SBT,Chlorurus microrhinos,40-45,1
15/02/2023,,,Pioneer Bay,Central Pioneer Bay,Point,2,Instant,SBT,Siganus lineatus,30-35,10
15/02/2023,,,Pioneer Bay,Central Pioneer Bay,Point,2,Instant,SBT,Diagramma pictum,40-45,1
15/02/2023,,,Pioneer Bay,Central Pioneer Bay,Point,2,Instant,SBT,Diploprion bifasciatum,15-20,1
15/02/2023,,,Pioneer Bay,Central Pioneer Bay,Point,2,Instant,SBT,Siganus doliatus,10--15,2
15/02/2023,,,Pioneer Bay,Central Pioneer Bay,Point,2,Instant,SBT,Siganus doliatus,15-20,4
15/02/2023,,,Pioneer Bay,Central Pioneer Bay,Point,2,Instant,SBT,Chlorurus microrhinos,10--15,1
15/02/2023,,,Pioneer Bay,Central Pioneer Bay,Point,2,Instant,SBT,Naso unicornis,35-40,1
15/02/2023,,,Pioneer Bay,Central Pioneer Bay,Point,2,Instant,SBT,Acanthurus sp. ,15-20,1
15/02/2023,,,Pioneer Bay,Central Pioneer Bay,Point,2,Instant,SBT,Scarus rivulatus,10--15,1
15/02/2023,,,Pioneer Bay,Central Pioneer Bay,Point,2,Instant,SBT,Cheilinus fasciatus,20-25,1
15/02/2023,,,Pioneer Bay,Central Pioneer Bay,Point,2,10 mins,SBT,Diagramma pictum,40-45,1
15/02/2023,,,Pioneer Bay,Central Pioneer Bay,Point,2,10 mins,SBT,Diploprion bifasciatum,15-20,1
15/02/2023,,,Pioneer Bay,Central Pioneer Bay,Point,2,10 mins,SBT,Siganus doliatus,15-20,5
15/02/2023,,,Pioneer Bay,Central Pioneer Bay,Point,2,10 mins,SBT,Chlorurus microrhinos,10--15,1
15/02/2023,,,Pioneer Bay,Central Pioneer Bay,Point,2,10 mins,SBT,Acanthurus sp. ,15-20,2
15/02/2023,,,Pioneer Bay,Central Pioneer Bay,Point,2,10 mins,SBT,Scarus rivulatus,10--15,3
15/02/2023,,,Pioneer Bay,Central Pioneer Bay,Point,2,10 mins,SBT,Cheilinus fasciatus,20-25,1
15/02/2023,,,Pioneer Bay,Central Pioneer Bay,Point,2,10 mins,SBT,Scarus schlegeli,15-20,1
15/02/2023,,,Pioneer Bay,Central Pioneer Bay,Point,2,10 mins,SBT,Scarus flavipectoralis,10--15,2
15/02/2023,,,Pioneer Bay,Central Pioneer Bay,Point,2,10 mins,SBT,Scarus rivulatus,15-20,4
15/02/2023,,,Pioneer Bay,Central Pioneer Bay,Point,2,10 mins,SBT,Acanthurus sp. ,10--15,5
15/02/2023,,,Pioneer Bay,Central Pioneer Bay,Point,2,10 mins,SBT,Plectorhinchus lineatus,45-50,1
15/02/2023,,,Pioneer Bay,Central Pioneer Bay,Point,2,10 mins,SBT,Diagramma pictum,45-50,1
15/02/2023,,,Pioneer Bay,Central Pioneer Bay,Point,2,10 mins,SBT,Scolopsis bilineata,10--15,1
15/02/2023,,,Pioneer Bay,Central Pioneer Bay,Point,2,10 mins,SBT,Scarus flavipectoralis,15-20,1
15/02/2023,,,Pioneer Bay,Central Pioneer Bay,Point,2,10 mins,SBT,Cephalopholis boenak,10--15,1
15/02/2023,,,Pioneer Bay,Central Pioneer Bay,Point,2,10 mins,SBT,Epibulus insidiator,15-20,1
15/02/2023,,,Pioneer Bay,Central Pioneer Bay,Point,2,10 mins,SBT,Siganus corallinus,15-20,1
15/02/2023,,,Pioneer Bay,Central Pioneer Bay,Point,2,10 mins,SBT,Choerodon fasciatus,15-20,1
15/02/2023,,,Pioneer Bay,Central Pioneer Bay,Point,2,10 mins,SBT,Chaetodon melannotus,10--15,2
15/02/2023,,,Pioneer Bay,Central Pioneer Bay,Point,2,10 mins,SBT,Scolopsis margaritifera,20-25,1
15/02/2023,,,Pioneer Bay,Central Pioneer Bay,Point,2,10 mins,SBT,Hemigymnus melapterus,15-20,1
15/02/2023,,,Pioneer Bay,Central Pioneer Bay,Point,2,10 mins,SBT,Thalassoma lunare,10--15,3
15/02/2023,,,Pioneer Bay,Central Pioneer Bay,Point,2,10 mins,SBT,Cephalopholis cyanostigma,15-20,1
15/02/2023,,,Pioneer Bay,Central Pioneer Bay,Point,2,10 mins,SBT,Siganus doliatus,20-25,1
15/02/2023,,,Pioneer Bay,Central Pioneer Bay,Point,2,10 mins,SBT,Scarus ghobban,20-25,1
15/02/2023,,,Pioneer Bay,Central Pioneer Bay,Point,2,10 mins,SBT,Choerodon anchorago,35-40,1
15/02/2023,,,Pioneer Bay,Central Pioneer Bay,Point,2,10 mins,SBT,Thalassoma lunare,15-20,1
15/02/2023,,,Pioneer Bay,Central Pioneer Bay,Point,2,10 mins,SBT,Lutjanus carponotatus,25-30,1
15/02/2023,,,Pioneer Bay,Central Pioneer Bay,Point,3,Instant,SBT,Scarus rivulatus,15-20,4
15/02/2023,,,Pioneer Bay,Central Pioneer Bay,Point,3,Instant,SBT,Scarus rivulatus,10--15,4
15/02/2023,,,Pioneer Bay,Central Pioneer Bay,Point,3,Instant,SBT,Siganus doliatus,15-20,2
15/02/2023,,,Pioneer Bay,Central Pioneer Bay,Point,3,Instant,SBT,Scolopsis margaritifera,20-25,2
15/02/2023,,,Pioneer Bay,Central Pioneer Bay,Point,3,Instant,SBT,Pomacanthus sexstriatus,20-25,1
15/02/2023,,,Pioneer Bay,Central Pioneer Bay,Point,3,Instant,SBT,Chelmon rostratus,10--15,1
15/02/2023,,,Pioneer Bay,Central Pioneer Bay,Point,3,Instant,SBT,Chaetodon auriga,10--15,1
15/02/2023,,,Pioneer Bay,Central Pioneer Bay,Point,3,Instant,SBT,Siganus doliatus,10--15,1
15/02/2023,,,Pioneer Bay,Central Pioneer Bay,Point,3,Instant,SBT,Lutjanus carponotatus,25-30,1
15/02/2023,,,Pioneer Bay,Central Pioneer Bay,Point,3,Instant,SBT,Cephalopholis boenak,10--15,1
15/02/2023,,,Pioneer Bay,Central Pioneer Bay,Point,3,10 mins,SBT,Scarus rivulatus,15-20,4
15/02/2023,,,Pioneer Bay,Central Pioneer Bay,Point,3,10 mins,SBT,Siganus doliatus,15-20,5
15/02/2023,,,Pioneer Bay,Central Pioneer Bay,Point,3,10 mins,SBT,Scolopsis margaritifera,20-25,5
15/02/2023,,,Pioneer Bay,Central Pioneer Bay,Point,3,10 mins,SBT,Chaetodon auriga,10--15,3
15/02/2023,,,Pioneer Bay,Central Pioneer Bay,Point,3,10 mins,SBT,Siganus doliatus,10--15,6
15/02/2023,,,Pioneer Bay,Central Pioneer Bay,Point,3,10 mins,SBT,Lutjanus carponotatus,25-30,1
15/02/2023,,,Pioneer Bay,Central Pioneer Bay,Point,3,10 mins,SBT,Chlorurus microrhinos,40-45,1
15/02/2023,,,Pioneer Bay,Central Pioneer Bay,Point,3,10 mins,SBT,Lutjanus rivulatus,35-40,1
15/02/2023,,,Pioneer Bay,Central Pioneer Bay,Point,3,10 mins,SBT,Epibulus insidiator,20-25,1
15/02/2023,,,Pioneer Bay,Central Pioneer Bay,Point,3,10 mins,SBT,Cephalopholis microprion,10--15,1
15/02/2023,,,Pioneer Bay,Central Pioneer Bay,Point,3,10 mins,SBT,Lutjanus rivulatus,30-35,2
15/02/2023,,,Pioneer Bay,Central Pioneer Bay,Point,3,10 mins,SBT,Heniochus acuminatus,10--15,1
15/02/2023,,,Pioneer Bay,Central Pioneer Bay,Point,3,10 mins,SBT,Scarus psittacus,20-25,1
15/02/2023,,,Pioneer Bay,Central Pioneer Bay,Point,3,10 mins,SBT,Choerodon anchorago,30-35,1
15/02/2023,,,Pioneer Bay,Central Pioneer Bay,Point,3,10 mins,SBT,Chelmon rostratus,10--15,1
15/02/2023,,,Pioneer Bay,Central Pioneer Bay,Point,3,10 mins,SBT,Chlorurus microrhinos,35-40,1
15/02/2023,,,Pioneer Bay,Central Pioneer Bay,Point,3,10 mins,SBT,Cephalopholis cyanostigma,20-25,1
15/02/2023,,,Pioneer Bay,Central Pioneer Bay,Point,4,Instant,SBT,Siganus doliatus,15-20,2
15/02/2023,,,Pioneer Bay,Central Pioneer Bay,Point,4,Instant,SBT,Scarus rivulatus,20-25,3
15/02/2023,,,Pioneer Bay,Central Pioneer Bay,Point,4,Instant,SBT,Pomacanthus sexstriatus,25-30,1
15/02/2023,,,Pioneer Bay,Central Pioneer Bay,Point,4,Instant,SBT,Thalassoma lunare,10--15,1
15/02/2023,,,Pioneer Bay,Central Pioneer Bay,Point,4,Instant,SBT,Chlorurus microrhinos,40-45,2
15/02/2023,,,Pioneer Bay,Central Pioneer Bay,Point,4,Instant,SBT,Scarus rivulatus,25-30,1
15/02/2023,,,Pioneer Bay,Central Pioneer Bay,Point,4,Instant,SBT,Scarus altipinnis,25-30,1
15/02/2023,,,Pioneer Bay,Central Pioneer Bay,Point,4,Instant,SBT,Scarus altipinnis,30-35,1
15/02/2023,,,Pioneer Bay,Central Pioneer Bay,Point,4,10 mins,SBT,Siganus doliatus,15-20,5
15/02/2023,,,Pioneer Bay,Central Pioneer Bay,Point,4,10 mins,SBT,Scarus rivulatus,20-25,1
15/02/2023,,,Pioneer Bay,Central Pioneer Bay,Point,4,10 mins,SBT,Thalassoma lunare,10--15,2
15/02/2023,,,Pioneer Bay,Central Pioneer Bay,Point,4,10 mins,SBT,Chlorurus microrhinos,40-45,2
15/02/2023,,,Pioneer Bay,Central Pioneer Bay,Point,4,10 mins,SBT,Scarus altipinnis,25-30,1
15/02/2023,,,Pioneer Bay,Central Pioneer Bay,Point,4,10 mins,SBT,Scarus altipinnis,30-35,1
15/02/2023,,,Pioneer Bay,Central Pioneer Bay,Point,4,10 mins,SBT,Chlorurus microrhinos,30-35,1
15/02/2023,,,Pioneer Bay,Central Pioneer Bay,Point,4,10 mins,SBT,Scarus rivulatus,15-20,2
15/02/2023,,,Pioneer Bay,Central Pioneer Bay,Point,4,10 mins,SBT,Scarus rivulatus,10--15,3
15/02/2023,,,Pioneer Bay,Central Pioneer Bay,Point,4,10 mins,SBT,Cephalopholis boenak,15-20,1
15/02/2023,,,Pioneer Bay,Central Pioneer Bay,Point,4,10 mins,SBT,Cephalopholis cyanostigma,25-30,2
15/02/2023,,,Pioneer Bay,Central Pioneer Bay,Point,4,10 mins,SBT,Chlorurus microrhinos,25-30,1
15/02/2023,,,Pioneer Bay,Central Pioneer Bay,Point,4,10 mins,SBT,Plectropomus leopardus,35-40,2
15/02/2023,,,Pioneer Bay,Central Pioneer Bay,Point,4,10 mins,SBT,Scarus ghobban,25-30,1
15/02/2023,,,Pioneer Bay,Central Pioneer Bay,Point,4,10 mins,SBT,Scolopsis margaritifera,20-25,4
15/02/2023,,,Pioneer Bay,Central Pioneer Bay,Point,4,10 mins,SBT,Epinephelus sp.,30-35,1
15/02/2023,,,Pioneer Bay,Central Pioneer Bay,Point,4,10 mins,SBT,Chaetodon lineolatus,10--15,1
15/02/2023,,,Pioneer Bay,Central Pioneer Bay,Point,4,10 mins,SBT,Arothron stellatus,20-25,1
15/02/2023,,,Pioneer Bay,Central Pioneer Bay,Point,4,10 mins,SBT,Scarus flavipectoralis,10--15,2
15/02/2023,,,Pioneer Bay,Central Pioneer Bay,Point,4,10 mins,SBT,Halichoeres chloropterus,10--15,1
15/02/2023,,,Pioneer Bay,Central Pioneer Bay,Transect ,1,20 m,SBT,Lutjanus gibbus,20-25,6
15/02/2023,,,Pioneer Bay,Central Pioneer Bay,Transect ,1,20 m,SBT,Acanthurus sp. ,10--15,1
15/02/2023,,,Pioneer Bay,Central Pioneer Bay,Transect ,1,20 m,SBT,Scolopsis margaritifera,25-30,1
15/02/2023,,,Pioneer Bay,Central Pioneer Bay,Transect ,1,20 m,SBT,Scolopsis bilineata,10--15,1
15/02/2023,,,Pioneer Bay,Central Pioneer Bay,Transect ,1,20 m,SBT,Cephalopholis cyanostigma,15-20,2
15/02/2023,,,Pioneer Bay,Central Pioneer Bay,Transect ,1,20 m,SBT,Siganus doliatus,20--25,2
15/02/2023,,,Pioneer Bay,Central Pioneer Bay,Transect ,1,20 m,SBT,Thalassoma lunare,10--15,1
15/02/2023,,,Pioneer Bay,Central Pioneer Bay,Transect ,1,20 m,SBT,Cephalopholis boenak,10--15,1
15/02/2023,,,Pioneer Bay,Central Pioneer Bay,Transect ,1,20 m,SBT,Cephalopholis cyanostigma,10--15,1
15/02/2023,,,Pioneer Bay,Central Pioneer Bay,Transect ,1,20 m,SBT,Epibulus insidiator,25-30,1
15/02/2023,,,Pioneer Bay,Central Pioneer Bay,Transect ,1,30 m,SBT,Thalassoma lunare,10--15,1
15/02/2023,,,Pioneer Bay,Central Pioneer Bay,Transect ,1,30 m,SBT,Naso unicornis,35-40,2
15/02/2023,,,Pioneer Bay,Central Pioneer Bay,Transect ,1,30 m,SBT,Naso unicornis,50-55,1
15/02/2023,,,Pioneer Bay,Central Pioneer Bay,Transect ,1,30 m,SBT,Scarus schlegeli,30-35,1
15/02/2023,,,Pioneer Bay,Central Pioneer Bay,Transect ,1,30 m,SBT,Acanthurus sp. ,20-25,3
15/02/2023,,,Pioneer Bay,Central Pioneer Bay,Transect ,1,30 m,SBT,Scarus rivulatus,20-25,1
15/02/2023,,,Pioneer Bay,Central Pioneer Bay,Transect ,1,30 m,SBT,Siganus puellus,20-25,1
15/02/2023,,,Pioneer Bay,Central Pioneer Bay,Transect ,1,30 m,SBT,Scarus rivulatus,25-30,2
15/02/2023,,,Pioneer Bay,Central Pioneer Bay,Transect ,1,30 m,SBT,Cephalopholis boenak,10--15,1
15/02/2023,,,Pioneer Bay,Central Pioneer Bay,Transect ,1,30 m,SBT,Choerodon fasciatus,10--15,1
15/02/2023,,,Pioneer Bay,Central Pioneer Bay,Transect ,1,30 m,SBT,Choerodon fasciatus,15-20,1
15/02/2023,,,Pioneer Bay,Central Pioneer Bay,Transect ,1,30 m,SBT,Scarus rivulatus,10--15,12
15/02/2023,,,Pioneer Bay,Central Pioneer Bay,Transect ,1,30 m,SBT,Coradion chrysozonus,10--15,2
15/02/2023,,,Pioneer Bay,Central Pioneer Bay,Transect ,1,30 m,SBT,Siganus doliatus,15-20,2
15/02/2023,,,Pioneer Bay,Central Pioneer Bay,Transect ,1,30 m,SBT,Scolopsis bilineata,15-20,1
15/02/2023,,,Pioneer Bay,Central Pioneer Bay,Transect ,1,30 m,SBT,Scolopsis margaritifera,15-20,6
15/02/2023,,,Pioneer Bay,Central Pioneer Bay,Transect ,1,30 m,SBT,Scarus frenatus,25-30,1
15/02/2023,,,Pioneer Bay,Central Pioneer Bay,Transect ,1,30 m,SBT,Scarus frenatus,20-25,1
15/02/2023,,,Pioneer Bay,Central Pioneer Bay,Transect ,2,20 m,SBT,Lutjanus carponotatus,15-20,5
15/02/2023,,,Pioneer Bay,Central Pioneer Bay,Transect ,2,20 m,SBT,Scarus rivulatus,10--15,5
15/02/2023,,,Pioneer Bay,Central Pioneer Bay,Transect ,2,20 m,SBT,Cephalopholis cyanostigma,20-25,4
15/02/2023,,,Pioneer Bay,Central Pioneer Bay,Transect ,2,20 m,SBT,Lutjanus carponotatus,20-25,2
15/02/2023,,,Pioneer Bay,Central Pioneer Bay,Transect ,2,20 m,SBT,Thalassoma lunare,10--15,2
15/02/2023,,,Pioneer Bay,Central Pioneer Bay,Transect ,2,20 m,SBT,Cheilinus fasciatus,10--15,2
15/02/2023,,,Pioneer Bay,Central Pioneer Bay,Transect ,2,20 m,SBT,Scarus niger,25-30,1
15/02/2023,,,Pioneer Bay,Central Pioneer Bay,Transect ,2,20 m,SBT,Bodianus mesothorax,10--15,1
15/02/2023,,,Pioneer Bay,Central Pioneer Bay,Transect ,2,20 m,SBT,Oxycheilinus diagramma,15-20,1
15/02/2023,,,Pioneer Bay,Central Pioneer Bay,Transect ,2,20 m,SBT,Siganus doliatus,15-20,1
15/02/2023,,,Pioneer Bay,Central Pioneer Bay,Transect ,2,20 m,SBT,Platax pinnatus,10--15,1
15/02/2023,,,Pioneer Bay,Central Pioneer Bay,Transect ,2,20 m,SBT,Thalassoma lunare,15-20,1
15/02/2023,,,Pioneer Bay,Central Pioneer Bay,Transect ,2,30 m,SBT,Thalassoma lunare,15-20,1
15/02/2023,,,Pioneer Bay,Central Pioneer Bay,Transect ,2,30 m,SBT,Chelmon rostratus,10--15,4
15/02/2023,,,Pioneer Bay,Central Pioneer Bay,Transect ,2,30 m,SBT,Scolopsis margaritifera,15-20,29
15/02/2023,,,Pioneer Bay,Central Pioneer Bay,Transect ,2,30 m,SBT,Scolopsis margaritifera,10--15,4
15/02/2023,,,Pioneer Bay,Central Pioneer Bay,Transect ,2,30 m,SBT,Cheilinus fasciatus,15-20,2
15/02/2023,,,Pioneer Bay,Central Pioneer Bay,Transect ,2,30 m,SBT,Scarus ghobban,15-20,1
15/02/2023,,,Pioneer Bay,Central Pioneer Bay,Transect ,2,30 m,SBT,Scarus rivulatus,25-30,1
15/02/2023,,,Pioneer Bay,Central Pioneer Bay,Transect ,2,30 m,SBT,Scarus flavipectoralis,10--15,1
15/02/2023,,,Pioneer Bay,Central Pioneer Bay,Transect ,2,30 m,SBT,Lutjanus carponotatus,15-20,1
15/02/2023,,,Pioneer Bay,Central Pioneer Bay,Transect ,2,30 m,SBT,Pomacanthus sexstriatus,20-25,1
15/02/2023,,,Pioneer Bay,Central Pioneer Bay,Transect ,2,30 m,SBT,Scarus rivulatus,20-25,1
15/02/2023,,,Pioneer Bay,Central Pioneer Bay,Transect ,2,30 m,SBT,Lethrinus nebulosus,40-45,3
15/02/2023,,,Pioneer Bay,Central Pioneer Bay,Transect ,2,30 m,SBT,Scolopsis margaritifera,20-25,1
15/02/2023,,,Pioneer Bay,Central Pioneer Bay,Transect ,2,30 m,SBT,Lutjanus carponotatus,20-25,1
15/02/2023,,,Pioneer Bay,Central Pioneer Bay,Transect ,2,30 m,SBT,Plectorhinchus gibbosus,50-55,3
15/02/2023,,,Pioneer Bay,Central Pioneer Bay,Transect ,2,30 m,SBT,Plectorhinchus gibbosus,40-45,7
15/02/2023,,,Pioneer Bay,Central Pioneer Bay,Transect ,2,30 m,SBT,Plectorhinchus gibbosus,30-35,2
15/02/2023,,,Pioneer Bay,Central Pioneer Bay,Transect ,2,30 m,SBT,Diploprion bifasciatum,10--15,1
15/02/2023,,,Pioneer Bay,Central Pioneer Bay,Transect ,3,20 m,SBT,Thalassoma lunare,10--15,1
15/02/2023,,,Pioneer Bay,Central Pioneer Bay,Transect ,3,20 m,SBT,Siganus doliatus,15-20,6
15/02/2023,,,Pioneer Bay,Central Pioneer Bay,Transect ,3,20 m,SBT,Siganus doliatus,20-25,7
15/02/2023,,,Pioneer Bay,Central Pioneer Bay,Transect ,3,20 m,SBT,Scolopsis margaritifera,20-25,3
15/02/2023,,,Pioneer Bay,Central Pioneer Bay,Transect ,3,20 m,SBT,Lutjanus carponotatus,25-30,1
15/02/2023,,,Pioneer Bay,Central Pioneer Bay,Transect ,3,20 m,SBT,Scarus rivulatus,35-40,2
15/02/2023,,,Pioneer Bay,Central Pioneer Bay,Transect ,3,20 m,SBT,Scarus altipinnis,30-35,1
15/02/2023,,,Pioneer Bay,Central Pioneer Bay,Transect ,3,20 m,SBT,Scarus rivulatus,25-30,1
15/02/2023,,,Pioneer Bay,Central Pioneer Bay,Transect ,3,20 m,SBT,Scarus flavipectoralis,25-30,1
15/02/2023,,,Pioneer Bay,Central Pioneer Bay,Transect ,3,20 m,SBT,Scolopsis margaritifera,15-20,3
15/02/2023,,,Pioneer Bay,Central Pioneer Bay,Transect ,3,20 m,SBT,Scarus rivulatus,10--15,1
15/02/2023,,,Pioneer Bay,Central Pioneer Bay,Transect ,3,20 m,SBT,Scarus rivulatus,20-25,3
15/02/2023,,,Pioneer Bay,Central Pioneer Bay,Transect ,3,20 m,SBT,Pomacanthus sexstriatus,25-30,1
15/02/2023,,,Pioneer Bay,Central Pioneer Bay,Transect ,3,20 m,SBT,Siganus lineatus,25-30,1
15/02/2023,,,Pioneer Bay,Central Pioneer Bay,Transect ,3,20 m,SBT,Cheilinus fasciatus,10--15,1
15/02/2023,,,Pioneer Bay,Central Pioneer Bay,Transect ,3,20 m,SBT,Choerodon fasciatus,10--15,1
15/02/2023,,,Pioneer Bay,Central Pioneer Bay,Transect ,3,20 m,SBT,Chaetodon aureofasciatus,10--15,2
15/02/2023,,,Pioneer Bay,Central Pioneer Bay,Transect ,3,20 m,SBT,Scarus rivulatus,30-35,1
15/02/2023,,,Pioneer Bay,Central Pioneer Bay,Transect ,3,30 m,SBT,Thalassoma lunare,10--15,1
15/02/2023,,,Pioneer Bay,Central Pioneer Bay,Transect ,3,30 m,SBT,Scarus rivulatus,25-30,2
15/02/2023,,,Pioneer Bay,Central Pioneer Bay,Transect ,3,30 m,SBT,Scarus rivulatus,30-35,1
15/02/2023,,,Pioneer Bay,Central Pioneer Bay,Transect ,3,30 m,SBT,Scolopsis margaritifera,10--15,1
15/02/2023,,,Pioneer Bay,Central Pioneer Bay,Transect ,3,30 m,SBT,Chlorurus microrhinos,30-35,2
15/02/2023,,,Pioneer Bay,Central Pioneer Bay,Transect ,3,30 m,SBT,Chlorurus microrhinos,35-40,1
15/02/2023,,,Pioneer Bay,Central Pioneer Bay,Transect ,3,30 m,SBT,Stethojulis strigiventer,10--15,1
15/02/2023,,,Pioneer Bay,Central Pioneer Bay,Transect ,3,30 m,SBT,Cephalopholis cyanostigma,20-25,1
15/02/2023,,,Pioneer Bay,Central Pioneer Bay,Transect ,3,30 m,SBT,Choerodon anchorago,30-35,1
15/02/2023,,,Pioneer Bay,Central Pioneer Bay,Transect ,3,30 m,SBT,Oxycheilinus diagramma,10--15,1
15/02/2023,,,Pioneer Bay,Central Pioneer Bay,Transect ,3,30 m,SBT,Siganus vulpinus ,20-25,2
15/02/2023,,,Pioneer Bay,Central Pioneer Bay,Transect ,4,20 m,SBT,Scarus rivulatus,30-35,2
15/02/2023,,,Pioneer Bay,Central Pioneer Bay,Transect ,4,20 m,SBT,Siganus doliatus,20-25,5
15/02/2023,,,Pioneer Bay,Central Pioneer Bay,Transect ,4,20 m,SBT,Chlorurus microrhinos,35-40,2
15/02/2023,,,Pioneer Bay,Central Pioneer Bay,Transect ,4,20 m,SBT,Chlorurus microrhinos,40-45,2
15/02/2023,,,Pioneer Bay,Central Pioneer Bay,Transect ,4,20 m,SBT,Chlorurus microrhinos,25-30,1
15/02/2023,,,Pioneer Bay,Central Pioneer Bay,Transect ,4,20 m,SBT,Siganus doliatus,15-20,2
15/02/2023,,,Pioneer Bay,Central Pioneer Bay,Transect ,4,20 m,SBT,Thalassoma lunare,15-20,1
15/02/2023,,,Pioneer Bay,Central Pioneer Bay,Transect ,4,20 m,SBT,Scarus altipinnis,30-35,1
15/02/2023,,,Pioneer Bay,Central Pioneer Bay,Transect ,4,20 m,SBT,Scarus altipinnis,25-30,2
15/02/2023,,,Pioneer Bay,Central Pioneer Bay,Transect ,4,20 m,SBT,Acanthurus sp. ,25-30,1
15/02/2023,,,Pioneer Bay,Central Pioneer Bay,Transect ,4,20 m,SBT,Lethrinus nebulosus,30-35,3
15/02/2023,,,Pioneer Bay,Central Pioneer Bay,Transect ,4,20 m,SBT,Pomacanthus sexstriatus,35-30,1
15/02/2023,,,Pioneer Bay,Central Pioneer Bay,Transect ,4,30 m,SBT,Scarus rivulatus,30-35,1
15/02/2023,,,Pioneer Bay,Central Pioneer Bay,Transect ,4,30 m,SBT,Siganus doliatus,20-25,2
15/02/2023,,,Pioneer Bay,Central Pioneer Bay,Transect ,4,30 m,SBT,Siganus doliatus,15-20,4
15/02/2023,,,Pioneer Bay,Central Pioneer Bay,Transect ,4,30 m,SBT,Thalassoma lunare,15-20,1
15/02/2023,,,Pioneer Bay,Central Pioneer Bay,Transect ,4,30 m,SBT,Acanthurus sp. ,25-30,3
15/02/2023,,,Pioneer Bay,Central Pioneer Bay,Transect ,4,30 m,SBT,Lethrinus nebulosus,30-35,3
15/02/2023,,,Pioneer Bay,Central Pioneer Bay,Transect ,4,30 m,SBT,Scolopsis margaritifera,10--15,1
15/02/2023,,,Pioneer Bay,Central Pioneer Bay,Transect ,4,30 m,SBT,Choerodon fasciatus,10--15,2
15/02/2023,,,Pioneer Bay,Central Pioneer Bay,Transect ,4,30 m,SBT,Cephalopholis cyanostigma,25-30,3
15/02/2023,,,Pioneer Bay,Central Pioneer Bay,Transect ,4,30 m,SBT,Scarus rivulatus,10--15,2
15/02/2023,,,Pioneer Bay,Central Pioneer Bay,Transect ,4,30 m,SBT,Scolopsis bilineata,10--15,2
15/02/2023,,,Pioneer Bay,Central Pioneer Bay,Transect ,4,30 m,SBT,Chlorurus spilurus,20-25,1
15/02/2023,,,Pioneer Bay,Central Pioneer Bay,Transect ,4,30 m,SBT,Chlorurus bleekeri,25-30,1
15/02/2023,,,Pioneer Bay,Central Pioneer Bay,Transect ,4,30 m,SBT,Cephalopholis cyanostigma,15-20,1
15/02/2023,,,Pioneer Bay,Central Pioneer Bay,Transect ,4,30 m,SBT,Epinephelus malabaricus,35-40,1
15/02/2023,,,Pioneer Bay,Central Pioneer Bay,Transect ,4,30 m,SBT,Scolopsis bilineata,15-20,1
15/02/2023,,,Pioneer Bay,Central Pioneer Bay,Transect ,4,30 m,SBT,Chaetodon auriga,10--15,1
15/02/2023,,,Pioneer Bay,Central Pioneer Bay,Transect ,4,30 m,SBT,Acanthurus sp. ,10--15,1
15/02/2023,,,Pioneer Bay,Central Pioneer Bay,Transect ,4,30 m,SBT,Scarus flavipectoralis,25-30,1
15/02/2023,,,Pioneer Bay,Central Pioneer Bay,Transect ,4,30 m,SBT,Scarus flavipectoralis,10--15,1
15/02/2023,,,Pioneer Bay,Central Pioneer Bay,Transect ,4,30 m,SBT,Acanthurus sp. ,20-25,4
15/02/2023,,,Pioneer Bay,Central Pioneer Bay,Transect ,4,30 m,SBT,Lethrinus nebulosus,35-40,1
15/02/2023,,,Pioneer Bay,Central Pioneer Bay,Transect ,4,30 m,SBT,Thalassoma lunare,10--15,1
15/02/2023,,,Pioneer Bay,Central Pioneer Bay,Transect ,4,30 m,SBT,Chaetodon aureofasciatus,10--15,1
15/02/2023,,,Pioneer Bay,Central Pioneer Bay,Point,1,Instant,SKC,Acanthurus sp. ,20-25,4
15/02/2023,,,Pioneer Bay,Central Pioneer Bay,Point,1,Instant,SKC,Plectropomus leopardus,30-35,1
15/02/2023,,,Pioneer Bay,Central Pioneer Bay,Point,1,Instant,SKC,Chlorurus microrhinos,45-50,1
15/02/2023,,,Pioneer Bay,Central Pioneer Bay,Point,1,Instant,SKC,Scarus rivulatus,15-20,5
15/02/2023,,,Pioneer Bay,Central Pioneer Bay,Point,1,10 mins,SKC,Chlorurus microrhinos,45-50,2
15/02/2023,,,Pioneer Bay,Central Pioneer Bay,Point,1,10 mins,SKC,Scarus rivulatus,15-20,5
15/02/2023,,,Pioneer Bay,Central Pioneer Bay,Point,1,10 mins,SKC,Cheilinus fasciatus,15-20,1
15/02/2023,,,Pioneer Bay,Central Pioneer Bay,Point,1,10 mins,SKC,Lutjanus carponotatus,15-20,4
15/02/2023,,,Pioneer Bay,Central Pioneer Bay,Point,1,10 mins,SKC,Scarus rivulatus,10--15,10
15/02/2023,,,Pioneer Bay,Central Pioneer Bay,Point,1,10 mins,SKC,Pomacanthus sexstriatus,20-25,1
15/02/2023,,,Pioneer Bay,Central Pioneer Bay,Point,1,10 mins,SKC,Diagramma pictum,45-50,1
15/02/2023,,,Pioneer Bay,Central Pioneer Bay,Point,1,10 mins,SKC,Cephalopholis cyanostigma,10--15,1
15/02/2023,,,Pioneer Bay,Central Pioneer Bay,Point,1,10 mins,SKC,Hemigymnus melapterus,10--15,1
15/02/2023,,,Pioneer Bay,Central Pioneer Bay,Point,1,10 mins,SKC,Chaetodon vagabundus,10--15,1
15/02/2023,,,Pioneer Bay,Central Pioneer Bay,Point,1,10 mins,SKC,Scolopsis margaritifera,15-20,7
15/02/2023,,,Pioneer Bay,Central Pioneer Bay,Point,1,10 mins,SKC,Siganus doliatus,15-20,6
15/02/2023,,,Pioneer Bay,Central Pioneer Bay,Point,1,10 mins,SKC,Cheilinus trilobatus,15-20,1
15/02/2023,,,Pioneer Bay,Central Pioneer Bay,Point,1,10 mins,SKC,Scarus dimidiatus,15-20,1
15/02/2023,,,Pioneer Bay,Central Pioneer Bay,Point,1,10 mins,SKC,Plectropomus maculatus,15-20,3
15/02/2023,,,Pioneer Bay,Central Pioneer Bay,Point,1,10 mins,SKC,Thalassoma lunare,10--15,1
15/02/2023,,,Pioneer Bay,Central Pioneer Bay,Point,1,10 mins,SKC,Scarus chameleon,15-20,1
15/02/2023,,,Pioneer Bay,Central Pioneer Bay,Point,1,10 mins,SKC,Siganus lineatus,30-35,1
15/02/2023,,,Pioneer Bay,Central Pioneer Bay,Point,1,10 mins,SKC,Hemigymnus melapterus,15-20,2
15/02/2023,,,Pioneer Bay,Central Pioneer Bay,Point,1,10 mins,SKC,Scarus altipinnis,15-20,1
15/02/2023,,,Pioneer Bay,Central Pioneer Bay,Point,1,10 mins,SKC,Lethrinus nebulosus,35-40,2
15/02/2023,,,Pioneer Bay,Central Pioneer Bay,Point,1,10 mins,SKC,Hippocarus longiceps,20-25,4
15/02/2023,,,Pioneer Bay,Central Pioneer Bay,Point,1,10 mins,SKC,Scarus flavipectoralis,15-20,2
15/02/2023,,,Pioneer Bay,Central Pioneer Bay,Point,2,Instant,SKC,Siganus doliatus,10--15,3
15/02/2023,,,Pioneer Bay,Central Pioneer Bay,Point,2,Instant,SKC,Siganus doliatus,15-20,6
15/02/2023,,,Pioneer Bay,Central Pioneer Bay,Point,2,Instant,SKC,Acanthurus sp. ,15-20,1
15/02/2023,,,Pioneer Bay,Central Pioneer Bay,Point,2,Instant,SKC,Lutjanus carponotatus,20-25,1
15/02/2023,,,Pioneer Bay,Central Pioneer Bay,Point,2,Instant,SKC,Scarus rivulatus,15-20,10
15/02/2023,,,Pioneer Bay,Central Pioneer Bay,Point,2,Instant,SKC,Epibulus insidiator,15-20,1
15/02/2023,,,Pioneer Bay,Central Pioneer Bay,Point,2,Instant,SKC,Thalassoma lunare,10--15,1
15/02/2023,,,Pioneer Bay,Central Pioneer Bay,Point,2,Instant,SKC,Diagramma pictum,35-40,1
15/02/2023,,,Pioneer Bay,Central Pioneer Bay,Point,2,Instant,SKC,Bodianus mesothorax,10--15,1
15/02/2023,,,Pioneer Bay,Central Pioneer Bay,Point,2,10 mins,SKC,Siganus doliatus,10--15,5
15/02/2023,,,Pioneer Bay,Central Pioneer Bay,Point,2,10 mins,SKC,Siganus doliatus,15-20,7
15/02/2023,,,Pioneer Bay,Central Pioneer Bay,Point,2,10 mins,SKC,Lutjanus carponotatus,20-25,1
15/02/2023,,,Pioneer Bay,Central Pioneer Bay,Point,2,10 mins,SKC,Scarus rivulatus,10--15,3
15/02/2023,,,Pioneer Bay,Central Pioneer Bay,Point,2,10 mins,SKC,Scarus rivulatus,15-20,7
15/02/2023,,,Pioneer Bay,Central Pioneer Bay,Point,2,10 mins,SKC,Diagramma pictum,35-40,1
15/02/2023,,,Pioneer Bay,Central Pioneer Bay,Point,2,10 mins,SKC,Scolopsis margaritifera,15-20,12
15/02/2023,,,Pioneer Bay,Central Pioneer Bay,Point,2,10 mins,SKC,Plectorhinchus chaetodonoides,25-30,1
15/02/2023,,,Pioneer Bay,Central Pioneer Bay,Point,2,10 mins,SKC,Scarus rivulatus,25-30,1
15/02/2023,,,Pioneer Bay,Central Pioneer Bay,Point,2,10 mins,SKC,Choerodon fasciatus,10--15,1
15/02/2023,,,Pioneer Bay,Central Pioneer Bay,Point,2,10 mins,SKC,Scarus flavipectoralis,10--15,5
15/02/2023,,,Pioneer Bay,Central Pioneer Bay,Point,2,10 mins,SKC,Cheilinus fasciatus,10--15,1
15/02/2023,,,Pioneer Bay,Central Pioneer Bay,Point,2,10 mins,SKC,Plectropomus maculatus,30-35,1
15/02/2023,,,Pioneer Bay,Central Pioneer Bay,Point,2,10 mins,SKC,Cephalopholis cyanostigma,20-25,1
15/02/2023,,,Pioneer Bay,Central Pioneer Bay,Point,2,10 mins,SKC,Chaetodon lineolatus,10--15,1
15/02/2023,,,Pioneer Bay,Central Pioneer Bay,Point,2,10 mins,SKC,Acanthurus sp. ,15-20,8
15/02/2023,,,Pioneer Bay,Central Pioneer Bay,Point,2,10 mins,SKC,Chlorurus bleekeri,15-20,5
15/02/2023,,,Pioneer Bay,Central Pioneer Bay,Point,2,10 mins,SKC,Scarus schlegeli,20-25,1
15/02/2023,,,Pioneer Bay,Central Pioneer Bay,Point,2,10 mins,SKC,Hipposcarus longiceps,20-25,3
15/02/2023,,,Pioneer Bay,Central Pioneer Bay,Point,2,10 mins,SKC,Choerodon schoenleinii,15-20,1
15/02/2023,,,Pioneer Bay,Central Pioneer Bay,Point,2,10 mins,SKC,Scarus dimidiatus,20-25,3
15/02/2023,,,Pioneer Bay,Central Pioneer Bay,Point,2,10 mins,SKC,Scarus chameleon,15-20,1
15/02/2023,,,Pioneer Bay,Central Pioneer Bay,Point,2,10 mins,SKC,Scarus rivulatus,20-25,1
15/02/2023,,,Pioneer Bay,Central Pioneer Bay,Point,2,10 mins,SKC,Chaetodon aureofasciatus,10--15,2
15/02/2023,,,Pioneer Bay,Central Pioneer Bay,Point,2,10 mins,SKC,Scolopsis bilineata,15-20,2
15/02/2023,,,Pioneer Bay,Central Pioneer Bay,Point,2,10 mins,SKC,Cheilinus trilobatus,15-20,1
15/02/2023,,,Pioneer Bay,Central Pioneer Bay,Point,2,10 mins,SKC,Chelmon rostratus,10--15,1
15/02/2023,,,Pioneer Bay,Central Pioneer Bay,Point,3,Instant,SKC,Choerodon schoenleinii,50-55,1
15/02/2023,,,Pioneer Bay,Central Pioneer Bay,Point,3,Instant,SKC,Diagramma pictum,40-45,3
15/02/2023,,,Pioneer Bay,Central Pioneer Bay,Point,3,Instant,SKC,Choerodon schoenleinii,30-35,1
15/02/2023,,,Pioneer Bay,Central Pioneer Bay,Point,3,Instant,SKC,Chlorurus bleekeri,15-20,2
15/02/2023,,,Pioneer Bay,Central Pioneer Bay,Point,3,Instant,SKC,Scarus rivulatus,15-20,5
15/02/2023,,,Pioneer Bay,Central Pioneer Bay,Point,3,10 mins,SKC,Choerodon schoenleinii,50-55,1
15/02/2023,,,Pioneer Bay,Central Pioneer Bay,Point,3,10 mins,SKC,Diagramma pictum,40-45,2
15/02/2023,,,Pioneer Bay,Central Pioneer Bay,Point,3,10 mins,SKC,Choerodon schoenleinii,30-35,1
15/02/2023,,,Pioneer Bay,Central Pioneer Bay,Point,3,10 mins,SKC,Chlorurus bleekeri,15-20,1
15/02/2023,,,Pioneer Bay,Central Pioneer Bay,Point,3,10 mins,SKC,Scarus rivulatus,15-20,11
15/02/2023,,,Pioneer Bay,Central Pioneer Bay,Point,3,10 mins,SKC,Scolopsis margaritifera,15-20,3
15/02/2023,,,Pioneer Bay,Central Pioneer Bay,Point,3,10 mins,SKC,Thalassoma lunare,10--15,2
15/02/2023,,,Pioneer Bay,Central Pioneer Bay,Point,3,10 mins,SKC,Siganus doliatus,15-20,2
15/02/2023,,,Pioneer Bay,Central Pioneer Bay,Point,3,10 mins,SKC,Chaetodon aureofasciatus,10--15,4
15/02/2023,,,Pioneer Bay,Central Pioneer Bay,Point,3,10 mins,SKC,Pomacanthus sexstriatus,20-25,1
15/02/2023,,,Pioneer Bay,Central Pioneer Bay,Point,3,10 mins,SKC,Pomacanthus sexstriatus,25-30,1
15/02/2023,,,Pioneer Bay,Central Pioneer Bay,Point,3,10 mins,SKC,Cephalopholis boenak,15-20,1
15/02/2023,,,Pioneer Bay,Central Pioneer Bay,Point,3,10 mins,SKC,Chlorurus microrhinos,35-40,1
15/02/2023,,,Pioneer Bay,Central Pioneer Bay,Point,3,10 mins,SKC,Scarus niger,30-35,1
15/02/2023,,,Pioneer Bay,Central Pioneer Bay,Point,3,10 mins,SKC,Scarus schlegeli,30-35,1
15/02/2023,,,Pioneer Bay,Central Pioneer Bay,Point,3,10 mins,SKC,Siganus lineatus,25-30,1
15/02/2023,,,Pioneer Bay,Central Pioneer Bay,Point,3,10 mins,SKC,Acanthurus sp. ,15-20,3
15/02/2023,,,Pioneer Bay,Central Pioneer Bay,Point,3,10 mins,SKC,Lethrinus nebulosus,15-20,2
15/02/2023,,,Pioneer Bay,Central Pioneer Bay,Transect,1,20 m,ACS,Scolopsis margaritifera,20--25,9
15/02/2023,,,Pioneer Bay,Central Pioneer Bay,Transect,1,20 m,ACS,Scarus schlegeli,25--30,1
15/02/2023,,,Pioneer Bay,Central Pioneer Bay,Transect,1,20 m,ACS,Scarus rivulatus,10--15,3
15/02/2023,,,Pioneer Bay,Central Pioneer Bay,Transect,1,20 m,ACS,Scarus rivulatus,15--20,6
15/02/2023,,,Pioneer Bay,Central Pioneer Bay,Transect,1,20 m,ACS,Bodianus mesothorax,10--15,2
15/02/2023,,,Pioneer Bay,Central Pioneer Bay,Transect,1,20 m,ACS,Chaetodon aureofasciatus,10--15,3
15/02/2023,,,Pioneer Bay,Central Pioneer Bay,Transect,1,20 m,ACS,Thalassoma lunare,10--15,1
15/02/2023,,,Pioneer Bay,Central Pioneer Bay,Transect,1,20 m,ACS,Lutjanus carponotatus,25--30,2
15/02/2023,,,Pioneer Bay,Central Pioneer Bay,Transect,1,20 m,ACS,Scarus rivulatus,25--30,1
15/02/2023,,,Pioneer Bay,Central Pioneer Bay,Transect,1,20 m,ACS,Siganus doliatus,10--15,5
15/02/2023,,,Pioneer Bay,Central Pioneer Bay,Transect,1,20 m,ACS,Hemigymnus melapterus,10--15,1
15/02/2023,,,Pioneer Bay,Central Pioneer Bay,Transect,1,20 m,ACS,Thalassoma lunare,10--15,1
15/02/2023,,,Pioneer Bay,Central Pioneer Bay,Transect,1,30 m ,ACS,Scolopsis margaritifera,20--25,6
15/02/2023,,,Pioneer Bay,Central Pioneer Bay,Transect,1,30 m ,ACS,Lutjanus carponotatus,25--30,2
15/02/2023,,,Pioneer Bay,Central Pioneer Bay,Transect,1,30 m ,ACS,Thalassoma lunare,10--15,2
15/02/2023,,,Pioneer Bay,Central Pioneer Bay,Transect,1,30 m ,ACS,Cephalopholis microprion,15--20,1
15/02/2023,,,Pioneer Bay,Central Pioneer Bay,Transect,1,30 m ,ACS,Chaetodon vagabundus,10--15,1
15/02/2023,,,Pioneer Bay,Central Pioneer Bay,Transect,1,30 m ,ACS,Hemigymnus melapterus,10--15,2
15/02/2023,,,Pioneer Bay,Central Pioneer Bay,Transect,1,30 m ,ACS,Siganus doliatus,10--15,3
15/02/2023,,,Pioneer Bay,Central Pioneer Bay,Transect,1,30 m ,ACS,Platax pinnatus,20--25,1
15/02/2023,,,Pioneer Bay,Central Pioneer Bay,Transect,1,30 m ,ACS,Scolopsis bilineata,10--15,1
15/02/2023,,,Pioneer Bay,Central Pioneer Bay,Transect,1,30 m ,ACS,Scolopsis margaritifera,15--20,8
15/02/2023,,,Pioneer Bay,Central Pioneer Bay,Transect,1,30 m ,ACS,Epibulus insidiator,15--20,1
15/02/2023,,,Pioneer Bay,Central Pioneer Bay,Transect,1,30 m ,ACS,Thalassoma lunare,15--20,2
15/02/2023,,,Pioneer Bay,Central Pioneer Bay,Transect,1,30 m ,ACS,Scarus rivulatus,15--20,2
15/02/2023,,,Pioneer Bay,Central Pioneer Bay,Transect,1,30 m ,ACS,Hemigymnus melapterus,15--20,1
15/02/2023,,,Pioneer Bay,Central Pioneer Bay,Transect,1,30 m ,ACS,Chlorurus microrhinos,30--35,1
15/02/2023,,,Pioneer Bay,Central Pioneer Bay,Transect,1,30 m ,ACS,Chlorurus microrhinos,20--25,3
15/02/2023,,,Pioneer Bay,Central Pioneer Bay,Transect,1,30 m ,ACS,Scarus flavipectoralis,30--35,1
15/02/2023,,,Pioneer Bay,Central Pioneer Bay,Transect,1,30 m ,ACS,Scarus niger,15--20,2
15/02/2023,,,Pioneer Bay,Central Pioneer Bay,Transect,1,30 m ,ACS,Pomacanthus sexstriatus,30--35,1
15/02/2023,,,Pioneer Bay,Central Pioneer Bay,Transect,1,30 m ,ACS,Cephalopholis cyanostigma,25--30,1
15/02/2023,,,Pioneer Bay,Central Pioneer Bay,Transect,1,30 m ,ACS,Siganus doliatus,15--20,3
15/02/2023,,,Pioneer Bay,Central Pioneer Bay,Transect,1,30 m ,ACS,Siganus puellus,15--20,1
15/02/2023,,,Pioneer Bay,Central Pioneer Bay,Transect,2,20 m ,ACS,Scarus rivulatus,10--15,4
15/02/2023,,,Pioneer Bay,Central Pioneer Bay,Transect,2,20 m ,ACS,Siganus doliatus,10--15,8
15/02/2023,,,Pioneer Bay,Central Pioneer Bay,Transect,2,20 m ,ACS,Thalassoma lunare,10--15,1
15/02/2023,,,Pioneer Bay,Central Pioneer Bay,Transect,2,20 m ,ACS,Chaetodon aureofasciatus,10--15,3
15/02/2023,,,Pioneer Bay,Central Pioneer Bay,Transect,2,20 m ,ACS,Scolopsis margaritifera,10--15,3
15/02/2023,,,Pioneer Bay,Central Pioneer Bay,Transect,2,20 m ,ACS,Scolopsis margaritifera,15--20,1
15/02/2023,,,Pioneer Bay,Central Pioneer Bay,Transect,2,20 m ,ACS,Chaetodon aureofasciatus,10--15,1
15/02/2023,,,Pioneer Bay,Central Pioneer Bay,Transect,2,20 m ,ACS,Chaetodon lineolatus,15--20,1
15/02/2023,,,Pioneer Bay,Central Pioneer Bay,Transect,2,20 m ,ACS,Scarus rivulatus,15--20,7
15/02/2023,,,Pioneer Bay,Central Pioneer Bay,Transect,2,20 m ,ACS,Scarus rivulatus,30--35,3
15/02/2023,,,Pioneer Bay,Central Pioneer Bay,Transect,2,20 m ,ACS,Thalassoma lunare,10--15,3
15/02/2023,,,Pioneer Bay,Central Pioneer Bay,Transect,2,20 m ,ACS,Siganus doliatus,15--20,1
15/02/2023,,,Pioneer Bay,Central Pioneer Bay,Transect,2,20 m ,ACS,Diagramma pictum,50--55,1
15/02/2023,,,Pioneer Bay,Central Pioneer Bay,Transect,2,20 m ,ACS,Scolopsis bilineata,10--15,1
15/02/2023,,,Pioneer Bay,Central Pioneer Bay,Transect,2,20 m ,ACS,Choerodon schoenleinii,35--40,1
15/02/2023,,,Pioneer Bay,Central Pioneer Bay,Transect,2,20 m ,ACS,Cheilinus fasciatus,25--30,1
15/02/2023,,,Pioneer Bay,Central Pioneer Bay,Transect,2,20 m ,ACS,Pomacanthus sexstriatus,25--30,1
15/02/2023,,,Pioneer Bay,Central Pioneer Bay,Transect,2,20 m ,ACS,Chelmon rostratus,10--15,3
15/02/2023,,,Pioneer Bay,Central Pioneer Bay,Transect,2,20 m ,ACS,Scarus rivulatus,20--25,3
15/02/2023,,,Pioneer Bay,Central Pioneer Bay,Transect,2,20 m ,ACS,Cephalopholis cyanostigma,15--20,1
15/02/2023,,,Pioneer Bay,Central Pioneer Bay,Transect,2,30 m,ACS,Scarus rivulatus,10--15,2
15/02/2023,,,Pioneer Bay,Central Pioneer Bay,Transect,2,30 m ,ACS,Siganus doliatus,10--15,11
15/02/2023,,,Pioneer Bay,Central Pioneer Bay,Transect,2,30 m ,ACS,Scolopsis margaritifera,10--15,3
15/02/2023,,,Pioneer Bay,Central Pioneer Bay,Transect,2,30 m ,ACS,Scarus rivulatus,15--20,2
15/02/2023,,,Pioneer Bay,Central Pioneer Bay,Transect,2,30 m ,ACS,Thalassoma lunare,10--15,2
15/02/2023,,,Pioneer Bay,Central Pioneer Bay,Transect,2,30 m ,ACS,Scolopsis bilineata,10--15,1
15/02/2023,,,Pioneer Bay,Central Pioneer Bay,Transect,2,30 m ,ACS,Scarus rivulatus,20--25,3
15/02/2023,,,Pioneer Bay,Central Pioneer Bay,Transect,2,30 m ,ACS,Chaetodon rafflesi,10--15,1
15/02/2023,,,Pioneer Bay,Central Pioneer Bay,Transect,2,30 m ,ACS,Chaetodon ephippium ,10--15,2
15/02/2023,,,Pioneer Bay,Central Pioneer Bay,Transect,2,30 m ,ACS,Chaetodon plebius,10--15,1
15/02/2023,,,Pioneer Bay,Central Pioneer Bay,Transect,2,30 m ,ACS,Chlorurus spilurus,15--20,1
15/02/2023,,,Pioneer Bay,Central Pioneer Bay,Transect,2,30 m ,ACS,Scarus flavipectoralis,10--15,4
15/02/2023,,,Pioneer Bay,Central Pioneer Bay,Transect,2,30 m ,ACS,Hemigymnus melapterus,10--15,1
15/02/2023,,,Pioneer Bay,Central Pioneer Bay,Transect,2,30 m ,ACS,Scarus flavipectoralis,25--30,1
15/02/2023,,,Pioneer Bay,Central Pioneer Bay,Transect,2,30 m ,ACS,Hipposcarus longiceps,10--15,2
15/02/2023,,,Pioneer Bay,Central Pioneer Bay,Transect,2,30 m ,ACS,Siganus doliatus,15--20,2
15/02/2023,,,Pioneer Bay,Central Pioneer Bay,Transect,3,20 m ,ACS,Chaetodon aureofasciatus,10--15,2
15/02/2023,,,Pioneer Bay,Central Pioneer Bay,Transect,3,20 m ,ACS,Chelmon rostratus,10--15,1
15/02/2023,,,Pioneer Bay,Central Pioneer Bay,Transect,3,20 m ,ACS,Lutjanus carponotatus,20--25,1
15/02/2023,,,Pioneer Bay,Central Pioneer Bay,Transect,3,20 m ,ACS,Scolopsis margaritifera,15--20,1
15/02/2023,,,Pioneer Bay,Central Pioneer Bay,Transect,3,20 m ,ACS,Pomacanthus sexstriatus,30--35,1
15/02/2023,,,Pioneer Bay,Central Pioneer Bay,Transect,3,20 m ,ACS,Chlorurus microrhinos,30--35,1
15/02/2023,,,Pioneer Bay,Central Pioneer Bay,Transect,3,20 m ,ACS,Chlorurus microrhinos,25--30,1
15/02/2023,,,Pioneer Bay,Central Pioneer Bay,Transect,3,20 m ,ACS,Chaetodon rafflesi,10--15,1
15/02/2023,,,Pioneer Bay,Central Pioneer Bay,Transect,3,20 m ,ACS,Scarus rivulatus,15--20,4
15/02/2023,,,Pioneer Bay,Central Pioneer Bay,Transect,3,20 m ,ACS,Scarus rivulatus,20--25,1
15/02/2023,,,Pioneer Bay,Central Pioneer Bay,Transect,3,30 m ,ACS,Scarus rivulatus,15--20,7
15/02/2023,,,Pioneer Bay,Central Pioneer Bay,Transect,3,30 m ,ACS,Scarus rivulatus,20--25,1
15/02/2023,,,Pioneer Bay,Central Pioneer Bay,Transect,3,30 m ,ACS,Scarus flavipectoralis,10--15,2
15/02/2023,,,Pioneer Bay,Central Pioneer Bay,Transect,3,30 m ,ACS,Siganus doliatus,10--15,9
15/02/2023,,,Pioneer Bay,Central Pioneer Bay,Transect,3,30 m ,ACS,Cephalopholis cyanostigma,15--20,1
15/02/2023,,,Pioneer Bay,Central Pioneer Bay,Transect,3,30 m ,ACS,Epibulus insidiator,20--25,1
15/02/2023,,,Pioneer Bay,Central Pioneer Bay,Transect,3,30 m ,ACS,Thalassoma lunare,10--15,2
15/02/2023,,,Pioneer Bay,Central Pioneer Bay,Transect,3,30 m ,ACS,Thalassoma lunare,15--20,3
15/02/2023,,,Pioneer Bay,Central Pioneer Bay,Transect,3,30 m ,ACS,Scarus rivulatus,10--15,7
15/02/2023,,,Pioneer Bay,Central Pioneer Bay,Transect,3,30 m ,ACS,Choerodon anchorago,20--25,1
15/02/2023,,,Pioneer Bay,Central Pioneer Bay,Transect,3,30 m ,ACS,Chaetodon aureofasciatus,10--15,1
15/02/2023,,,Pioneer Bay,Central Pioneer Bay,Transect,3,30 m ,ACS,Labrichthys unilineatus,10--15,1
15/02/2023,,,Pioneer Bay,Central Pioneer Bay,Transect,3,30 m ,ACS,Scolopsis bilineata,10--15,1
15/02/2023,,,Pioneer Bay,Central Pioneer Bay,Transect,3,30 m ,ACS,Siganus doliatus,15--20,2
15/02/2023,,,Pioneer Bay,Central Pioneer Bay,Transect,3,30 m ,ACS,Chlorurus microrhinos,25--30,1
15/02/2023,,,Pioneer Bay,Central Pioneer Bay,Transect,3,30 m ,ACS,Hemigymnus melapterus,20--25,1
15/02/2023,,,Pioneer Bay,Central Pioneer Bay,Transect,4,20 m,ACS,Cephalopholis cyanostigma,20--25,1
15/02/2023,,,Pioneer Bay,Central Pioneer Bay,Transect,4,20 m,ACS,Acanthurus sp. ,10--15,11
15/02/2023,,,Pioneer Bay,Central Pioneer Bay,Transect,4,20 m,ACS,Scarus rivulatus,10--15,14
15/02/2023,,,Pioneer Bay,Central Pioneer Bay,Transect,4,20 m,ACS,Scarus rivulatus,15--20,8
15/02/2023,,,Pioneer Bay,Central Pioneer Bay,Transect,4,20 m,ACS,Scarus rivulatus,20--25,3
15/02/2023,,,Pioneer Bay,Central Pioneer Bay,Transect,4,20 m,ACS,Scarus flavipectoralis,10--15,4
15/02/2023,,,Pioneer Bay,Central Pioneer Bay,Transect,4,20 m,ACS,Siganus doliatus,15--20,2
15/02/2023,,,Pioneer Bay,Central Pioneer Bay,Transect,4,20 m,ACS,Thalassoma lunare,15--20,1
15/02/2023,,,Pioneer Bay,Central Pioneer Bay,Transect,4,20 m,ACS,Siganus doliatus,10--15,1
15/02/2023,,,Pioneer Bay,Central Pioneer Bay,Transect,4,20 m,ACS,Acanthurus sp. ,15--20,2
15/02/2023,,,Pioneer Bay,Central Pioneer Bay,Transect,4,20 m,ACS,Lutjanus carponotatus,20--25,2
15/02/2023,,,Pioneer Bay,Central Pioneer Bay,Transect,4,20 m,ACS,Scolopsis margaritifera,15--20,1
15/02/2023,,,Pioneer Bay,Central Pioneer Bay,Transect,4,20 m,ACS,Lutjanus carponotatus,15--20,2
15/02/2023,,,Pioneer Bay,Central Pioneer Bay,Transect,4,20 m,ACS,Choerodon anchorago,20--25,1
15/02/2023,,,Pioneer Bay,Central Pioneer Bay,Transect,4,30 m,ACS,Acanthurus sp. ,10--15,5
15/02/2023,,,Pioneer Bay,Central Pioneer Bay,Transect,4,30 m,ACS,Scarus rivulatus,10--15,27
15/02/2023,,,Pioneer Bay,Central Pioneer Bay,Transect,4,30 m,ACS,Scarus rivulatus,15--20,15
15/02/2023,,,Pioneer Bay,Central Pioneer Bay,Transect,4,30 m,ACS,Scarus rivulatus,20--25,5
15/02/2023,,,Pioneer Bay,Central Pioneer Bay,Transect,4,30 m,ACS,Scarus flavipectoralis,10--15,10
15/02/2023,,,Pioneer Bay,Central Pioneer Bay,Transect,4,30 m,ACS,Siganus doliatus,15--20,4
15/02/2023,,,Pioneer Bay,Central Pioneer Bay,Transect,4,30 m,ACS,Siganus doliatus,10--15,8
15/02/2023,,,Pioneer Bay,Central Pioneer Bay,Transect,4,30 m,ACS,Acanthurus sp. ,15--20,13
15/02/2023,,,Pioneer Bay,Central Pioneer Bay,Transect,4,30 m,ACS,Scolopsis margaritifera,15--20,5
15/02/2023,,,Pioneer Bay,Central Pioneer Bay,Transect,4,30 m,ACS,Lutjanus carponotatus,25--30,2
15/02/2023,,,Pioneer Bay,Central Pioneer Bay,Transect,4,30 m,ACS,Siganus doliatus,15--20,5
15/02/2023,,,Pioneer Bay,Central Pioneer Bay,Transect,4,30 m,ACS,Scolopsis margaritifera,20--25,1
15/02/2023,,,Pioneer Bay,Central Pioneer Bay,Transect,4,30 m,ACS,Lutjanus carponotatus,15--20,3
15/02/2023,,,Pioneer Bay,Central Pioneer Bay,Transect,4,30 m,ACS,Oxycheilinus diagramma,15--20,2
15/02/2023,,,Pioneer Bay,Central Pioneer Bay,Transect,4,30 m,ACS,Thalasomma lunare,10--15,4
15/02/2023,,,Pioneer Bay,Central Pioneer Bay,Transect,4,30 m,ACS,Cephalopholis cyanostigma,15--20,1
15/02/2023,,,Pioneer Bay,Central Pioneer Bay,Transect,4,30 m,ACS,Chaetodon aureofasciatus,10--15,1
15/02/2023,,,Pioneer Bay,Central Pioneer Bay,Transect,4,30 m,ACS,Chlorurus spilurus,15--20,1
15/02/2023,,,Pioneer Bay,Central Pioneer Bay,Transect,4,30 m,ACS,Halichoeres chloropterus,15--20,1
15/02/2023,,,Pioneer Bay,Central Pioneer Bay,Transect,4,30 m,ACS,Chaetodon lunulatus,10--15,1
15/02/2023,,,Pioneer Bay,Central Pioneer Bay,Transect,1,20 m,HFY,Lutjanus carponotatus,25--30,8
15/02/2023,,,Pioneer Bay,Central Pioneer Bay,Transect,1,20 m,HFY,Chaetodon vagabundus,15--20,1
15/02/2023,,,Pioneer Bay,Central Pioneer Bay,Transect,1,20 m,HFY,Chelmon rostratus,15--20,2
15/02/2023,,,Pioneer Bay,Central Pioneer Bay,Transect,1,20 m,HFY,Scolopsis margaritifera,20--25,3
15/02/2023,,,Pioneer Bay,Central Pioneer Bay,Transect,1,20 m,HFY,Hemigymnus melapterus,15--20,1
15/02/2023,,,Pioneer Bay,Central Pioneer Bay,Transect,1,20 m,HFY,Cephalopholis cyanostigma,15--20,1
15/02/2023,,,Pioneer Bay,Central Pioneer Bay,Transect,1,20 m,HFY,Chaetodon lunulatus,10--15,2
15/02/2023,,,Pioneer Bay,Central Pioneer Bay,Transect,1,20 m,HFY,Chaetodon aureofasciatus,10--15,4
15/02/2023,,,Pioneer Bay,Central Pioneer Bay,Transect,1,20 m,HFY,Chaetodon auriga,15--20,1
15/02/2023,,,Pioneer Bay,Central Pioneer Bay,Transect,1,20 m,HFY,Pomacanthus sexstriatus,20--25,1
15/02/2023,,,Pioneer Bay,Central Pioneer Bay,Transect,1,20 m,HFY,Halichoeres melanurus,10--15,1
15/02/2023,,,Pioneer Bay,Central Pioneer Bay,Transect,1,20 m,HFY,Scarus rivulatus,15--20,2
15/02/2023,,,Pioneer Bay,Central Pioneer Bay,Transect,1,20 m,HFY,Labroides dimidiatus,10--15,1
15/02/2023,,,Pioneer Bay,Central Pioneer Bay,Transect,1,20 m,HFY,Thalasomma lunare,10--15,1
15/02/2023,,,Pioneer Bay,Central Pioneer Bay,Transect,1,20 m,HFY,Scolopsis margaritifera,15--20,1
15/02/2023,,,Pioneer Bay,Central Pioneer Bay,Transect,1,20 m,HFY,Scolopsis bilineata,15--20,1
15/02/2023,,,Pioneer Bay,Central Pioneer Bay,Transect,1,20 m,HFY,chaetodon auriga,10--15,1
15/02/2023,,,Pioneer Bay,Central Pioneer Bay,Transect,1,20 m,HFY,Chelmon rostratus,10--15,2
15/02/2023,,,Pioneer Bay,Central Pioneer Bay,Transect,1,20 m,HFY,Cheilinus trilobatus,10--15,1
15/02/2023,,,Pioneer Bay,Central Pioneer Bay,Transect,1,20 m,HFY,Siganus doliatus,15--20,2
15/02/2023,,,Pioneer Bay,Central Pioneer Bay,Transect,1,20 m,HFY,Hemigymnus melapterus,10--15,1
15/02/2023,,,Pioneer Bay,Central Pioneer Bay,Transect,1,30 m,HFY,Lutjanus carponotatus,25--30,2
15/02/2023,,,Pioneer Bay,Central Pioneer Bay,Transect,1,30 m,HFY,Chelmon rostratus,15--20,1
15/02/2023,,,Pioneer Bay,Central Pioneer Bay,Transect,1,30 m,HFY,Scolopsis margaritifera,20--25,46
15/02/2023,,,Pioneer Bay,Central Pioneer Bay,Transect,1,30 m,HFY,Chaetodon aureofasciatus,10--15,5
15/02/2023,,,Pioneer Bay,Central Pioneer Bay,Transect,1,30 m,HFY,Chaetodon auriga,15--20,3
15/02/2023,,,Pioneer Bay,Central Pioneer Bay,Transect,1,30 m,HFY,Pomacanthus sexstriatus,20--25,2
15/02/2023,,,Pioneer Bay,Central Pioneer Bay,Transect,1,30 m,HFY,Scarus rivulatus,15--20,4
15/02/2023,,,Pioneer Bay,Central Pioneer Bay,Transect,1,30 m,HFY,Thalasomma lunare,10--15,2
15/02/2023,,,Pioneer Bay,Central Pioneer Bay,Transect,1,30 m,HFY,Siganus doliatus,15--20,1
15/02/2023,,,Pioneer Bay,Central Pioneer Bay,Transect,1,30 m,HFY,Hemigymnus melapterus,10--15,1
15/02/2023,,,Pioneer Bay,Central Pioneer Bay,Transect,1,30 m,HFY,Acanthurus sp. ,15--20,1
15/02/2023,,,Pioneer Bay,Central Pioneer Bay,Transect,1,30 m,HFY,Chaetodon vagabundus,10--15,2
15/02/2023,,,Pioneer Bay,Central Pioneer Bay,Transect,1,30 m,HFY,Cetoscarus ocellatus,10--15,1
15/02/2023,,,Pioneer Bay,Central Pioneer Bay,Transect,1,30 m,HFY,Scarus rivulatus,10--15,2
15/02/2023,,,Pioneer Bay,Central Pioneer Bay,Transect,1,30 m,HFY,Halichoeres melanurus,10--15,1
15/02/2023,,,Pioneer Bay,Central Pioneer Bay,Transect,1,30 m,HFY,Chlorurus spilurus,20--25,1
15/02/2023,,,Pioneer Bay,Central Pioneer Bay,Transect,1,30 m,HFY,Chlorurus spilurus,35--40,3
15/02/2023,,,Pioneer Bay,Central Pioneer Bay,Transect,1,30 m,HFY,Naso unicornis,45--50,2
15/02/2023,,,Pioneer Bay,Central Pioneer Bay,Transect,1,30 m,HFY,Scarus niger,15--20,2
15/02/2023,,,Pioneer Bay,Central Pioneer Bay,Transect,1,30 m,HFY,Cheilinus fasciatus,10--15,2
15/02/2023,,,Pioneer Bay,Central Pioneer Bay,Transect,1,30 m,HFY,Epibulus insidiator,15--20,1
15/02/2023,,,Pioneer Bay,Central Pioneer Bay,Transect,1,30 m,HFY,Pomacanthus sexstriatus,30--35,1
15/02/2023,,,Pioneer Bay,Central Pioneer Bay,Transect,1,30 m,HFY,Thalasomma lunare,15--20,1
15/02/2023,,,Pioneer Bay,Central Pioneer Bay,Transect,1,30 m,HFY,plectorhinchus chaetodontoides ,60--65,1
15/02/2023,,,Pioneer Bay,Central Pioneer Bay,Transect,1,30 m,HFY,Diagramma pictum,40--45,3
15/02/2023,,,Pioneer Bay,Central Pioneer Bay,Transect,2,20 m,HFY,Pomacanthus sexstriatus,20--25,3
15/02/2023,,,Pioneer Bay,Central Pioneer Bay,Transect,2,20 m,HFY,Siganus doliatus,15--20,5
15/02/2023,,,Pioneer Bay,Central Pioneer Bay,Transect,2,20 m,HFY,Cheilinus fasciatus,15--20,2
15/02/2023,,,Pioneer Bay,Central Pioneer Bay,Transect,2,20 m,HFY,Scarus rivulatus,10--15,20
15/02/2023,,,Pioneer Bay,Central Pioneer Bay,Transect,2,20 m,HFY,Scarus rivulatus,15--20,1
15/02/2023,,,Pioneer Bay,Central Pioneer Bay,Transect,2,20 m,HFY,Chlorurus bleekeri,30--35,1
15/02/2023,,,Pioneer Bay,Central Pioneer Bay,Transect,2,20 m,HFY,Plectropomus maculatus,30--35,1
15/02/2023,,,Pioneer Bay,Central Pioneer Bay,Transect,2,20 m,HFY,Halichoeres melanurus,10--15,2
15/02/2023,,,Pioneer Bay,Central Pioneer Bay,Transect,2,20 m,HFY,Lutjanus carponotatus,25--30,1
15/02/2023,,,Pioneer Bay,Central Pioneer Bay,Transect,2,20 m,HFY,Scolopsis margaritifera,20--25,2
15/02/2023,,,Pioneer Bay,Central Pioneer Bay,Transect,2,20 m,HFY,Chelmon rostratus,15--20,2
15/02/2023,,,Pioneer Bay,Central Pioneer Bay,Transect,2,20 m,HFY,Scarus rivulatus,25--30,1
15/02/2023,,,Pioneer Bay,Central Pioneer Bay,Transect,2,20 m,HFY,Labroides dimidiatus,10--15,2
15/02/2023,,,Pioneer Bay,Central Pioneer Bay,Transect,2,20 m,HFY,Chaetodon ephippium ,10--15,2
15/02/2023,,,Pioneer Bay,Central Pioneer Bay,Transect,2,20 m,HFY,Diagramma pictum,40--45,1
15/02/2023,,,Pioneer Bay,Central Pioneer Bay,Transect,2,20 m,HFY,Acanthurus sp. ,15--20,4
15/02/2023,,,Pioneer Bay,Central Pioneer Bay,Transect,2,20 m,HFY,Scarus niger,10--15,3
15/02/2023,,,Pioneer Bay,Central Pioneer Bay,Transect,2,20 m,HFY,Chlorurus spilurus,30--35,1
15/02/2023,,,Pioneer Bay,Central Pioneer Bay,Transect,2,20 m,HFY,Chaetodon aureofasciatus,10--15,1
15/02/2023,,,Pioneer Bay,Central Pioneer Bay,Transect,2,20 m,HFY,Chaetodon rafflesi,15--20,1
15/02/2023,,,Pioneer Bay,Central Pioneer Bay,Transect,2,20 m,HFY,Thalasomma lunare,15--20,1
15/02/2023,,,Pioneer Bay,Central Pioneer Bay,Transect,2,30 m,HFY,Siganus doliatus,15--20,7
15/02/2023,,,Pioneer Bay,Central Pioneer Bay,Transect,2,30 m,HFY,Scarus rivulatus,10--15,1
15/02/2023,,,Pioneer Bay,Central Pioneer Bay,Transect,2,30 m,HFY,Scarus rivulatus,15--20,6
15/02/2023,,,Pioneer Bay,Central Pioneer Bay,Transect,2,30 m,HFY,Chlorurus bleekeri,30--35,1
15/02/2023,,,Pioneer Bay,Central Pioneer Bay,Transect,2,30 m,HFY,Halichoeres melanurus,10--15,2
15/02/2023,,,Pioneer Bay,Central Pioneer Bay,Transect,2,30 m,HFY,Lutjanus carponotatus,25--30,1
15/02/2023,,,Pioneer Bay,Central Pioneer Bay,Transect,2,30 m,HFY,Scolopsis margaritifera,20--25,3
15/02/2023,,,Pioneer Bay,Central Pioneer Bay,Transect,2,30 m,HFY,Labroides dimidiatus,10--15,1
15/02/2023,,,Pioneer Bay,Central Pioneer Bay,Transect,2,30 m,HFY,Chaetodon ephippium ,10--15,1
15/02/2023,,,Pioneer Bay,Central Pioneer Bay,Transect,2,30 m,HFY,Thalasomma lunare,15--20,1
15/02/2023,,,Pioneer Bay,Central Pioneer Bay,Transect,2,30 m,HFY,Hipposcarus longiceps,10--15,1
15/02/2023,,,Pioneer Bay,Central Pioneer Bay,Transect,2,30 m,HFY,Cephalopholis microprion,10--15,1
15/02/2023,,,Pioneer Bay,Central Pioneer Bay,Transect,2,30 m,HFY,Siganus doliatus,20--25,2
15/02/2023,,,Pioneer Bay,Central Pioneer Bay,Transect,2,30 m,HFY,Chaetodon plebius,10--15,1
15/02/2023,,,Pioneer Bay,Central Pioneer Bay,Transect,2,30 m,HFY,Chaetodon melannotus,10--15,1
15/02/2023,,,Pioneer Bay,Central Pioneer Bay,Transect,2,30 m,HFY,Hemigymnus melapterus,10--15,2
15/02/2023,,,Pioneer Bay,Central Pioneer Bay,Transect,2,30 m,HFY,Acanthurus sp. ,25--30,5
15/02/2023,,,Pioneer Bay,Central Pioneer Bay,Transect,2,30 m,HFY,Chlorurus spilurus,25--30,1
15/02/2023,,,Pioneer Bay,Central Pioneer Bay,Transect,2,30 m,HFY,Scarus rivulatus,30--35,4
15/02/2023,,,Pioneer Bay,Central Pioneer Bay,Transect,2,30 m,HFY,Scolopsis bilineata,15--20,1
15/02/2023,,,Pioneer Bay,Central Pioneer Bay,Transect,2,30 m,HFY,Lethrinus harak,30--35,1
15/02/2023,,,Pioneer Bay,Central Pioneer Bay,Transect,2,30 m,HFY,Chlorurus bleekeri,20--25,2
15/02/2023,,,Pioneer Bay,Central Pioneer Bay,Transect,2,30 m,HFY,Cheilinus chlorurus,10--15,1
15/02/2023,,,Pioneer Bay,Central Pioneer Bay,Transect,2,30 m,HFY,Plectropomus maculatus,35--40,1
15/02/2023,,,Pioneer Bay,Central Pioneer Bay,Transect,3,20 m ,HFY,Lutjanus carponotatus,20--25,2
15/02/2023,,,Pioneer Bay,Central Pioneer Bay,Transect,3,20 m ,HFY,Pomacanthus sexstriatus,25--30,3
15/02/2023,,,Pioneer Bay,Central Pioneer Bay,Transect,3,20 m ,HFY,Scolopsis margaritifera,20--25,5
15/02/2023,,,Pioneer Bay,Central Pioneer Bay,Transect,3,20 m ,HFY,Chaetodon aureofasciatus,10--15,4
15/02/2023,,,Pioneer Bay,Central Pioneer Bay,Transect,3,20 m ,HFY,Siganus doliatus,15--20,6
15/02/2023,,,Pioneer Bay,Central Pioneer Bay,Transect,3,20 m ,HFY,Siganus puellus,15--20,1
15/02/2023,,,Pioneer Bay,Central Pioneer Bay,Transect,3,20 m ,HFY,Chaetodon rafflesi,10--15,1
15/02/2023,,,Pioneer Bay,Central Pioneer Bay,Transect,3,20 m ,HFY,Chaetodon melannotus,10--15,1
15/02/2023,,,Pioneer Bay,Central Pioneer Bay,Transect,3,20 m ,HFY,Thalasomma lunare,15--20,2
15/02/2023,,,Pioneer Bay,Central Pioneer Bay,Transect,3,20 m ,HFY,Scarus rivulatus,15--20,2
15/02/2023,,,Pioneer Bay,Central Pioneer Bay,Transect,3,20 m ,HFY,Hipposcarus longiceps,10--15,1
15/02/2023,,,Pioneer Bay,Central Pioneer Bay,Transect,3,20 m ,HFY,Cephalopholis cyanostigma,20--25,1
15/02/2023,,,Pioneer Bay,Central Pioneer Bay,Transect,3,20 m ,HFY,Scarus rivulatus,25--30,1
15/02/2023,,,Pioneer Bay,Central Pioneer Bay,Transect,3,30 m,HFY,Lutjanus carponotatus,20--25,2
15/02/2023,,,Pioneer Bay,Central Pioneer Bay,Transect,3,30 m,HFY,Scolopsis margaritifera,20--25,3
15/02/2023,,,Pioneer Bay,Central Pioneer Bay,Transect,3,30 m,HFY,Chaetodon aureofasciatus,10--15,3
15/02/2023,,,Pioneer Bay,Central Pioneer Bay,Transect,3,30 m,HFY,Siganus doliatus,15--20,8
15/02/2023,,,Pioneer Bay,Central Pioneer Bay,Transect,3,30 m,HFY,Chaetodon rafflesi,10--15,1
15/02/2023,,,Pioneer Bay,Central Pioneer Bay,Transect,3,30 m,HFY,Scarus rivulatus,15--20,1
15/02/2023,,,Pioneer Bay,Central Pioneer Bay,Transect,3,30 m,HFY,Scarus rivulatus,25--30,1
15/02/2023,,,Pioneer Bay,Central Pioneer Bay,Transect,3,30 m,HFY,Chlorurus microrhinos,25--30,1
15/02/2023,,,Pioneer Bay,Central Pioneer Bay,Transect,3,30 m,HFY,Pomacanthus sexstriatus,35--40,1
15/02/2023,,,Pioneer Bay,Central Pioneer Bay,Transect,3,30 m,HFY,Scarus rivulatus,10--15,4
15/02/2023,,,Pioneer Bay,Central Pioneer Bay,Transect,3,30 m,HFY,Chaetodon vagabundus,15--20,1
15/02/2023,,,Pioneer Bay,Central Pioneer Bay,Transect,3,30 m,HFY,Cheilinus fasciatus,15--20,1
15/02/2023,,,Pioneer Bay,Central Pioneer Bay,Transect,3,30 m,HFY,Halichoeres chloropterus,15--20,1
15/02/2023,,,Pioneer Bay,Central Pioneer Bay,Transect,3,30 m,HFY,Chelmon rostratus,15--20,1
15/02/2023,,,Pioneer Bay,Central Pioneer Bay,Transect,3,30 m,HFY,Hemigymnus melapterus,10--15,1
15/02/2023,,,Pioneer Bay,Central Pioneer Bay,Transect,3,30 m,HFY,Halichoeres melanurus,10--15,2
15/02/2023,,,Pioneer Bay,Central Pioneer Bay,Transect,3,30 m,HFY,Chaetodon ephippium ,10--15,1
15/02/2023,,,Pioneer Bay,Central Pioneer Bay,Transect,3,30 m,HFY,Chaetodon lunulatus,10--15,1
15/02/2023,,,Pioneer Bay,Central Pioneer Bay,Transect,4,20 m,HFY,Chlorurus microrhinos,30--35,2
15/02/2023,,,Pioneer Bay,Central Pioneer Bay,Transect,4,20 m,HFY,Thalasomma lunare,15--20,2
15/02/2023,,,Pioneer Bay,Central Pioneer Bay,Transect,4,20 m,HFY,Lutjanus carponotatus,20--25,7
15/02/2023,,,Pioneer Bay,Central Pioneer Bay,Transect,4,20 m,HFY,Kyphosis vaigiensis ,20--25,1
15/02/2023,,,Pioneer Bay,Central Pioneer Bay,Transect,4,20 m,HFY,Scarus rivulatus,20--25,4
15/02/2023,,,Pioneer Bay,Central Pioneer Bay,Transect,4,20 m,HFY,Lutjanus fulviflamma,15--20,4
15/02/2023,,,Pioneer Bay,Central Pioneer Bay,Transect,4,20 m,HFY,Epibulus insidiator,15--20,2
15/02/2023,,,Pioneer Bay,Central Pioneer Bay,Transect,4,20 m,HFY,Bodianus axillaris,10--15,1
15/02/2023,,,Pioneer Bay,Central Pioneer Bay,Transect,4,20 m,HFY,Pomacanthus sexstriatus,20--25,1
15/02/2023,,,Pioneer Bay,Central Pioneer Bay,Transect,4,20 m,HFY,Chaetodon aureofasciatus,15--20,5
15/02/2023,,,Pioneer Bay,Central Pioneer Bay,Transect,4,20 m,HFY,Siganus doliatus,15--20,5
15/02/2023,,,Pioneer Bay,Central Pioneer Bay,Transect,4,20 m,HFY,Chaetodon vagabundus,15--20,1
15/02/2023,,,Pioneer Bay,Central Pioneer Bay,Transect,4,20 m,HFY,Chlorurus microrhinos,35--40,1
15/02/2023,,,Pioneer Bay,Central Pioneer Bay,Transect,4,20 m,HFY,Labroides dimidiatus,10--15,1
15/02/2023,,,Pioneer Bay,Central Pioneer Bay,Transect,4,20 m,HFY,Acanthurus sp. ,15--20,12
15/02/2023,,,Pioneer Bay,Central Pioneer Bay,Transect,4,20 m,HFY,Cheilinus fasciatus,15--20,1
15/02/2023,,,Pioneer Bay,Central Pioneer Bay,Transect,4,20 m,HFY,Scolopsis margaritifera,20--25,3
15/02/2023,,,Pioneer Bay,Central Pioneer Bay,Transect,4,20 m,HFY,Choerodon anchorago,15--20,2
15/02/2023,,,Pioneer Bay,Central Pioneer Bay,Transect,4,20 m,HFY,Chaetodon melannotus,10--15,1
15/02/2023,,,Pioneer Bay,Central Pioneer Bay,Transect,4,30 m,HFY,Kyphosis vaigiensis ,20--25,2
15/02/2023,,,Pioneer Bay,Central Pioneer Bay,Transect,4,30 m,HFY,Scarus rivulatus,20--25,1
15/02/2023,,,Pioneer Bay,Central Pioneer Bay,Transect,4,30 m,HFY,Pomacanthus sexstriatus,20--25,2
15/02/2023,,,Pioneer Bay,Central Pioneer Bay,Transect,4,30 m,HFY,Chaetodon aureofasciatus,15--20,1
15/02/2023,,,Pioneer Bay,Central Pioneer Bay,Transect,4,30 m,HFY,Siganus doliatus,15--20,10
15/02/2023,,,Pioneer Bay,Central Pioneer Bay,Transect,4,30 m,HFY,Chaetodon vagabundus,15--20,1
15/02/2023,,,Pioneer Bay,Central Pioneer Bay,Transect,4,30 m,HFY,Acanthurus sp. ,15--20,1
15/02/2023,,,Pioneer Bay,Central Pioneer Bay,Transect,4,30 m,HFY,Cheilinus fasciatus,15--20,1
15/02/2023,,,Pioneer Bay,Central Pioneer Bay,Transect,4,30 m,HFY,Scolopsis margaritifera,20--25,2
15/02/2023,,,Pioneer Bay,Central Pioneer Bay,Transect,4,30 m,HFY,Scarus flavipectoralis,20--25,1
15/02/2023,,,Pioneer Bay,Central Pioneer Bay,Transect,4,30 m,HFY,Thalasomma lunare,10--15,2
15/02/2023,,,Pioneer Bay,Central Pioneer Bay,Transect,4,30 m,HFY,Hipposcarus longiceps,20--25,1
15/02/2023,,,Pioneer Bay,Central Pioneer Bay,Transect,4,30 m,HFY,Pomacanthus sexstriatus,25--30,1
15/02/2023,,,Pioneer Bay,Central Pioneer Bay,Transect,4,30 m,HFY,Scarus niger,15--20,1
15/02/2023,,,Pioneer Bay,Central Pioneer Bay,Transect,4,30 m,HFY,Halichoeres melanurus,10--15,1
15/02/2023,,,Pioneer Bay,Central Pioneer Bay,Transect,4,30 m,HFY,Epinephelus sp.,20--25,1
15/02/2023,,,Pioneer Bay,Central Pioneer Bay,Transect,4,30 m,HFY,Scarus rivulatus,25--30,1
15/02/2023,,,Pioneer Bay,Central Pioneer Bay,Transect,4,30 m,HFY,Chaetodon auriga,15--20,1
15/02/2023,,,Pioneer Bay,Central Pioneer Bay,Transect,4,30 m,HFY,Chaetodon rafflesi,10--15,1
15/02/2023,,,Pioneer Bay,Central Pioneer Bay,Transect,4,30 m,HFY,Siganus lineatus,20--25,2
15/02/2023,,,Pioneer Bay,Central Pioneer Bay,Point,1,Instant,HFY,Scarus schlegeli,35--40,1
15/02/2023,,,Pioneer Bay,Central Pioneer Bay,Point,1,Instant,HFY,Lutjanus carponotatus,30--35,2
15/02/2023,,,Pioneer Bay,Central Pioneer Bay,Point,1,Instant,HFY,Lutjanus fulviflamma,25--30,4
15/02/2023,,,Pioneer Bay,Central Pioneer Bay,Point,1,Instant,HFY,Zebrasoma velifer,10--15,1
15/02/2023,,,Pioneer Bay,Central Pioneer Bay,Point,1,Instant,HFY,Siganus doliatus,10--15,5
15/02/2023,,,Pioneer Bay,Central Pioneer Bay,Point,1,Instant,HFY,Chaetodon plebius,10--15,2
15/02/2023,,,Pioneer Bay,Central Pioneer Bay,Point,1,10 mins,HFY,Lutjanus carponotatus,30--35,3
15/02/2023,,,Pioneer Bay,Central Pioneer Bay,Point,1,10 mins,HFY,Lutjanus fulviflamma,25--30,40
15/02/2023,,,Pioneer Bay,Central Pioneer Bay,Point,1,10 mins,HFY,Cephalopholis cyanostigma,25--30,1
15/02/2023,,,Pioneer Bay,Central Pioneer Bay,Point,1,10 mins,HFY,Scolopsis margaritifera,25--30,3
15/02/2023,,,Pioneer Bay,Central Pioneer Bay,Point,1,10 mins,HFY,Cheilinus chlorurus,10--15,1
15/02/2023,,,Pioneer Bay,Central Pioneer Bay,Point,1,10 mins,HFY,Chaetodon aureofasciatus,10--15,2
15/02/2023,,,Pioneer Bay,Central Pioneer Bay,Point,1,10 mins,HFY,Labroides dimidiatus,10--15,2
15/02/2023,,,Pioneer Bay,Central Pioneer Bay,Point,1,10 mins,HFY,Scarus rivulatus,35--40,1
15/02/2023,,,Pioneer Bay,Central Pioneer Bay,Point,1,10 mins,HFY,Hemigymnus melapterus,30--35,1
15/02/2023,,,Pioneer Bay,Central Pioneer Bay,Point,1,10 mins,HFY,Chaetodon vagabundus,15--20,3
15/02/2023,,,Pioneer Bay,Central Pioneer Bay,Point,1,10 mins,HFY,Chaetodon auriga,15--20,1
15/02/2023,,,Pioneer Bay,Central Pioneer Bay,Point,1,10 mins,HFY,Chaetodon rainfordi,15--20,2
15/02/2023,,,Pioneer Bay,Central Pioneer Bay,Point,1,10 mins,HFY,Halichoeres melanurus,10--15,1
15/02/2023,,,Pioneer Bay,Central Pioneer Bay,Point,1,10 mins,HFY,Chlorurus microrhinos,30--35,1
15/02/2023,,,Pioneer Bay,Central Pioneer Bay,Point,1,10 mins,HFY,Thalasomma lunare,15--20,1
15/02/2023,,,Pioneer Bay,Central Pioneer Bay,Point,1,10 mins,HFY,Epinephalus fuscoguttatus,30--35,1
15/02/2023,,,Pioneer Bay,Central Pioneer Bay,Point,1,10 mins,HFY,Scolopsis bilineata,15--20,1
15/02/2023,,,Pioneer Bay,Central Pioneer Bay,Point,1,10 mins,HFY,Scarus niger,10--15,1
15/02/2023,,,Pioneer Bay,Central Pioneer Bay,Point,1,10 mins,HFY,Scarus flavipectoralis,20--25,1
15/02/2023,,,Pioneer Bay,Central Pioneer Bay,Point,2,Instant ,HFY,Scarus flavipectoralis,30--35,1
15/02/2023,,,Pioneer Bay,Central Pioneer Bay,Point,2,Instant ,HFY,Siganus doliatus,15--20,2
15/02/2023,,,Pioneer Bay,Central Pioneer Bay,Point,2,Instant ,HFY,Lutjanus carponotatus,25--30,1
15/02/2023,,,Pioneer Bay,Central Pioneer Bay,Point,2,Instant ,HFY,Scarus schlegeli,35--40,1
15/02/2023,,,Pioneer Bay,Central Pioneer Bay,Point,2,Instant ,HFY,Acanthurus xanthopterus ,20--25,4
15/02/2023,,,Pioneer Bay,Central Pioneer Bay,Point,2,10 mins,HFY,Siganus doliatus,15--20,12
15/02/2023,,,Pioneer Bay,Central Pioneer Bay,Point,2,10 mins,HFY,Lutjanus carponotatus,25--30,4
15/02/2023,,,Pioneer Bay,Central Pioneer Bay,Point,2,10 mins,HFY,Acanthurus sp. ,20--25,1
15/02/2023,,,Pioneer Bay,Central Pioneer Bay,Point,2,10 mins,HFY,Hemigymnus melapterus,25--30,2
15/02/2023,,,Pioneer Bay,Central Pioneer Bay,Point,2,10 mins,HFY,Scarus rivulatus,20--25,7
15/02/2023,,,Pioneer Bay,Central Pioneer Bay,Point,2,10 mins,HFY,Chlorurus spilurus,25--30,1
15/02/2023,,,Pioneer Bay,Central Pioneer Bay,Point,2,10 mins,HFY,Scarus rivulatus,10--15,33
15/02/2023,,,Pioneer Bay,Central Pioneer Bay,Point,2,10 mins,HFY,Hipposcarus longiceps,25--30,2
15/02/2023,,,Pioneer Bay,Central Pioneer Bay,Point,2,10 mins,HFY,Hemigymnus melapterus,10--15,1
15/02/2023,,,Pioneer Bay,Central Pioneer Bay,Point,2,10 mins,HFY,Chaetodon lunulatus,10--15,2
15/02/2023,,,Pioneer Bay,Central Pioneer Bay,Point,2,10 mins,HFY,Siganus doliatus,10--15,2
15/02/2023,,,Pioneer Bay,Central Pioneer Bay,Point,2,10 mins,HFY,Thalasomma lunare,15--20,1
15/02/2023,,,Pioneer Bay,Central Pioneer Bay,Point,2,10 mins,HFY,Halichoeres melanurus,10--15,2
15/02/2023,,,Pioneer Bay,Central Pioneer Bay,Point,2,10 mins,HFY,Scolopsis margaritifera,20--25,8
15/02/2023,,,Pioneer Bay,Central Pioneer Bay,Point,2,10 mins,HFY,Chaetodon plebius,10--15,3
15/02/2023,,,Pioneer Bay,Central Pioneer Bay,Point,3,Instant,HFY,Siganus doliatus,10--15,3
15/02/2023,,,Pioneer Bay,Central Pioneer Bay,Point,3,Instant,HFY,Scarus rivulatus,30--35,2
15/02/2023,,,Pioneer Bay,Central Pioneer Bay,Point,3,10 mins,HFY,Siganus doliatus,10--15,4
15/02/2023,,,Pioneer Bay,Central Pioneer Bay,Point,3,10 mins,HFY,Hemigymnus melapterus,30--35,2
15/02/2023,,,Pioneer Bay,Central Pioneer Bay,Point,3,10 mins,HFY,Scolopsis margaritifera,20--25,2
15/02/2023,,,Pioneer Bay,Central Pioneer Bay,Point,3,10 mins,HFY,Thalasomma lunare,15--20,4
15/02/2023,,,Pioneer Bay,Central Pioneer Bay,Point,3,10 mins,HFY,Chaetodon ephippium ,10--15,1
15/02/2023,,,Pioneer Bay,Central Pioneer Bay,Point,3,10 mins,HFY,Chaetodon melannotus,10--15,2
15/02/2023,,,Pioneer Bay,Central Pioneer Bay,Point,3,10 mins,HFY,Labroides dimidiatus,10--15,2
15/02/2023,,,Pioneer Bay,Central Pioneer Bay,Point,3,10 mins,HFY,Chaetodon aureofasciatus,10--15,4
15/02/2023,,,Pioneer Bay,Central Pioneer Bay,Point,3,10 mins,HFY,Chelmon rostratus,10--15,1
15/02/2023,,,Pioneer Bay,Central Pioneer Bay,Point,3,10 mins,HFY,Halichoeres melanurus,10--15,1
15/02/2023,,,Pioneer Bay,Central Pioneer Bay,Point,3,10 mins,HFY,Lutjanus carponotatus,20--25,1
15/02/2023,,,Pioneer Bay,Central Pioneer Bay,Point,3,10 mins,HFY,Chaetodon lunulatus,10--15,1
15/02/2023,,,Pioneer Bay,Central Pioneer Bay,Point,3,10 mins,HFY,Chlorurus microrhinos,30--35,1
15/02/2023,,,Pioneer Bay,Central Pioneer Bay,Point,3,10 mins,HFY,Lutjanus carponotatus,15--20,1
15/02/2023,,,Pioneer Bay,Central Pioneer Bay,Point,3,10 mins,HFY,Diploprion fasciatum ,15--20,1
15/02/2023,,,Pioneer Bay,Central Pioneer Bay,Point,3,10 mins,HFY,Chaetodon vagabundus,15--20,1
15/02/2023,,,Pioneer Bay,Central Pioneer Bay,Point,3,10 mins,HFY,Scolopsis bilineata,10--15,1
15/02/2023,,,Pioneer Bay,Central Pioneer Bay,Point,4,Instant,HFY,Siganus doliatus,15--20,7
15/02/2023,,,Pioneer Bay,Central Pioneer Bay,Point,4,Instant,HFY,Scarus rivulatus,15--20 ,1
15/02/2023,,,Pioneer Bay,Central Pioneer Bay,Point,4,Instant,HFY,Chaetodon aureofasciatus ,10--15,1
15/02/2023,,,Pioneer Bay,Central Pioneer Bay,Point,4,10 mins,HFY,Siganus doliatus,15--20,3
15/02/2023,,,Pioneer Bay,Central Pioneer Bay,Point,4,10 mins,HFY,Chaetodon aureofasciatus,10--15,1
15/02/2023,,,Pioneer Bay,Central Pioneer Bay,Point,4,10 mins,HFY,Thalasomma lunare,15--20,7
15/02/2023,,,Pioneer Bay,Central Pioneer Bay,Point,4,10 mins,HFY,Hemigymnus melapterus,15--20,1
15/02/2023,,,Pioneer Bay,Central Pioneer Bay,Point,4,10 mins,HFY,Scarus rivulatus,10--15,2
15/02/2023,,,Pioneer Bay,Central Pioneer Bay,Point,4,10 mins,HFY,Stethojulis strigiventer,10--15,2
15/02/2023,,,Pioneer Bay,Central Pioneer Bay,Point,4,10 mins,HFY,Halichoeres melanurus,10--15,2
15/02/2023,,,Pioneer Bay,Central Pioneer Bay,Point,4,10 mins,HFY,Labroides dimidiatus,10--15,1
15/02/2023,,,Pioneer Bay,Central Pioneer Bay,Point,4,10 mins,HFY,Scarus flavipectoralis,30--35,1
15/02/2023,,,Pioneer Bay,Central Pioneer Bay,Point,4,10 mins,HFY,Choerodon anchorago,25--30,1
15/02/2023,,,Pioneer Bay,Central Pioneer Bay,Point,4,10 mins,HFY,Scarus rivulatus,30--35,1
15/02/2023,,,Pioneer Bay,Central Pioneer Bay,Point,4,10 mins,HFY,Hemigymnus melapterus,10--15,1
15/02/2023,,,Pioneer Bay,Central Pioneer Bay,Point,4,10 mins,HFY,Lutjanus carponotatus,20--25,1
15/02/2023,,,Pioneer Bay,Central Pioneer Bay,Point,4,10 mins,HFY,Pomacanthus sexstriatus,35--40,1
16/02/2023,,,Pioneer Bay,Central Pioneer Bay,Transect,1,20 m,SBT,Scarus rivulatus,25-30,1
16/02/2023,,,Pioneer Bay,Central Pioneer Bay,Transect,1,20 m,SBT,Chaetodon aureofasciatus,10--15,1
16/02/2023,,,Pioneer Bay,Central Pioneer Bay,Transect,1,20 m,SBT,Scarus rivulatus,20-25,2
16/02/2023,,,Pioneer Bay,Central Pioneer Bay,Transect,1,20 m,SBT,Siganus vulpinus ,20-25,1
16/02/2023,,,Pioneer Bay,Central Pioneer Bay,Transect,1,20 m,SBT,Scolopsis margaritifera,20-25,34
16/02/2023,,,Pioneer Bay,Central Pioneer Bay,Transect,1,20 m,SBT,Chlorurus microrhinos,20-25,2
16/02/2023,,,Pioneer Bay,Central Pioneer Bay,Transect,1,20 m,SBT,Scarus rivulatus,30-35,2
16/02/2023,,,Pioneer Bay,Central Pioneer Bay,Transect,1,20 m,SBT,Siganus doliatus,10--15,1
16/02/2023,,,Pioneer Bay,Central Pioneer Bay,Transect,1,20 m,SBT,Chlorurus microrhinos,40-45,2
16/02/2023,,,Pioneer Bay,Central Pioneer Bay,Transect,1,20 m,SBT,Siganus doliatus,15-20,5
16/02/2023,,,Pioneer Bay,Central Pioneer Bay,Transect,1,20 m,SBT,Pomacanthus sexstriatus,30-35,1
16/02/2023,,,Pioneer Bay,Central Pioneer Bay,Transect,1,20 m,SBT,Chlorurus microrhinos,45-50,1
16/02/2023,,,Pioneer Bay,Central Pioneer Bay,Transect,1,20 m,SBT,Scarus flavipectoralis,30-35,1
16/02/2023,,,Pioneer Bay,Central Pioneer Bay,Transect,1,20 m,SBT,Scolopsis margaritifera,15-20,5
16/02/2023,,,Pioneer Bay,Central Pioneer Bay,Transect,1,20 m,SBT,Scolopsis margaritifera,25-30,3
16/02/2023,,,Pioneer Bay,Central Pioneer Bay,Transect,1,20 m,SBT,Thalassoma lunare,10--15,1
16/02/2023,,,Pioneer Bay,Central Pioneer Bay,Transect,1,20 m,SBT,Siganus doliatus,20-25,1
16/02/2023,,,Pioneer Bay,Central Pioneer Bay,Transect,1,20 m,SBT,Scarus rivulatus,35-40,1
16/02/2023,,,Pioneer Bay,Central Pioneer Bay,Transect,1,20 m,SBT,Pomacanthus sexstriatus,35-40,1
16/02/2023,,,Pioneer Bay,Central Pioneer Bay,Transect,1,20 m,SBT,Pomacanthus sexstriatus,25-30,1
16/02/2023,,,Pioneer Bay,Central Pioneer Bay,Transect,1,30 m,SBT,Chaetodon aureofasciatus,10--15,1
16/02/2023,,,Pioneer Bay,Central Pioneer Bay,Transect,1,30 m,SBT,Siganus vulpinus ,20-25,1
16/02/2023,,,Pioneer Bay,Central Pioneer Bay,Transect,1,30 m,SBT,Scolopsis margaritifera,20-25,1
16/02/2023,,,Pioneer Bay,Central Pioneer Bay,Transect,1,30 m,SBT,Scarus rivulatus,30-35,2
16/02/2023,,,Pioneer Bay,Central Pioneer Bay,Transect,1,30 m,SBT,Siganus doliatus,20-25,2
16/02/2023,,,Pioneer Bay,Central Pioneer Bay,Transect,1,30 m,SBT,Scarus rivulatus,35-40,1
16/02/2023,,,Pioneer Bay,Central Pioneer Bay,Transect,1,30 m,SBT,Plectropomus maculatus,30-35,1
16/02/2023,,,Pioneer Bay,Central Pioneer Bay,Transect,1,30 m,SBT,Thalassoma lunare,15-20,1
16/02/2023,,,Pioneer Bay,Central Pioneer Bay,Transect,1,30 m,SBT,Cephalopholis boenak,10--15,1
16/02/2023,,,Pioneer Bay,Central Pioneer Bay,Transect,1,30 m,SBT,Cephalopholis cyanostigma,25-30,1
16/02/2023,,,Pioneer Bay,Central Pioneer Bay,Transect,2,20 m ,SBT,Lethrinus nebulosus,45-50,2
16/02/2023,,,Pioneer Bay,Central Pioneer Bay,Transect,2,20 m ,SBT,Choerodon schoenleinii,45-50,1
16/02/2023,,,Pioneer Bay,Central Pioneer Bay,Transect,2,20 m ,SBT,Choerodon schoenleinii,40-45,1
16/02/2023,,,Pioneer Bay,Central Pioneer Bay,Transect,2,20 m ,SBT,Heniochus acuminatus,10--15,1
16/02/2023,,,Pioneer Bay,Central Pioneer Bay,Transect,2,20 m ,SBT,Cromileptis altivelis,35-40,1
16/02/2023,,,Pioneer Bay,Central Pioneer Bay,Transect,2,20 m ,SBT,Cephalopholis boenak,10--15,1
16/02/2023,,,Pioneer Bay,Central Pioneer Bay,Transect,2,20 m ,SBT,Lutjanus carponotatus,30-35,1
16/02/2023,,,Pioneer Bay,Central Pioneer Bay,Transect,2,20 m ,SBT,Cephalopholis cyanostigma,25-30,2
16/02/2023,,,Pioneer Bay,Central Pioneer Bay,Transect,2,20 m ,SBT,Diagramma pictum,35-40,1
16/02/2023,,,Pioneer Bay,Central Pioneer Bay,Transect,2,20 m ,SBT,Plectorhinchus chaetodonoides,60-65,1
16/02/2023,,,Pioneer Bay,Central Pioneer Bay,Transect,2,20 m ,SBT,Acanthurus sp. ,25-30,1
16/02/2023,,,Pioneer Bay,Central Pioneer Bay,Transect,2,20 m ,SBT,Heniochus acuminatus,15-20,1
16/02/2023,,,Pioneer Bay,Central Pioneer Bay,Transect,2,20 m ,SBT,Pomacanthus sexstriatus,35-40,2
16/02/2023,,,Pioneer Bay,Central Pioneer Bay,Transect,2,20 m ,SBT,Scolopsis margaritifera,15-20,1
16/02/2023,,,Pioneer Bay,Central Pioneer Bay,Transect,2,20 m ,SBT,Lutjanus carponotatus,20-25,1
16/02/2023,,,Pioneer Bay,Central Pioneer Bay,Transect,2,20 m ,SBT,Thalassoma lunare,10--15,1
16/02/2023,,,Pioneer Bay,Central Pioneer Bay,Transect,2,20 m ,SBT,Chaetodon aureofasciatus,10--15,2
16/02/2023,,,Pioneer Bay,Central Pioneer Bay,Transect,2,20 m ,SBT,Lutjanus carponotatus,25-30,2
16/02/2023,,,Pioneer Bay,Central Pioneer Bay,Transect,2,30 m,SBT,Thalassoma lunare,10--15,1
16/02/2023,,,Pioneer Bay,Central Pioneer Bay,Transect,2,30 m,SBT,Chaetodon aureofasciatus,10--15,4
16/02/2023,,,Pioneer Bay,Central Pioneer Bay,Transect,2,30 m,SBT,Pomacanthus sexstriatus,20-25,1
16/02/2023,,,Pioneer Bay,Central Pioneer Bay,Transect,2,30 m,SBT,Hemigymnus melapterus,10--15,1
16/02/2023,,,Pioneer Bay,Central Pioneer Bay,Transect,2,30 m,SBT,Cheilinus fasciatus,25-30,1
16/02/2023,,,Pioneer Bay,Central Pioneer Bay,Transect,2,30 m,SBT,Chaetodon ephippium ,10--15,1
16/02/2023,,,Pioneer Bay,Central Pioneer Bay,Transect,3,20 m,SBT,Siganus doliatus,10--15,1
16/02/2023,,,Pioneer Bay,Central Pioneer Bay,Transect,3,20 m,SBT,Hemigymnus melapterus,30-35,1
16/02/2023,,,Pioneer Bay,Central Pioneer Bay,Transect,3,20 m,SBT,Thalassoma lunare,15-20,3
16/02/2023,,,Pioneer Bay,Central Pioneer Bay,Transect,3,20 m,SBT,Scolopsis margaritifera,20-25,3
16/02/2023,,,Pioneer Bay,Central Pioneer Bay,Transect,3,20 m,SBT,Scarus flavipectoralis,10--15,1
16/02/2023,,,Pioneer Bay,Central Pioneer Bay,Transect,3,20 m,SBT,Chelmon rostratus,10--15,2
16/02/2023,,,Pioneer Bay,Central Pioneer Bay,Transect,3,20 m,SBT,Siganus doliatus,15-20,4
16/02/2023,,,Pioneer Bay,Central Pioneer Bay,Transect,3,20 m,SBT,Scolopsis bilineata,10--15,1
16/02/2023,,,Pioneer Bay,Central Pioneer Bay,Transect,3,20 m,SBT,Choerodon anchorago,25-30,1
16/02/2023,,,Pioneer Bay,Central Pioneer Bay,Transect,3,20 m,SBT,Chaetodon ephippium ,10--15,1
16/02/2023,,,Pioneer Bay,Central Pioneer Bay,Transect,3,20 m,SBT,Choerodon anchorago,30-35,2
16/02/2023,,,Pioneer Bay,Central Pioneer Bay,Transect,3,20 m,SBT,Scarus rivulatus,30-35,1
16/02/2023,,,Pioneer Bay,Central Pioneer Bay,Transect,3,20 m,SBT,Scarus rivulatus,25-30,1
16/02/2023,,,Pioneer Bay,Central Pioneer Bay,Transect,3,20 m,SBT,Chlorurus microrhinos,35-40,1
16/02/2023,,,Pioneer Bay,Central Pioneer Bay,Transect,3,20 m,SBT,Cephalopholis microprion,10--15,1
16/02/2023,,,Pioneer Bay,Central Pioneer Bay,Transect,3,20 m,SBT,Cephalopholis cyanostigma,25-30,1
16/02/2023,,,Pioneer Bay,Central Pioneer Bay,Transect,3,20 m,SBT,Chaetodon aureofasciatus,10--15,1
16/02/2023,,,Pioneer Bay,Central Pioneer Bay,Transect,3,30 m,SBT,Siganus doliatus,10--15,1
16/02/2023,,,Pioneer Bay,Central Pioneer Bay,Transect,3,30 m,SBT,Scolopsis margaritifera,20-25,5
16/02/2023,,,Pioneer Bay,Central Pioneer Bay,Transect,3,30 m,SBT,Siganus doliatus,15-20,6
16/02/2023,,,Pioneer Bay,Central Pioneer Bay,Transect,3,30 m,SBT,Scarus rivulatus,30-35,2
16/02/2023,,,Pioneer Bay,Central Pioneer Bay,Transect,3,30 m,SBT,Chlorurus microrhinos,35-40,1
16/02/2023,,,Pioneer Bay,Central Pioneer Bay,Transect,3,30 m,SBT,Chaetodon aureofasciatus,10--15,1
16/02/2023,,,Pioneer Bay,Central Pioneer Bay,Transect,3,30 m,SBT,Scarus flavipectoralis,15-20,1
16/02/2023,,,Pioneer Bay,Central Pioneer Bay,Transect,3,30 m,SBT,Scarus rivulatus,15-20,2
16/02/2023,,,Pioneer Bay,Central Pioneer Bay,Transect,3,30 m,SBT,Scarus rivulatus,20-25,2
16/02/2023,,,Pioneer Bay,Central Pioneer Bay,Transect,3,30 m,SBT,Scolopsis margaritifera,10--15,1
16/02/2023,,,Pioneer Bay,Central Pioneer Bay,Transect,3,30 m,SBT,Scarus rivulatus,10--15,2
16/02/2023,,,Pioneer Bay,Central Pioneer Bay,Transect,3,30 m,SBT,Scarus rivulatus,35-40,1
16/02/2023,,,Pioneer Bay,Central Pioneer Bay,Transect,3,30 m,SBT,Lutjanus carponotatus,25-30,1
16/02/2023,,,Pioneer Bay,Central Pioneer Bay,Transect,3,30 m,SBT,Lutjanus carponotatus,15-20,1
16/02/2023,,,Pioneer Bay,Central Pioneer Bay,Transect,3,30 m,SBT,Scarus niger,35-40,1
16/02/2023,,,Pioneer Bay,Central Pioneer Bay,Transect,3,30 m,SBT,Cheilinus fasciatus,10--15,1
16/02/2023,,,Pioneer Bay,Central Pioneer Bay,Transect,3,30 m,SBT,Pomacanthus sexstriatus,25-30,1
16/02/2023,,,Pioneer Bay,Central Pioneer Bay,Transect,4,20 m,SBT,Scolopsis margaritifera,20-25,7
16/02/2023,,,Pioneer Bay,Central Pioneer Bay,Transect,4,20 m,SBT,Cheilinus fasciatus,25-30,1
16/02/2023,,,Pioneer Bay,Central Pioneer Bay,Transect,4,20 m,SBT,Choerodon anchorago,20-25,1
16/02/2023,,,Pioneer Bay,Central Pioneer Bay,Transect,4,20 m,SBT,Cephalopholis cyanostigma,20-25,1
16/02/2023,,,Pioneer Bay,Central Pioneer Bay,Transect,4,20 m,SBT,Scolopsis margaritifera,15-20,4
16/02/2023,,,Pioneer Bay,Central Pioneer Bay,Transect,4,20 m,SBT,Epibulus insidiator,20-25,1
16/02/2023,,,Pioneer Bay,Central Pioneer Bay,Transect,4,20 m,SBT,Scarus ghobban,20-25,1
16/02/2023,,,Pioneer Bay,Central Pioneer Bay,Transect,4,20 m,SBT,Scarus rivulatus,20-25,1
16/02/2023,,,Pioneer Bay,Central Pioneer Bay,Transect,4,20 m,SBT,Chaetodon aureofasciatus,10--15,1
16/02/2023,,,Pioneer Bay,Central Pioneer Bay,Transect,4,20 m,SBT,Thalassoma lunare,10--15,1
16/02/2023,,,Pioneer Bay,Central Pioneer Bay,Transect,4,20 m,SBT,Cheilinus fasciatus,10--15,1
16/02/2023,,,Pioneer Bay,Central Pioneer Bay,Transect,4,20 m,SBT,Siganus doliatus,20-25,1
16/02/2023,,,Pioneer Bay,Central Pioneer Bay,Transect,4,20 m,SBT,Scarus rivulatus,30-35,1
16/02/2023,,,Pioneer Bay,Central Pioneer Bay,Transect,4,30 m,SBT,Scolopsis margaritifera,20-25,2
16/02/2023,,,Pioneer Bay,Central Pioneer Bay,Transect,4,30 m,SBT,Cheilinus fasciatus,25-30,1
16/02/2023,,,Pioneer Bay,Central Pioneer Bay,Transect,4,30 m,SBT,Cephalopholis cyanostigma,20-25,1
16/02/2023,,,Pioneer Bay,Central Pioneer Bay,Transect,4,30 m,SBT,Siganus doliatus,20-25,2
16/02/2023,,,Pioneer Bay,Central Pioneer Bay,Transect,4,30 m,SBT,Kyphosus cinerascens,20-25,1
16/02/2023,,,Pioneer Bay,Central Pioneer Bay,Transect,4,30 m,SBT,Labrichthys unilineatus,10--15,1
16/02/2023,,,Pioneer Bay,Central Pioneer Bay,Transect,4,30 m,SBT,Lutjanus carponotatus,20-25,3
16/02/2023,,,Pioneer Bay,Central Pioneer Bay,Transect,4,30 m,SBT,Lutjanus carponotatus,15-20,1
16/02/2023,,,Pioneer Bay,Central Pioneer Bay,Transect,4,30 m,SBT,Chaetodon melannotus,10--15,2
16/02/2023,,,Pioneer Bay,Central Pioneer Bay,Transect,4,30 m,SBT,Cephalopholis boenak,10--15,1
16/02/2023,,,Pioneer Bay,Central Pioneer Bay,Transect,4,30 m,SBT,Chaetodon aureofasciatus,10--15,1
16/02/2023,,,Pioneer Bay,Central Pioneer Bay,Transect,4,30 m,SBT,Thalassoma lunare,10--15,2
16/02/2023,,,Pioneer Bay,Central Pioneer Bay,Transect,4,30 m,SBT,Scarus rivulatus,25-30,1
16/02/2023,,,Pioneer Bay,Central Pioneer Bay,Transect,4,30 m,SBT,Hemigymnus melapterus,15-20,1
16/02/2023,,,Pioneer Bay,Central Pioneer Bay,Transect,4,30 m,SBT,Chlorurus microrhinos,25-30,1
16/02/2023,,,Pioneer Bay,Central Pioneer Bay,Transect,4,30 m,SBT,Chlorurus microrhinos,30-35,1
16/02/2023,,,Pioneer Bay,Central Pioneer Bay,Transect,4,30 m,SBT,Chaetodon rafflesi,10--15,2
16/02/2023,,,Pioneer Bay,Central Pioneer Bay,Point,1,Instant,SBT,Scarus ghobban,20-25,1
16/02/2023,,,Pioneer Bay,Central Pioneer Bay,Point,1,Instant,SBT,Scolopsis margaritifera,15-20,5
16/02/2023,,,Pioneer Bay,Central Pioneer Bay,Point,1,Instant,SBT,Siganus doliatus,15-20,1
16/02/2023,,,Pioneer Bay,Central Pioneer Bay,Point,1,Instant,SBT,Naso unicornis,45-50,1
16/02/2023,,,Pioneer Bay,Central Pioneer Bay,Point,1,Instant,SBT,Siganus lineatus,30-35,5
16/02/2023,,,Pioneer Bay,Central Pioneer Bay,Point,1,Instant,SBT,Platax pinnatus,10--15,1
16/02/2023,,,Pioneer Bay,Central Pioneer Bay,Point,1,Instant,SBT,Platax pinnatus,15-20,1
16/02/2023,,,Pioneer Bay,Central Pioneer Bay,Point,1,Instant,SBT,Acanthurus sp. ,20-25,2
16/02/2023,,,Pioneer Bay,Central Pioneer Bay,Point,1,10 mins,SBT,Scolopsis margaritifera,15-20,3
16/02/2023,,,Pioneer Bay,Central Pioneer Bay,Point,1,10 mins,SBT,Siganus doliatus,15-20,2
16/02/2023,,,Pioneer Bay,Central Pioneer Bay,Point,1,10 mins,SBT,Naso unicornis,45-50,1
16/02/2023,,,Pioneer Bay,Central Pioneer Bay,Point,1,10 mins,SBT,Platax pinnatus,15-20,1
16/02/2023,,,Pioneer Bay,Central Pioneer Bay,Point,1,10 mins,SBT,Choerodon schoenleinii,30-35,1
16/02/2023,,,Pioneer Bay,Central Pioneer Bay,Point,1,10 mins,SBT,Chelmon rostratus,10--15,1
16/02/2023,,,Pioneer Bay,Central Pioneer Bay,Point,1,10 mins,SBT,Acanthurus sp. ,25-30,1
16/02/2023,,,Pioneer Bay,Central Pioneer Bay,Point,1,10 mins,SBT,Chaetodon lineolatus,10--15,1
16/02/2023,,,Pioneer Bay,Central Pioneer Bay,Point,1,10 mins,SBT,Siganus doliatus,20-25,1
16/02/2023,,,Pioneer Bay,Central Pioneer Bay,Point,1,10 mins,SBT,Lutjanus carponotatus,25-30,1
16/02/2023,,,Pioneer Bay,Central Pioneer Bay,Point,1,10 mins,SBT,Hemigymnus melapterus,10--15,1
16/02/2023,,,Pioneer Bay,Central Pioneer Bay,Point,1,10 mins,SBT,Lutjanus carponotatus,20-25,4
16/02/2023,,,Pioneer Bay,Central Pioneer Bay,Point,1,10 mins,SBT,Chaetodon auriga,10--15,2
16/02/2023,,,Pioneer Bay,Central Pioneer Bay,Point,1,10 mins,SBT,Scolopsis margaritifera,20-25,1
16/02/2023,,,Pioneer Bay,Central Pioneer Bay,Point,1,10 mins,SBT,Scarus flavipectoralis,25-30,1
16/02/2023,,,Pioneer Bay,Central Pioneer Bay,Point,1,10 mins,SBT,Choerodon fasciatus,15-20,1
16/02/2023,,,Pioneer Bay,Central Pioneer Bay,Point,1,10 mins,SBT,Arothron mappa,20-25,1
16/02/2023,,,Pioneer Bay,Central Pioneer Bay,Point,1,10 mins,SBT,Plectorhinchus chaetodonoides,20-25,1
16/02/2023,,,Pioneer Bay,Central Pioneer Bay,Point,1,10 mins,SBT,Scolopsis bilineata,10--15,1
16/02/2023,,,Pioneer Bay,Central Pioneer Bay,Point,1,10 mins,SBT,Cheotodon lunulatus,10--15,2
16/02/2023,,,Pioneer Bay,Central Pioneer Bay,Point,2,Instant,SBT,Scolopsis margaritifera,15-20,1
16/02/2023,,,Pioneer Bay,Central Pioneer Bay,Point,2,Instant,SBT,Scarus flavipectoralis,20-25,1
16/02/2023,,,Pioneer Bay,Central Pioneer Bay,Point,2,Instant,SBT,Siganus doliatus,10--15,2
16/02/2023,,,Pioneer Bay,Central Pioneer Bay,Point,2,Instant,SBT,Thalassoma lunare,10--15,1
16/02/2023,,,Pioneer Bay,Central Pioneer Bay,Point,2,10 mins,SBT,Scolopsis margaritifera,15-20,2
16/02/2023,,,Pioneer Bay,Central Pioneer Bay,Point,2,10 mins,SBT,Siganus doliatus,10--15,2
16/02/2023,,,Pioneer Bay,Central Pioneer Bay,Point,2,10 mins,SBT,Thalassoma lunare,10--15,2
16/02/2023,,,Pioneer Bay,Central Pioneer Bay,Point,2,10 mins,SBT,Choerodon anchorago,35-40,1
16/02/2023,,,Pioneer Bay,Central Pioneer Bay,Point,2,10 mins,SBT,Scarus rivulatus,25-30,3
16/02/2023,,,Pioneer Bay,Central Pioneer Bay,Point,2,10 mins,SBT,Choerodon fasciatus,20-25,1
16/02/2023,,,Pioneer Bay,Central Pioneer Bay,Point,2,10 mins,SBT,Cephalopholis microprion,10--15,2
16/02/2023,,,Pioneer Bay,Central Pioneer Bay,Point,2,10 mins,SBT,Scolopsis margaritifera,20-25,2
16/02/2023,,,Pioneer Bay,Central Pioneer Bay,Point,2,10 mins,SBT,Chelmon rostratus,10--15,1
16/02/2023,,,Pioneer Bay,Central Pioneer Bay,Point,2,10 mins,SBT,Lutjanus carponotatus,25-30,2
16/02/2023,,,Pioneer Bay,Central Pioneer Bay,Point,2,10 mins,SBT,Scarus flavipectoralis,25-30,1
16/02/2023,,,Pioneer Bay,Central Pioneer Bay,Point,2,10 mins,SBT,Cheilinus fasciatus,25-30,1
16/02/2023,,,Pioneer Bay,Central Pioneer Bay,Point,2,10 mins,SBT,Scarus rivulatus,20-25,1
16/02/2023,,,Pioneer Bay,Central Pioneer Bay,Point,3,Instant,SBT,Epinephelus malabaricus,65-70,1
16/02/2023,,,Pioneer Bay,Central Pioneer Bay,Point,3,Instant,SBT,Cephalopholis cyanostigma,25-30,1
16/02/2023,,,Pioneer Bay,Central Pioneer Bay,Point,3,Instant,SBT,Cephalopholis cyanostigma,10--15,1
16/02/2023,,,Pioneer Bay,Central Pioneer Bay,Point,3,Instant,SBT,Chlorurus microrhinos,40-45,1
16/02/2023,,,Pioneer Bay,Central Pioneer Bay,Point,3,Instant,SBT,Thalassoma lunare,10--15,1
16/02/2023,,,Pioneer Bay,Central Pioneer Bay,Point,3,10 mins,SBT,Epinephelus malabaricus,65-70,1
16/02/2023,,,Pioneer Bay,Central Pioneer Bay,Point,3,10 mins,SBT,Cephalopholis cyanostigma,10--15,1
16/02/2023,,,Pioneer Bay,Central Pioneer Bay,Point,3,10 mins,SBT,Thalassoma lunare,10--15,1
16/02/2023,,,Pioneer Bay,Central Pioneer Bay,Point,3,10 mins,SBT,Siganus doliatus,20-25,4
16/02/2023,,,Pioneer Bay,Central Pioneer Bay,Point,3,10 mins,SBT,Scolopsis margaritifera,25-30,1
16/02/2023,,,Pioneer Bay,Central Pioneer Bay,Point,3,10 mins,SBT,Thalassoma lunare,15-20,3
16/02/2023,,,Pioneer Bay,Central Pioneer Bay,Point,3,10 mins,SBT,Choerodon fasciatus,15-20,1
16/02/2023,,,Pioneer Bay,Central Pioneer Bay,Point,3,10 mins,SBT,Cephalopholis cyanostigma,10--15,1
16/02/2023,,,Pioneer Bay,Central Pioneer Bay,Point,4,Instant,SBT,Siganus doliatus,15-20,3
16/02/2023,,,Pioneer Bay,Central Pioneer Bay,Point,4,Instant,SBT,Cephalopholis microprion,10--15,1
16/02/2023,,,Pioneer Bay,Central Pioneer Bay,Point,4,Instant,SBT,Lutjanus carponotatus,25-30,1
16/02/2023,,,Pioneer Bay,Central Pioneer Bay,Point,4,Instant,SBT,Thalassoma lunare,10--15,1
16/02/2023,,,Pioneer Bay,Central Pioneer Bay,Point,4,Instant,SBT,Scolopsis margaritifera,20-25,1
16/02/2023,,,Pioneer Bay,Central Pioneer Bay,Point,4,Instant,SBT,Thalassoma lunare,20-25,1
16/02/2023,,,Pioneer Bay,Central Pioneer Bay,Point,4,10 mins,SBT,Siganus doliatus,15-20,2
16/02/2023,,,Pioneer Bay,Central Pioneer Bay,Point,4,10 mins,SBT,Cephalopholis microprion,10--15,2
16/02/2023,,,Pioneer Bay,Central Pioneer Bay,Point,4,10 mins,SBT,Thalassoma lunare,10--15,2
16/02/2023,,,Pioneer Bay,Central Pioneer Bay,Point,4,10 mins,SBT,Scolopsis margaritifera,20-25,5
16/02/2023,,,Pioneer Bay,Central Pioneer Bay,Point,4,10 mins,SBT,Thalassoma lunare,20-25,1
16/02/2023,,,Pioneer Bay,Central Pioneer Bay,Point,4,10 mins,SBT,Thalassoma lunare,15-20,4
16/02/2023,,,Pioneer Bay,Central Pioneer Bay,Point,4,10 mins,SBT,Chaetodon aureofasciatus,10--15,1
16/02/2023,,,Pioneer Bay,Central Pioneer Bay,Point,4,10 mins,SBT,Chaetodon lunulatus,10--15,1
16/02/2023,,,Pioneer Bay,Central Pioneer Bay,Point,4,10 mins,SBT,Choerodon fasciatus,10--15,1
16/02/2023,,,Pioneer Bay,Central Pioneer Bay,Point,4,10 mins,SBT,Cephalopholis cyanostigma,20-25,1
16/02/2023,,,Pioneer Bay,Central Pioneer Bay,Point,4,10 mins,SBT,Epibulus insidiator,20-25,1
16/02/2023,,,Pioneer Bay,Central Pioneer Bay,Transect,1,20 m,SKC,Scarus rivulatus,15-20,2
16/02/2023,,,Pioneer Bay,Central Pioneer Bay,Transect,1,20 m,SKC,Scolopsis margaritifera,10--15,1
16/02/2023,,,Pioneer Bay,Central Pioneer Bay,Transect,1,20 m,SKC,Cheilinus fasciatus,15-20,1
16/02/2023,,,Pioneer Bay,Central Pioneer Bay,Transect,1,20 m,SKC,Scolopsis margaritifera,15-20,3
16/02/2023,,,Pioneer Bay,Central Pioneer Bay,Transect,1,20 m,SKC,Chaetodon rafflesi,10--15,1
16/02/2023,,,Pioneer Bay,Central Pioneer Bay,Transect,1,20 m,SKC,Lutjanus carponotatus,20-25,1
16/02/2023,,,Pioneer Bay,Central Pioneer Bay,Transect,1,30 m,SKC,Scolopsis margaritifera,10--15,1
16/02/2023,,,Pioneer Bay,Central Pioneer Bay,Transect,1,30 m,SKC,Scolopsis margaritifera,15-20,2
16/02/2023,,,Pioneer Bay,Central Pioneer Bay,Transect,1,30 m,SKC,Chaetodon aureofasciatus,10--15,1
16/02/2023,,,Pioneer Bay,Central Pioneer Bay,Transect,1,30 m,SKC,Thalassoma lunare,15-20,2
16/02/2023,,,Pioneer Bay,Central Pioneer Bay,Transect,2,20 m,SKC,Scolopsis bilineata,10--15,1
16/02/2023,,,Pioneer Bay,Central Pioneer Bay,Transect,2,20 m,SKC,Thalassoma lunare,10--15,2
16/02/2023,,,Pioneer Bay,Central Pioneer Bay,Transect,2,20 m,SKC,Choerodon fasciatus,15-20,1
16/02/2023,,,Pioneer Bay,Central Pioneer Bay,Transect,2,20 m,SKC,Chaetodon aureofasciatus,10--15,3
16/02/2023,,,Pioneer Bay,Central Pioneer Bay,Transect,2,20 m,SKC,Cheilinus chlorurus,10--15,1
16/02/2023,,,Pioneer Bay,Central Pioneer Bay,Transect,2,20 m,SKC,Epinephelus quoyanus,25-30,1
16/02/2023,,,Pioneer Bay,Central Pioneer Bay,Transect,2,20 m,SKC,Scolopsis margaritifera,10--15,1
16/02/2023,,,Pioneer Bay,Central Pioneer Bay,Transect,2,30 m,SKC,Scolopsis bilineata,10--15,1
16/02/2023,,,Pioneer Bay,Central Pioneer Bay,Transect,2,30 m,SKC,Chaetodon aureofasciatus,10--15,5
16/02/2023,,,Pioneer Bay,Central Pioneer Bay,Transect,2,30 m,SKC,Scolopsis margaritifera,10--15,3
16/02/2023,,,Pioneer Bay,Central Pioneer Bay,Transect,2,30 m,SKC,Chaetodon lunulatus,10--15,2
16/02/2023,,,Pioneer Bay,Central Pioneer Bay,Transect,2,30 m,SKC,Cheilinus fasciatus,10--15,1
16/02/2023,,,Pioneer Bay,Central Pioneer Bay,Transect,2,30 m,SKC,Cheilinus undulatus,10--15,1
16/02/2023,,,Pioneer Bay,Central Pioneer Bay,Transect,2,30 m,SKC,Chaetodon auriga,10--15,5
16/02/2023,,,Pioneer Bay,Central Pioneer Bay,Transect,2,30 m,SKC,Thalassoma lunare,10--15,2
16/02/2023,,,Pioneer Bay,Central Pioneer Bay,Transect,2,30 m,SKC,Lutjanus carponotatus,15-20,2
16/02/2023,,,Pioneer Bay,Central Pioneer Bay,Transect,2,30 m,SKC,Lutjanus carponotatus,20-25,1
16/02/2023,,,Pioneer Bay,Central Pioneer Bay,Transect,2,30 m,SKC,Cheilinus fasciatus,15-20,1
16/02/2023,,,Pioneer Bay,Central Pioneer Bay,Transect,2,30 m,SKC,Scolopsis margaritifera,15-20,3
16/02/2023,,,Pioneer Bay,Central Pioneer Bay,Transect,2,30 m,SKC,Siganus doliatus,20-25,2
16/02/2023,,,Pioneer Bay,Central Pioneer Bay,Transect,2,30 m,SKC,Cephalopholis boenak,20-25,1
16/02/2023,,,Pioneer Bay,Central Pioneer Bay,Transect,2,30 m,SKC,Pomacanthus sexstriatus,25-30,1
16/02/2023,,,Pioneer Bay,Central Pioneer Bay,Transect,2,30 m,SKC,Scarus ghobban,25-30,1
16/02/2023,,,Pioneer Bay,Central Pioneer Bay,Transect,3,20 m,SKC,Thalassoma lunare,10--15,3
16/02/2023,,,Pioneer Bay,Central Pioneer Bay,Transect,3,20 m,SKC,Cheilinus fasciatus,10--15,1
16/02/2023,,,Pioneer Bay,Central Pioneer Bay,Transect,3,20 m,SKC,Cephalopholis cyanostigma,25-30,1
16/02/2023,,,Pioneer Bay,Central Pioneer Bay,Transect,3,20 m,SKC,Choerodon anchorago,20-25,2
16/02/2023,,,Pioneer Bay,Central Pioneer Bay,Transect,3,20 m,SKC,Siganus doliatus,15-20,1
16/02/2023,,,Pioneer Bay,Central Pioneer Bay,Transect,3,20 m,SKC,Pomacanthus sexstriatus,25-30,1
16/02/2023,,,Pioneer Bay,Central Pioneer Bay,Transect,3,20 m,SKC,Scolopsis margaritifera,15-20,1
16/02/2023,,,Pioneer Bay,Central Pioneer Bay,Transect,3,20 m,SKC,Thalassoma lunare,15-20,1
16/02/2023,,,Pioneer Bay,Central Pioneer Bay,Transect,3,20 m,SKC,Chlorurus microrhinos,40-45,1
16/02/2023,,,Pioneer Bay,Central Pioneer Bay,Transect,3,20 m,SKC,Lethrinus nebulosus,25-30,1
16/02/2023,,,Pioneer Bay,Central Pioneer Bay,Transect,3,20 m,SKC,Choerodon fasciatus,20-25,1
16/02/2023,,,Pioneer Bay,Central Pioneer Bay,Transect,3,20 m,SKC,Chaetodon aureofasciatus,10--15,1
16/02/2023,,,Pioneer Bay,Central Pioneer Bay,Transect,3,30 m,SKC,Thalassoma lunare,10--15,1
16/02/2023,,,Pioneer Bay,Central Pioneer Bay,Transect,3,30 m,SKC,Thalassoma lunare,15-20,1
16/02/2023,,,Pioneer Bay,Central Pioneer Bay,Transect,3,30 m,SKC,Chaetodon aureofasciatus,10--15,1
16/02/2023,,,Pioneer Bay,Central Pioneer Bay,Transect,3,30 m,SKC,Siganus doliatus,15-20,2
16/02/2023,,,Pioneer Bay,Central Pioneer Bay,Transect,3,30 m,SKC,Pomacanthus sexstriatus,45-50,2
16/02/2023,,,Pioneer Bay,Central Pioneer Bay,Transect,3,30 m,SKC,Pomacanthus sexstriatus,40-45,2
16/02/2023,,,Pioneer Bay,Central Pioneer Bay,Transect,3,30 m,SKC,Chaetodon rafflesi,10--15,2
16/02/2023,,,Pioneer Bay,Central Pioneer Bay,Transect,3,30 m,SKC,Chaetodon lunulatus,10--15,1
16/02/2023,,,Pioneer Bay,Central Pioneer Bay,Transect,3,30 m,SKC,Platax pinnatus,20-25,1
16/02/2023,,,Pioneer Bay,Central Pioneer Bay,Transect,3,30 m,SKC,Chelmon rostratus,15-20,1
16/02/2023,,,Pioneer Bay,Central Pioneer Bay,Transect,3,30 m,SKC,Chaetodon lineolatus,20-25,1
16/02/2023,,,Pioneer Bay,Central Pioneer Bay,Transect,3,30 m,SKC,Chlorurus microrhinos,30-35,1
16/02/2023,,,Pioneer Bay,Central Pioneer Bay,Transect,3,30 m,SKC,Siganus corallinus,15-20,2
16/02/2023,,,Pioneer Bay,Central Pioneer Bay,Transect,3,30 m,SKC,Scarus altipinnis,20-25,8
16/02/2023,,,Pioneer Bay,Central Pioneer Bay,Transect,3,30 m,SKC,Cheilinus fasciatus,20-25,1
16/02/2023,,,Pioneer Bay,Central Pioneer Bay,Transect,3,30 m,SKC,Cephalopholis cyanostigma,20-25,1
16/02/2023,,,Pioneer Bay,Central Pioneer Bay,Transect,3,30 m,SKC,Scolopsis margaritifera,15-20,3
16/02/2023,,,Pioneer Bay,Central Pioneer Bay,Transect,4,20 m,SKC,Pomacanthus sexstriatus,20-25,1
16/02/2023,,,Pioneer Bay,Central Pioneer Bay,Transect,4,20 m,SKC,Chaetodon melannotus,10--15,1
16/02/2023,,,Pioneer Bay,Central Pioneer Bay,Transect,4,20 m,SKC,Scarus rivulatus,20-25,1
16/02/2023,,,Pioneer Bay,Central Pioneer Bay,Transect,4,20 m,SKC,Cephalopholis cyanostigma,20-25,1
16/02/2023,,,Pioneer Bay,Central Pioneer Bay,Transect,4,20 m,SKC,Chlorurus microrhinos,30-35,1
16/02/2023,,,Pioneer Bay,Central Pioneer Bay,Transect,4,20 m,SKC,Lutjanus carponotatus,25-30,1
16/02/2023,,,Pioneer Bay,Central Pioneer Bay,Transect,4,20 m,SKC,Scarus flavipectoralis,15-20,1
16/02/2023,,,Pioneer Bay,Central Pioneer Bay,Transect,4,30 m,SKC,Cephalopholis cyanostigma,20-25,1
16/02/2023,,,Pioneer Bay,Central Pioneer Bay,Transect,4,30 m,SKC,Chlorurus microrhinos,30-35,1
16/02/2023,,,Pioneer Bay,Central Pioneer Bay,Transect,4,30 m,SKC,Epibulus insidiator,25-30,1
16/02/2023,,,Pioneer Bay,Central Pioneer Bay,Transect,4,30 m,SKC,Scolopsis margaritifera,15-20,4
16/02/2023,,,Pioneer Bay,Central Pioneer Bay,Transect,4,30 m,SKC,Chlorurus microrhinos,15-20,1
16/02/2023,,,Pioneer Bay,Central Pioneer Bay,Transect,4,30 m,SKC,Siganus doliatus,15-20,2
16/02/2023,,,Pioneer Bay,Central Pioneer Bay,Transect,4,30 m,SKC,Lutjanus carponotatus,10--15,2
16/02/2023,,,Pioneer Bay,Central Pioneer Bay,Transect,4,30 m,SKC,Scarus niger,25-30,3
16/02/2023,,,Pioneer Bay,Central Pioneer Bay,Transect,4,30 m,SKC,Bodianus axillaris,15-20,1
16/02/2023,,,Pioneer Bay,Central Pioneer Bay,Transect,4,30 m,SKC,Siganus doliatus,15-20,1
16/02/2023,,,Pioneer Bay,Central Pioneer Bay,Transect,4,30 m,SKC,Chaetodon aureofasciatus,10--15,2
16/02/2023,,,Pioneer Bay,Central Pioneer Bay,Transect,4,30 m,SKC,Chlorurus microrhinos,35-40,1
16/02/2023,,,Pioneer Bay,Central Pioneer Bay,Transect,4,30 m,SKC,Scarus rivulatus,20-25,1
16/02/2023,,,Pioneer Bay,Central Pioneer Bay,Transect,4,30 m,SKC,Thalassoma lunare,10--15,2
16/02/2023,,,Pioneer Bay,Central Pioneer Bay,Transect,4,30 m,SKC,Lutjanus carponotatus,15-20,1
16/02/2023,,,Pioneer Bay,Central Pioneer Bay,Transect,4,30 m,SKC,Lutjanus carponotatus,20-25,2
16/02/2023,,,Pioneer Bay,Central Pioneer Bay,Transect,4,30 m,SKC,Chaetodon rafflesi,10--15,2
16/02/2023,,,Pioneer Bay,Central Pioneer Bay,Point,1,Instant,SKC,Scolopsis margaritifera,10--15,1
16/02/2023,,,Pioneer Bay,Central Pioneer Bay,Point,1,Instant,SKC,Platax pinnatus,25-30,1
16/02/2023,,,Pioneer Bay,Central Pioneer Bay,Point,1,Instant,SKC,Pomacanthus sexstriatus,30-35,1
16/02/2023,,,Pioneer Bay,Central Pioneer Bay,Point,1,Instant,SKC,Chaetodon vagabundus,15-20,1
16/02/2023,,,Pioneer Bay,Central Pioneer Bay,Point,1,10 mins,SKC,Platax pinnatus,25-30,1
16/02/2023,,,Pioneer Bay,Central Pioneer Bay,Point,1,10 mins,SKC,Acanthurus sp. ,20-25,2
16/02/2023,,,Pioneer Bay,Central Pioneer Bay,Point,1,10 mins,SKC,Chaetodon vagabundus,15-20,1
16/02/2023,,,Pioneer Bay,Central Pioneer Bay,Point,1,10 mins,SKC,Chelmon rostratus,15-20,1
16/02/2023,,,Pioneer Bay,Central Pioneer Bay,Point,1,10 mins,SKC,Lutjanus carponotatus,25-30,1
16/02/2023,,,Pioneer Bay,Central Pioneer Bay,Point,1,10 mins,SKC,Chaetodon aureofasciatus,10--15,2
16/02/2023,,,Pioneer Bay,Central Pioneer Bay,Point,1,10 mins,SKC,Scarus rivulatus,20-25,7
16/02/2023,,,Pioneer Bay,Central Pioneer Bay,Point,1,10 mins,SKC,Thalassoma lunare,10--15,2
16/02/2023,,,Pioneer Bay,Central Pioneer Bay,Point,1,10 mins,SKC,Pomacanthus sexstriatus,20-25,1
16/02/2023,,,Pioneer Bay,Central Pioneer Bay,Point,1,10 mins,SKC,Scolopsis margaritifera,15-20,1
16/02/2023,,,Pioneer Bay,Central Pioneer Bay,Point,1,10 mins,SKC,Thalassoma lunare,15-20,2
16/02/2023,,,Pioneer Bay,Central Pioneer Bay,Point,1,10 mins,SKC,Chlorurus microrhinos,35-40,1
16/02/2023,,,Pioneer Bay,Central Pioneer Bay,Point,1,10 mins,SKC,Siganus doliatus,20-25,2
16/02/2023,,,Pioneer Bay,Central Pioneer Bay,Point,2,Instant,SKC,Scarus rivulatus,30-35,1
16/02/2023,,,Pioneer Bay,Central Pioneer Bay,Point,2,Instant,SKC,Thalassoma lunare,10--15,1
16/02/2023,,,Pioneer Bay,Central Pioneer Bay,Point,2,Instant,SKC,Pomacanthus sexstriatus,35-40,1
16/02/2023,,,Pioneer Bay,Central Pioneer Bay,Point,2,Instant,SKC,Scolopsis margaritifera,15-20,1
16/02/2023,,,Pioneer Bay,Central Pioneer Bay,Point,2,10 mins,SKC,Scarus rivulatus,30-35,1
16/02/2023,,,Pioneer Bay,Central Pioneer Bay,Point,2,10 mins,SKC,Thalassoma lunare,10--15,2
16/02/2023,,,Pioneer Bay,Central Pioneer Bay,Point,2,10 mins,SKC,Pomacanthus sexstriatus,35-40,2
16/02/2023,,,Pioneer Bay,Central Pioneer Bay,Point,2,10 mins,SKC,Scolopsis margaritifera,15-20,4
16/02/2023,,,Pioneer Bay,Central Pioneer Bay,Point,2,10 mins,SKC,Cephalopholis boenak,10--15,1
16/02/2023,,,Pioneer Bay,Central Pioneer Bay,Point,2,10 mins,SKC,Cheilinus fasciatus,10--15,1
16/02/2023,,,Pioneer Bay,Central Pioneer Bay,Point,2,10 mins,SKC,Scarus rivulatus,10--15,2
16/02/2023,,,Pioneer Bay,Central Pioneer Bay,Point,2,10 mins,SKC,Chlorurus microrhinos,20-25,1
16/02/2023,,,Pioneer Bay,Central Pioneer Bay,Point,2,10 mins,SKC,Chlorurus microrhinos,35-40,1
16/02/2023,,,Pioneer Bay,Central Pioneer Bay,Point,2,10 mins,SKC,Cheilinus chlorurus,15-20,1
16/02/2023,,,Pioneer Bay,Central Pioneer Bay,Point,2,10 mins,SKC,Lutjanus carponotatus,25-30,30
16/02/2023,,,Pioneer Bay,Central Pioneer Bay,Point,3,Instant,SKC,Scolopsis margaritifera,15-20,2
16/02/2023,,,Pioneer Bay,Central Pioneer Bay,Point,3,Instant,SKC,Cephalopholis cyanostigma,20-25,1
16/02/2023,,,Pioneer Bay,Central Pioneer Bay,Point,3,Instant,SKC,Siganus doliatus,15-20,3
16/02/2023,,,Pioneer Bay,Central Pioneer Bay,Point,3,Instant,SKC,Thalassoma lunare,10--15,1
16/02/2023,,,Pioneer Bay,Central Pioneer Bay,Point,3,Instant,SKC,Pomacanthus sexstriatus,25-30,1
16/02/2023,,,Pioneer Bay,Central Pioneer Bay,Point,3,Instant,SKC,Epibulus insidiator,20-25,1
16/02/2023,,,Pioneer Bay,Central Pioneer Bay,Point,3,Instant,SKC,Scolopsis bilineata,15-20,1
16/02/2023,,,Pioneer Bay,Central Pioneer Bay,Point,3,10 mins,SKC,Scolopsis margaritifera,15-20,1
16/02/2023,,,Pioneer Bay,Central Pioneer Bay,Point,3,10 mins,SKC,Siganus doliatus,15-20,6
16/02/2023,,,Pioneer Bay,Central Pioneer Bay,Point,3,10 mins,SKC,Pomacanthus sexstriatus,25-30,1
16/02/2023,,,Pioneer Bay,Central Pioneer Bay,Point,3,10 mins,SKC,Scolopsis bilineata,15-20,3
16/02/2023,,,Pioneer Bay,Central Pioneer Bay,Point,3,10 mins,SKC,Hemigymnus melapterus,10--15,3
16/02/2023,,,Pioneer Bay,Central Pioneer Bay,Point,3,10 mins,SKC,Hemigymnus melapterus,15-20,1
16/02/2023,,,Pioneer Bay,Central Pioneer Bay,Point,3,10 mins,SKC,Thalassoma lunare,15-20,4
16/02/2023,,,Pioneer Bay,Central Pioneer Bay,Point,3,10 mins,SKC,Chaetodon rafflesi,10--15,1
16/02/2023,,,Pioneer Bay,Central Pioneer Bay,Point,3,10 mins,SKC,Epibulus insidiator,10--15,1
16/02/2023,,,Pioneer Bay,Central Pioneer Bay,Point,3,10 mins,SKC,Chaetodon ephippium ,10--15,2
16/02/2023,,,Pioneer Bay,Central Pioneer Bay,Point,3,10 mins,SKC,Cephalopholis microprion,10--15,1
16/02/2023,,,Pioneer Bay,Central Pioneer Bay,Point,3,10 mins,SKC,Cheilinus fasciatus,15-20,1
16/02/2023,,,Pioneer Bay,Central Pioneer Bay,Point,3,10 mins,SKC,Siganus vulpinus ,15-20,1
16/02/2023,,,Pioneer Bay,Central Pioneer Bay,Point,3,10 mins,SKC,Cephalopholis cyanostigma,10--15,1
16/02/2023,,,Pioneer Bay,Central Pioneer Bay,Point,3,10 mins,SKC,Chaetodon lunulatus,10--15,1
16/02/2023,,,Pioneer Bay,Central Pioneer Bay,Point,3,10 mins,SKC,Thalassoma lunare,10--15,1
16/02/2023,,,Pioneer Bay,Central Pioneer Bay,Point,4,Instant,SKC,Chaetodon aureofasciatus,10--15,1
16/02/2023,,,Pioneer Bay,Central Pioneer Bay,Point,4,Instant,SKC,Cephalopholis microprion,15-20,1
16/02/2023,,,Pioneer Bay,Central Pioneer Bay,Point,4,Instant,SKC,Chaetodon auriga,10--15,1
16/02/2023,,,Pioneer Bay,Central Pioneer Bay,Point,4,Instant,SKC,Thalassoma lunare,15-20,1
16/02/2023,,,Pioneer Bay,Central Pioneer Bay,Point,4,10 mins,SKC,Chaetodon aureofasciatus,10--15,2
16/02/2023,,,Pioneer Bay,Central Pioneer Bay,Point,4,10 mins,SKC,Cephalopholis microprion,15-20,1
16/02/2023,,,Pioneer Bay,Central Pioneer Bay,Point,4,10 mins,SKC,Chaetodon auriga,10--15,1
16/02/2023,,,Pioneer Bay,Central Pioneer Bay,Point,4,10 mins,SKC,Thalassoma lunare,10--15,3
16/02/2023,,,Pioneer Bay,Central Pioneer Bay,Point,4,10 mins,SKC,Scarus rivulatus,20-25,3
16/02/2023,,,Pioneer Bay,Central Pioneer Bay,Point,4,10 mins,SKC,Choerodon fasciatus,10--15,2
16/02/2023,,,Pioneer Bay,Central Pioneer Bay,Point,4,10 mins,SKC,Scolopsis margaritifera,20-25,3
16/02/2023,,,Pioneer Bay,Central Pioneer Bay,Point,4,10 mins,SKC,Siganus doliatus,15-20,7
16/02/2023,,,Pioneer Bay,Central Pioneer Bay,Point,4,10 mins,SKC,Cephalopholis cyanostigma,30-35,4
16/02/2023,,,Pioneer Bay,Central Pioneer Bay,Point,4,10 mins,SKC,Choerodon anchorago,30-35,1
16/02/2023,,,Pioneer Bay,Central Pioneer Bay,Point,4,10 mins,SKC,Cephalopholis cyanostigma,15-20,2
16/02/2023,,,Pioneer Bay,Central Pioneer Bay,Point,4,10 mins,SKC,Choerodon fasciatus,20-25,1
