Date,Time,Depth,Location,Site,Method,Replicate,Type,Observer,Species,Size,Count
11/02/2023,,,Pioneer Bay,Central Pioneer Bay,Transect,1,20 m,HFY,Thalassoma lunare,10--15,6
11/02/2023,,,Pioneer Bay,Central Pioneer Bay,Transect,1,20 m,HFY,Hemigymnus melapterus,10--15,1
11/02/2023,,,Pioneer Bay,Central Pioneer Bay,Transect,1,20 m,HFY,Scarus rivulatus,15--20,3
11/02/2023,,,Pioneer Bay,Central Pioneer Bay,Transect,1,20 m,HFY,Fistularia sp,20--25,3
11/02/2023,,,Pioneer Bay,Central Pioneer Bay,Transect,1,20 m,HFY,Chlorurus spilurus,25--30,5
11/02/2023,,,Pioneer Bay,Central Pioneer Bay,Transect,1,20 m,HFY,Siganus doliatus,20--25,3
11/02/2023,,,Pioneer Bay,Central Pioneer Bay,Transect,1,20 m,HFY,Lutjanus carponotatus,20--25,4
11/02/2023,,,Pioneer Bay,Central Pioneer Bay,Transect,1,30 m,HFY,Thalassoma lunare,10--15,1
11/02/2023,,,Pioneer Bay,Central Pioneer Bay,Transect,1,30 m,HFY,Hemigymnus melapterus,10--15,2
11/02/2023,,,Pioneer Bay,Central Pioneer Bay,Transect,1,30 m,HFY,Chlorurus spilurus,25--30,3
11/02/2023,,,Pioneer Bay,Central Pioneer Bay,Transect,1,30 m,HFY,Chaetodon vagabundus,10--15,1
11/02/2023,,,Pioneer Bay,Central Pioneer Bay,Transect,1,30 m,HFY,Scolopsis bilineata,10--15,2
11/02/2023,,,Pioneer Bay,Central Pioneer Bay,Transect,1,30 m,HFY,Lethrinus harak,20--25,1
11/02/2023,,,Pioneer Bay,Central Pioneer Bay,Transect,2,20 m,HFY,Lethrinus harak,15--20,1
11/02/2023,,,Pioneer Bay,Central Pioneer Bay,Transect,2,20 m,HFY,Lutjanus carponotatus,15--20,1
11/02/2023,,,Pioneer Bay,Central Pioneer Bay,Transect,2,20 m,HFY,Hemigymnus melapterus,10--15,1
11/02/2023,,,Pioneer Bay,Central Pioneer Bay,Transect,2,20 m,HFY,Plectropomus maculatus,15--20,1
11/02/2023,,,Pioneer Bay,Central Pioneer Bay,Transect,2,20 m,HFY,Chaetodon vagabundus,10--15,2
11/02/2023,,,Pioneer Bay,Central Pioneer Bay,Transect,2,20 m,HFY,Chaetodon aureofasciatus,10--15,1
11/02/2023,,,Pioneer Bay,Central Pioneer Bay,Transect,2,20 m,HFY,Lethrinus harak,25--30,3
11/02/2023,,,Pioneer Bay,Central Pioneer Bay,Transect,2,20 m,HFY,Scolopsis bilineata,10--15,1
11/02/2023,,,Pioneer Bay,Central Pioneer Bay,Transect,2,30 m,HFY,Lethrinus harak,25--30,1
11/02/2023,,,Pioneer Bay,Central Pioneer Bay,Transect,2,30 m,HFY,Scolopsis bilineata,10--15,3
11/02/2023,,,Pioneer Bay,Central Pioneer Bay,Transect,2,30 m,HFY,Scarus rivulatus,10--15,5
11/02/2023,,,Pioneer Bay,Central Pioneer Bay,Transect,2,30 m,HFY,Labroides dimidiatus,10--15,3
11/02/2023,,,Pioneer Bay,Central Pioneer Bay,Transect,2,30 m,HFY,Thalassoma lunare,10--15,6
11/02/2023,,,Pioneer Bay,Central Pioneer Bay,Transect,2,30 m,HFY,Plectropomus leopardus,15--20,1
11/02/2023,,,Pioneer Bay,Central Pioneer Bay,Transect,2,30 m,HFY,Cheilinus chlorurus,10--15,1
11/02/2023,,,Pioneer Bay,Central Pioneer Bay,Point,1,Instant,HFY,Scarus rivulatus,15--20,1
11/02/2023,,,Pioneer Bay,Central Pioneer Bay,Point,1,Instant,HFY,Siganus doliatus,10--15,1
11/02/2023,,,Pioneer Bay,Central Pioneer Bay,Point,1,Instant,HFY,Lethrinus harak,25--30,1
11/02/2023,,,Pioneer Bay,Central Pioneer Bay,Point,1,Instant,HFY,Chaetodon baronessa,10--15,1
11/02/2023,,,Pioneer Bay,Central Pioneer Bay,Point,1,10 min,HFY,Lethrinus harak,25--30,6
11/02/2023,,,Pioneer Bay,Central Pioneer Bay,Point,1,10 min,HFY,Chaetodon lunulatus,10--15,1
11/02/2023,,,Pioneer Bay,Central Pioneer Bay,Point,1,10 min,HFY,Hemigymnus melapterus,15--20,1
11/02/2023,,,Pioneer Bay,Central Pioneer Bay,Point,1,10 min,HFY,Labroides dimidiatus,10--15,1
11/02/2023,,,Pioneer Bay,Central Pioneer Bay,Point,1,10 min,HFY,Lutjanus carponotatus,15--20,7
11/02/2023,,,Pioneer Bay,Central Pioneer Bay,Point,1,10 min,HFY,Thalassoma lunare,10--15,3
11/02/2023,,,Pioneer Bay,Central Pioneer Bay,Point,1,10 min,HFY,Lutjanus carponotatus,20--25,1
11/02/2023,,,Pioneer Bay,Central Pioneer Bay,Point,1,10 min,HFY,Chlorurus spilurus,25--30,3
11/02/2023,,,Pioneer Bay,Central Pioneer Bay,Point,1,10 min,HFY,Siganus doliatus,20--25,5
11/02/2023,,,Pioneer Bay,Central Pioneer Bay,Point,1,10 min,HFY,Choerodon anchorago,15--20,2
11/02/2023,,,Pioneer Bay,Central Pioneer Bay,Point,1,10 min,HFY,Labroides dimidiatus,10--15,1
11/02/2023,,,Pioneer Bay,Central Pioneer Bay,Point,1,10 min,HFY,Scarus flavipectoralis,15--20,1
11/02/2023,,,Pioneer Bay,Central Pioneer Bay,Point,1,10 min,HFY,Scolopsis monogramma,20--25,1
11/02/2023,,,Pioneer Bay,Central Pioneer Bay,Point,1,10 min,HFY,Acanthurus sp,20--25,1
11/02/2023,,,Pioneer Bay,Central Pioneer Bay,Point,2,Instant,HFY,Thalassoma lunare,10--15,2
11/02/2023,,,Pioneer Bay,Central Pioneer Bay,Point,2,Instant,HFY,Lethrinus harak,20--25,1
11/02/2023,,,Pioneer Bay,Central Pioneer Bay,Point,2,10 min,HFY,Thalassoma lunare,10--15,9
11/02/2023,,,Pioneer Bay,Central Pioneer Bay,Point,2,10 min,HFY,Lethrinus harak,20--25,9
11/02/2023,,,Pioneer Bay,Central Pioneer Bay,Point,2,10 min,HFY,Lutjanus carponotatus,10--15,1
11/02/2023,,,Pioneer Bay,Central Pioneer Bay,Point,2,10 min,HFY,Scolopsis bilineata,10--15,3
11/02/2023,,,Pioneer Bay,Central Pioneer Bay,Point,2,10 min,HFY,Hipposcarus longiceps,15--20,7
11/02/2023,,,Pioneer Bay,Central Pioneer Bay,Transect,3,20 m,HFY,Platax teira,45--50,1
11/02/2023,,,Pioneer Bay,Central Pioneer Bay,Transect,3,20 m,HFY,Labroides dimidiatus,10--15,1
11/02/2023,,,Pioneer Bay,Central Pioneer Bay,Transect,3,20 m,HFY,Thalassoma lunare,10--15,3
11/02/2023,,,Pioneer Bay,Central Pioneer Bay,Transect,3,20 m,HFY,Chelmon rostratus,10--15,1
11/02/2023,,,Pioneer Bay,Central Pioneer Bay,Transect,3,20 m,HFY,Scolopsis bilineata,10--15,1
11/02/2023,,,Pioneer Bay,Central Pioneer Bay,Transect,3,20 m,HFY,Chaetodon aureofasciatus,10--15,1
11/02/2023,,,Pioneer Bay,Central Pioneer Bay,Transect,3,20 m,HFY,Acanthurus sp,15--20,1
11/02/2023,,,Pioneer Bay,Central Pioneer Bay,Transect,3,20 m,HFY,Lutjanus carponotatus,30--35,1
11/02/2023,,,Pioneer Bay,Central Pioneer Bay,Transect,3,20 m,HFY,Siganus doliatus,20--25,3
11/02/2023,,,Pioneer Bay,Central Pioneer Bay,Transect,3,20 m,HFY,Platax teira,30--35,1
11/02/2023,,,Pioneer Bay,Central Pioneer Bay,Transect,3,30 m,HFY,Thalassoma lunare,10--15,3
11/02/2023,,,Pioneer Bay,Central Pioneer Bay,Transect,3,30 m,HFY,Scolopsis bilineata,10--15,1
11/02/2023,,,Pioneer Bay,Central Pioneer Bay,Transect,3,30 m,HFY,Chaetodon aureofasciatus,10--15,1
11/02/2023,,,Pioneer Bay,Central Pioneer Bay,Transect,3,30 m,HFY,Siganus doliatus,20--25,2
11/02/2023,,,Pioneer Bay,Central Pioneer Bay,Transect,3,30 m,HFY,Scolopsis margaritifera,25--30,2
11/02/2023,,,Pioneer Bay,Central Pioneer Bay,Transect,3,30 m,HFY,Scarus rivulatus,25--30,6
11/02/2023,,,Pioneer Bay,Central Pioneer Bay,Transect,3,30 m,HFY,Scarus rivulatus,30--35,1
11/02/2023,,,Pioneer Bay,Central Pioneer Bay,Transect,3,30 m,HFY,Hemigymnus melapterus,10--15,2
11/02/2023,,,Pioneer Bay,Central Pioneer Bay,Transect,3,30 m,HFY,Pomacanthus sexstriatus,35--40,1
11/02/2023,,,Pioneer Bay,Central Pioneer Bay,Transect,3,30 m,HFY,Halichoeres marginatus,10--15,1
11/02/2023,,,Pioneer Bay,Central Pioneer Bay,Transect,3,30 m,HFY,Siganus doliatus,10--15,2
11/02/2023,,,Pioneer Bay,Central Pioneer Bay,Transect,3,30 m,HFY,Plectropomus maculatus,20--25,1
11/02/2023,,,Pioneer Bay,Central Pioneer Bay,Transect,3,30 m,HFY,Chaetodon baronessa,10--15,1
11/02/2023,,,Pioneer Bay,Central Pioneer Bay,Transect,3,30 m,HFY,Scarus flavipectoralis,15--20,1
11/02/2023,,,Pioneer Bay,Central Pioneer Bay,Transect,3,30 m,HFY,Cheilinus fasciatus,15--20,1
11/02/2023,,,Pioneer Bay,Central Pioneer Bay,Transect,3,30 m,HFY,Chaetodon auriga,10--15,1
11/02/2023,,,Pioneer Bay,Central Pioneer Bay,Transect,3,30 m,HFY,Acanthurus sp,10--15,1
11/02/2023,,,Pioneer Bay,Central Pioneer Bay,Transect,3,30 m,HFY,Cephalopholis cyanostigma,10--15,1
11/02/2023,,,Pioneer Bay,Central Pioneer Bay,Transect,4,20 m,HFY,Scarus rivulatus,25--30,2
11/02/2023,,,Pioneer Bay,Central Pioneer Bay,Transect,4,20 m,HFY,Scolopsis bilineata,10--15,2
11/02/2023,,,Pioneer Bay,Central Pioneer Bay,Transect,4,20 m,HFY,Scolopsis margaritifera,15--20,2
11/02/2023,,,Pioneer Bay,Central Pioneer Bay,Transect,4,20 m,HFY,Thalassoma lunare,10--15,1
11/02/2023,,,Pioneer Bay,Central Pioneer Bay,Transect,4,20 m,HFY,Cheilinus fasciatus,15--20,1
11/02/2023,,,Pioneer Bay,Central Pioneer Bay,Transect,4,20 m,HFY,Cirrhilabrus punctatus,10--15,1
11/02/2023,,,Pioneer Bay,Central Pioneer Bay,Transect,4,20 m,HFY,Lutjanus carponotatus,25--30,6
11/02/2023,,,Pioneer Bay,Central Pioneer Bay,Transect,4,20 m,HFY,Labroides dimidiatus,10--15,1
11/02/2023,,,Pioneer Bay,Central Pioneer Bay,Transect,4,20 m,HFY,Kyphosis cinerascens,25--30,2
11/02/2023,,,Pioneer Bay,Central Pioneer Bay,Transect,4,30 m,HFY,Scarus rivulatus,25--30,3
11/02/2023,,,Pioneer Bay,Central Pioneer Bay,Transect,4,30 m,HFY,Thalassoma lunare,10--15,1
11/02/2023,,,Pioneer Bay,Central Pioneer Bay,Transect,4,30 m,HFY,Kyphosis cinerascens,25--30,1
11/02/2023,,,Pioneer Bay,Central Pioneer Bay,Transect,4,30 m,HFY,Diagramma pictum,35--40,3
11/02/2023,,,Pioneer Bay,Central Pioneer Bay,Transect,4,30 m,HFY,Lutjanus carponotatus,20--25,7
11/02/2023,,,Pioneer Bay,Central Pioneer Bay,Transect,4,30 m,HFY,Chaetodon aureofasciatus,10--15,2
11/02/2023,,,Pioneer Bay,Central Pioneer Bay,Transect,4,30 m,HFY,Chlorurus bleekeri,15--20,1
11/02/2023,,,Pioneer Bay,Central Pioneer Bay,Transect,4,30 m,HFY,Kyphosis vaigiensis,20--25,4
11/02/2023,,,Pioneer Bay,Central Pioneer Bay,Transect,4,30 m,HFY,Lutjanus sebae,25--30,1
11/02/2023,,,Pioneer Bay,Central Pioneer Bay,Transect,4,30 m,HFY,Choerodon fasciatus,15--20,1
11/02/2023,,,Pioneer Bay,Central Pioneer Bay,Transect,4,30 m,HFY,Chaetodon melannotus,10--15,2
11/02/2023,,,Pioneer Bay,Central Pioneer Bay,Transect,4,30 m,HFY,Hemigymnus melapterus,10--15,1
11/02/2023,,,Pioneer Bay,Central Pioneer Bay,Point,3,Instant,HFY,Chlorurus microrhinus,35--40,2
11/02/2023,,,Pioneer Bay,Central Pioneer Bay,Point,3,Instant,HFY,Thalassoma lunare,10--15,2
11/02/2023,,,Pioneer Bay,Central Pioneer Bay,Point,3,Instant,HFY,Scarus rivulatus,15--20,1
11/02/2023,,,Pioneer Bay,Central Pioneer Bay,Point,3,10 min,HFY,Chlorurus microrhinus,35--40,2
11/02/2023,,,Pioneer Bay,Central Pioneer Bay,Point,3,10 min,HFY,Scarus rivulatus,15--20,2
11/02/2023,,,Pioneer Bay,Central Pioneer Bay,Point,3,10 min,HFY,Scarus rivulatus,10--15,26
11/02/2023,,,Pioneer Bay,Central Pioneer Bay,Point,3,10 min,HFY,Choerodon anchorago,10--15,1
11/02/2023,,,Pioneer Bay,Central Pioneer Bay,Point,3,10 min,HFY,Chaetodon lunulatus,10--15,2
11/02/2023,,,Pioneer Bay,Central Pioneer Bay,Point,3,10 min,HFY,Scolopsis bilineata,10--15,2
11/02/2023,,,Pioneer Bay,Central Pioneer Bay,Point,3,10 min,HFY,Labroides dimidiatus,10--15,2
11/02/2023,,,Pioneer Bay,Central Pioneer Bay,Point,3,10 min,HFY,Scolopsis margaritifera,15--20,1
11/02/2023,,,Pioneer Bay,Central Pioneer Bay,Point,3,10 min,HFY,Siganus doliatus,15--20,6
11/02/2023,,,Pioneer Bay,Central Pioneer Bay,Point,3,10 min,HFY,Chaetodon aureofasciatus,10--15,4
11/02/2023,,,Pioneer Bay,Central Pioneer Bay,Point,3,10 min,HFY,Siganus doliatus,20--25,1
11/02/2023,,,Pioneer Bay,Central Pioneer Bay,Point,3,10 min,HFY,Acanthurus sp,15--20,15
11/02/2023,,,Pioneer Bay,Central Pioneer Bay,Point,3,10 min,HFY,Lethrinus harak,15--20,1
11/02/2023,,,Pioneer Bay,Central Pioneer Bay,Point,3,10 min,HFY,Lutjanus carponotatus,15--20,1
11/02/2023,,,Pioneer Bay,Central Pioneer Bay,Point,3,10 min,HFY,Scarus rivulatus,15--20,1
11/02/2023,,,Pioneer Bay,Central Pioneer Bay,Point,3,10 min,HFY,Scarus niger,15--20,2
11/02/2023,,,Pioneer Bay,Central Pioneer Bay,Point,3,10 min,HFY,Lethrinus harak,20--25,2
11/02/2023,,,Pioneer Bay,Central Pioneer Bay,Point,3,10 min,HFY,Chlorurus microrhinus,30--35,1
11/02/2023,,,Pioneer Bay,Central Pioneer Bay,Point,4,Instant,HFY,Acanthurus sp,15--20,7
11/02/2023,,,Pioneer Bay,Central Pioneer Bay,Point,4,Instant,HFY,Acanthurus sp,10--15,2
11/02/2023,,,Pioneer Bay,Central Pioneer Bay,Point,4,10 min,HFY,Acanthurus sp,15--20,3
11/02/2023,,,Pioneer Bay,Central Pioneer Bay,Point,4,10 min,HFY,Thalassoma lunare,10--15,7
11/02/2023,,,Pioneer Bay,Central Pioneer Bay,Point,4,10 min,HFY,Chaetodon aureofasciatus,10--15,4
11/02/2023,,,Pioneer Bay,Central Pioneer Bay,Point,4,10 min,HFY,Scarus niger,15--20,1
11/02/2023,,,Pioneer Bay,Central Pioneer Bay,Point,4,10 min,HFY,Hemigymnus melapterus,15--20,1
11/02/2023,,,Pioneer Bay,Central Pioneer Bay,Point,4,10 min,HFY,Lethrinus harak,15--20,1
11/02/2023,,,Pioneer Bay,Central Pioneer Bay,Point,4,10 min,HFY,Scarus rivulatus,10--15,6
11/02/2023,,,Pioneer Bay,Central Pioneer Bay,Point,4,10 min,HFY,Scolopsis bilineata,10--15,4
11/02/2023,,,Pioneer Bay,Central Pioneer Bay,Point,4,10 min,HFY,Siganus doliatus,15--20,3
11/02/2023,,,Pioneer Bay,Central Pioneer Bay,Point,4,10 min,HFY,Scarus rivulatus,20--25,1
11/02/2023,,,Pioneer Bay,Central Pioneer Bay,Point,4,10 min,HFY,Labroides dimidiatus,10--15,1
11/02/2023,,,Pioneer Bay,Central Pioneer Bay,Point,4,10 min,HFY,Chlorurus bleekeri,15--20,1
11/02/2023,,,Pioneer Bay,Central Pioneer Bay,Point,4,10 min,HFY,Plectropomus maculatus,25--30,1
11/02/2023,,,Pioneer Bay,Central Pioneer Bay,Point,4,10 min,HFY,Scolopsis margaritifera,10--15,1
11/02/2023,,,Pioneer Bay,Central Pioneer Bay,Point,4,10 min,HFY,Scolopsis bilineata,20--25,1
11/02/2023,,,Pioneer Bay,Central Pioneer Bay,Point,4,10 min,HFY,Cephalopholis cyanostigma,10--15,1
12/02/2023,,,Fantom Island,Snapper Point,Transect,1,20 m,HFY,Chaetodon baronessa,10--15,2
12/02/2023,,,Fantom Island,Snapper Point,Transect,1,20 m,HFY,Chaetodon aureofasciatus,10--15,3
12/02/2023,,,Fantom Island,Snapper Point,Transect,1,20 m,HFY,Lutjanus vitta,15--20,7
12/02/2023,,,Fantom Island,Snapper Point,Transect,1,20 m,HFY,Scarus rivulatus,10--15,2
12/02/2023,,,Fantom Island,Snapper Point,Transect,1,20 m,HFY,Scarus rivulatus,15--20,2
12/02/2023,,,Fantom Island,Snapper Point,Transect,1,20 m,HFY,Thalassoma lunare,10--15,2
12/02/2023,,,Fantom Island,Snapper Point,Transect,1,20 m,HFY,Siganus doliatus,10--15,1
12/02/2023,,,Fantom Island,Snapper Point,Transect,1,20 m,HFY,Chaetodon plebius,10--15,1
12/02/2023,,,Fantom Island,Snapper Point,Transect,1,20 m,HFY,Chlorurus spilurus,15--20,1
12/02/2023,,,Fantom Island,Snapper Point,Transect,1,20 m,HFY,Siganus lineatus,20--25,8
12/02/2023,,,Fantom Island,Snapper Point,Transect,1,20 m,HFY,Chaetodon rafflesi,10--15,1
12/02/2023,,,Fantom Island,Snapper Point,Transect,1,30 m,HFY,Chaetodon aureofasciatus,10--15,3
12/02/2023,,,Fantom Island,Snapper Point,Transect,1,30 m,HFY,Lutjanus vitta,15--20,33
12/02/2023,,,Fantom Island,Snapper Point,Transect,1,30 m,HFY,Scarus rivulatus,10--15,4
12/02/2023,,,Fantom Island,Snapper Point,Transect,1,30 m,HFY,Thalassoma lunare,10--15,2
12/02/2023,,,Fantom Island,Snapper Point,Transect,1,30 m,HFY,Siganus lineatus,20--25,10
12/02/2023,,,Fantom Island,Snapper Point,Transect,1,30 m,HFY,Scarus niger,10--15,2
12/02/2023,,,Fantom Island,Snapper Point,Transect,1,30 m,HFY,Chaetodon oxycephalus,10--15,1
12/02/2023,,,Fantom Island,Snapper Point,Transect,1,30 m,HFY,Siganus doliatus,15--20,1
12/02/2023,,,Fantom Island,Snapper Point,Transect,1,30 m,HFY,Chaetodon melannotus,15--20,3
12/02/2023,,,Fantom Island,Snapper Point,Transect,1,30 m,HFY,Chaetodon trifascialis,10--15,1
12/02/2023,,,Fantom Island,Snapper Point,Transect,1,30 m,HFY,Hemigymnus melapterus,10--15,1
12/02/2023,,,Fantom Island,Snapper Point,Transect,1,30 m,HFY,Labroides dimidiatus,10--15,1
12/02/2023,,,Fantom Island,Snapper Point,Transect,1,30 m,HFY,Halichoeres marginatus,10--15,4
12/02/2023,,,Fantom Island,Snapper Point,Transect,2,20 m,HFY,Lutjanus vitta,15--20,56
12/02/2023,,,Fantom Island,Snapper Point,Transect,2,20 m,HFY,Chaetodon aureofasciatus,10--15,14
12/02/2023,,,Fantom Island,Snapper Point,Transect,2,20 m,HFY,Siganus lineatus,20--25,8
12/02/2023,,,Fantom Island,Snapper Point,Transect,2,20 m,HFY,Thalassoma lunare,10--15,3
12/02/2023,,,Fantom Island,Snapper Point,Transect,2,20 m,HFY,Scarus niger,10--15,1
12/02/2023,,,Fantom Island,Snapper Point,Transect,2,20 m,HFY,Hemigymnus melapterus,10--15,1
12/02/2023,,,Fantom Island,Snapper Point,Transect,2,20 m,HFY,Labroides dimidiatus,10--15,2
12/02/2023,,,Fantom Island,Snapper Point,Transect,2,20 m,HFY,Scarus rivulatus,15--20,1
12/02/2023,,,Fantom Island,Snapper Point,Transect,2,20 m,HFY,Halichoeres marginatus,10--15,1
12/02/2023,,,Fantom Island,Snapper Point,Transect,2,30 m,HFY,Lutjanus vitta,15--20,8
12/02/2023,,,Fantom Island,Snapper Point,Transect,2,30 m,HFY,Chaetodon aureofasciatus,10--15,11
12/02/2023,,,Fantom Island,Snapper Point,Transect,2,30 m,HFY,Thalassoma lunare,10--15,5
12/02/2023,,,Fantom Island,Snapper Point,Transect,2,30 m,HFY,Labroides dimidiatus,10--15,1
12/02/2023,,,Fantom Island,Snapper Point,Transect,2,30 m,HFY,Scarus rivulatus,15--20,4
12/02/2023,,,Fantom Island,Snapper Point,Transect,2,30 m,HFY,Halichoeres marginatus,10--15,2
12/02/2023,,,Fantom Island,Snapper Point,Transect,2,30 m,HFY,Lutjanus carponotatus,15--20,3
12/02/2023,,,Fantom Island,Snapper Point,Transect,2,30 m,HFY,Cheilinus fasciatus,10--15,1
12/02/2023,,,Fantom Island,Snapper Point,Transect,2,30 m,HFY,Scarus niger,15--20,2
12/02/2023,,,Fantom Island,Snapper Point,Transect,2,30 m,HFY,Chaetodon aureofasciatus,15--20,1
12/02/2023,,,Fantom Island,Snapper Point,Transect,2,30 m,HFY,Anampses neoguinaicus,10--15,2
12/02/2023,,,Fantom Island,Snapper Point,Transect,2,30 m,HFY,Chaetodon trifascialis,10--15,2
12/02/2023,,,Fantom Island,Snapper Point,Transect,2,30 m,HFY,Thalassoma hardwicke,10--15,3
12/02/2023,,,Fantom Island,Snapper Point,Transect,2,30 m,HFY,Plectropomus leopardus,15--20,1
12/02/2023,,,Fantom Island,Snapper Point,Point,1,Instant,HFY,Chaetodon aureofasciatus,10--15,3
12/02/2023,,,Fantom Island,Snapper Point,Point,1,Instant,HFY,Scarus niger,10--15,40
12/02/2023,,,Fantom Island,Snapper Point,Point,1,10 min,HFY,Chaetodon aureofasciatus,10--15,6
12/02/2023,,,Fantom Island,Snapper Point,Point,1,10 min,HFY,Thalassoma lunare,10--15,4
12/02/2023,,,Fantom Island,Snapper Point,Point,1,10 min,HFY,Chaetodon trifascialis,10--15,1
12/02/2023,,,Fantom Island,Snapper Point,Point,1,10 min,HFY,Halichoeres marginatus,10--15,4
12/02/2023,,,Fantom Island,Snapper Point,Point,1,10 min,HFY,Scarus rivulatus,10--15,26
12/02/2023,,,Fantom Island,Snapper Point,Point,1,10 min,HFY,Cheilinus chlorurus,10--15,1
12/02/2023,,,Fantom Island,Snapper Point,Point,1,10 min,HFY,Lutjanus vitta,15--20,4
12/02/2023,,,Fantom Island,Snapper Point,Point,1,10 min,HFY,Lethrinus harak,15--20,1
12/02/2023,,,Fantom Island,Snapper Point,Point,1,10 min,HFY,Pomacanthus semicirculatus,20--25,1
12/02/2023,,,Fantom Island,Snapper Point,Point,1,10 min,HFY,Cephalopholis cyanostigma,15--20,1
12/02/2023,,,Fantom Island,Snapper Point,Point,1,10 min,HFY,Kyphosis cinerascens,15--20,2
12/02/2023,,,Fantom Island,Snapper Point,Point,1,10 min,HFY,Chelmon rostratus,15--20,1
12/02/2023,,,Fantom Island,Snapper Point,Point,1,10 min,HFY,Kyphosis vaigiensis,15--20,1
12/02/2023,,,Fantom Island,Snapper Point,Point,1,10 min,HFY,Cephalopholis cyanostigma,15--20,1
12/02/2023,,,Fantom Island,Snapper Point,Point,2,Instant,HFY,Naso unicornis,15--20,1
12/02/2023,,,Fantom Island,Snapper Point,Point,2,Instant,HFY,Siganus doliatus,15--20,3
12/02/2023,,,Fantom Island,Snapper Point,Point,2,Instant,HFY,Chaetodon aureofasciatus,10--15,4
12/02/2023,,,Fantom Island,Snapper Point,Point,2,10 min,HFY,Siganus doliatus,15--20,3
12/02/2023,,,Fantom Island,Snapper Point,Point,2,10 min,HFY,Chaetodon aureofasciatus,10--15,7
12/02/2023,,,Fantom Island,Snapper Point,Point,2,10 min,HFY,Chaetodon vagabundus,15--20,2
12/02/2023,,,Fantom Island,Snapper Point,Point,2,10 min,HFY,Hemigymnus melapterus,10--15,3
12/02/2023,,,Fantom Island,Snapper Point,Point,2,10 min,HFY,Scarus rivulatus,10--15,41
12/02/2023,,,Fantom Island,Snapper Point,Point,2,10 min,HFY,Scarus rivulatus,15--20,3
12/02/2023,,,Fantom Island,Snapper Point,Point,2,10 min,HFY,Lethrinus harak,15--20,3
12/02/2023,,,Fantom Island,Snapper Point,Point,2,10 min,HFY,Lutjanus vitta,15--20,2
12/02/2023,,,Fantom Island,Snapper Point,Point,2,10 min,HFY,Thalassoma lunare,10--15,4
12/02/2023,,,Fantom Island,Snapper Point,Point,2,10 min,HFY,Scarus niger,10--15,1
12/02/2023,,,Fantom Island,Snapper Point,Point,2,10 min,HFY,Acanthurus sp,15--20,4
12/02/2023,,,Fantom Island,Snapper Point,Point,2,10 min,HFY,Chlorurus spilurus,15--20,1
12/02/2023,,,Fantom Island,Snapper Point,Point,2,10 min,HFY,Lutjanus carponotatus,10--15,1
12/02/2023,,,Fantom Island,Snapper Point,Point,2,10 min,HFY,Scarus flavipectoralis,15--20,4
12/02/2023,,,Fantom Island,Snapper Point,Point,2,10 min,HFY,Labroides dimidiatus,10--15,2
12/02/2023,,,Fantom Island,Snapper Point,Point,2,10 min,HFY,Kyphosis vaigiensis,15--20,4
12/02/2023,,,Fantom Island,Snapper Point,Point,2,10 min,HFY,Choerodon anchorago,20--25,1
12/02/2023,,,Fantom Island,Snapper Point,Point,2,10 min,HFY,Scolopsis bilineata,15--20,1
12/02/2023,,,Fantom Island,Snapper Point,Point,2,10 min,HFY,Chelmon rostratus,15--20,1
12/02/2023,,,Fantom Island,Snapper Point,Transect,3,20 m,HFY,Thalassoma lunare,10--15,4
12/02/2023,,,Fantom Island,Snapper Point,Transect,3,20 m,HFY,Scolopsis bilineata,15--20,3
12/02/2023,,,Fantom Island,Snapper Point,Transect,3,20 m,HFY,Chaetodon plebius,10--15,1
12/02/2023,,,Fantom Island,Snapper Point,Transect,3,20 m,HFY,Chaetodon aureofasciatus,10--15,2
12/02/2023,,,Fantom Island,Snapper Point,Transect,3,20 m,HFY,Scarus rivulatus,10--15,4
12/02/2023,,,Fantom Island,Snapper Point,Transect,3,20 m,HFY,Scarus niger,10--15,2
12/02/2023,,,Fantom Island,Snapper Point,Transect,3,20 m,HFY,Scarus rivulatus,15--20,2
12/02/2023,,,Fantom Island,Snapper Point,Transect,3,20 m,HFY,Cephalopholis cyanostigma,15--20,1
12/02/2023,,,Fantom Island,Snapper Point,Transect,3,20 m,HFY,Cheilinus fasciatus,15--20,2
12/02/2023,,,Fantom Island,Snapper Point,Transect,3,20 m,HFY,Chlorurus spilurus,20--25,1
12/02/2023,,,Fantom Island,Snapper Point,Transect,3,20 m,HFY,Hemigymnus melapterus,10--15,1
12/02/2023,,,Fantom Island,Snapper Point,Transect,3,20 m,HFY,Scolopsis lineata,10--15,8
12/02/2023,,,Fantom Island,Snapper Point,Transect,3,20 m,HFY,Chaetodon baronessa,10--15,1
12/02/2023,,,Fantom Island,Snapper Point,Transect,3,20 m,HFY,Siganus doliatus,10--15,1
12/02/2023,,,Fantom Island,Snapper Point,Transect,3,30 m,HFY,Thalassoma lunare,10--15,5
12/02/2023,,,Fantom Island,Snapper Point,Transect,3,30 m,HFY,Scolopsis bilineata,15--20,1
12/02/2023,,,Fantom Island,Snapper Point,Transect,3,30 m,HFY,Chaetodon plebius,10--15,1
12/02/2023,,,Fantom Island,Snapper Point,Transect,3,30 m,HFY,Chaetodon aureofasciatus,10--15,5
12/02/2023,,,Fantom Island,Snapper Point,Transect,3,30 m,HFY,Scarus rivulatus,10--15,5
12/02/2023,,,Fantom Island,Snapper Point,Transect,3,30 m,HFY,Scarus niger,10--15,8
12/02/2023,,,Fantom Island,Snapper Point,Transect,3,30 m,HFY,Scarus rivulatus,15--20,8
12/02/2023,,,Fantom Island,Snapper Point,Transect,3,30 m,HFY,Hemigymnus melapterus,10--15,3
12/02/2023,,,Fantom Island,Snapper Point,Transect,3,30 m,HFY,Chaetodon baronessa,10--15,1
12/02/2023,,,Fantom Island,Snapper Point,Transect,3,30 m,HFY,Choerodon anchorago,15--20,1
12/02/2023,,,Fantom Island,Snapper Point,Transect,3,30 m,HFY,Chaetodon vagabundus,10--15,1
12/02/2023,,,Fantom Island,Snapper Point,Transect,3,30 m,HFY,Labroides dimidiatus,10--15,2
12/02/2023,,,Fantom Island,Snapper Point,Transect,3,30 m,HFY,Halichoeres marginatus,10--15,2
12/02/2023,,,Fantom Island,Snapper Point,Transect,3,30 m,HFY,Hemigymnus melapterus,15--20,1
12/02/2023,,,Fantom Island,Snapper Point,Transect,3,30 m,HFY,Siganus doliatus,15--20,2
12/02/2023,,,Fantom Island,Snapper Point,Transect,3,30 m,HFY,Lutjanus carponotatus,15--20,1
12/02/2023,,,Fantom Island,Snapper Point,Transect,3,30 m,HFY,Scarus flavipectoralis,15--20,1
12/02/2023,,,Fantom Island,Snapper Point,Transect,4,20 m,HFY,Chlorurus spilurus,25--30,1
12/02/2023,,,Fantom Island,Snapper Point,Transect,4,20 m,HFY,Chaetodon lunulatus,15--20,1
12/02/2023,,,Fantom Island,Snapper Point,Transect,4,20 m,HFY,Halichoeres marginatus,10--15,1
12/02/2023,,,Fantom Island,Snapper Point,Transect,4,20 m,HFY,Cheilinus fasciatus,15--20,2
12/02/2023,,,Fantom Island,Snapper Point,Transect,4,20 m,HFY,Cetoscarus ocellatus,15--20,1
12/02/2023,,,Fantom Island,Snapper Point,Transect,4,20 m,HFY,Scolopsis lineata,15--20,4
12/02/2023,,,Fantom Island,Snapper Point,Transect,4,20 m,HFY,Scarus rivulatus,10--15,8
12/02/2023,,,Fantom Island,Snapper Point,Transect,4,20 m,HFY,Scarus niger,10--15,2
12/02/2023,,,Fantom Island,Snapper Point,Transect,4,20 m,HFY,Epibulus insidiator,15--20,1
12/02/2023,,,Fantom Island,Snapper Point,Transect,4,20 m,HFY,Chaetodon aureofasciatus,10--15,3
12/02/2023,,,Fantom Island,Snapper Point,Transect,4,20 m,HFY,Siganus doliatus,15--20,5
12/02/2023,,,Fantom Island,Snapper Point,Transect,4,20 m,HFY,Chaetodon plebius,10--15,2
12/02/2023,,,Fantom Island,Snapper Point,Transect,4,20 m,HFY,Siganus lineatus,15--20,2
12/02/2023,,,Fantom Island,Snapper Point,Transect,4,20 m,HFY,Scarus rivulatus,20--25,3
12/02/2023,,,Fantom Island,Snapper Point,Transect,4,20 m,HFY,Chaetodon baronessa,10--15,1
12/02/2023,,,Fantom Island,Snapper Point,Transect,4,20 m,HFY,Lutjanus carponotatus,15--20,1
12/02/2023,,,Fantom Island,Snapper Point,Transect,4,30 m,HFY,Scolopsis lineata,15--20,16
12/02/2023,,,Fantom Island,Snapper Point,Transect,4,30 m,HFY,Scarus rivulatus,10--15,11
12/02/2023,,,Fantom Island,Snapper Point,Transect,4,30 m,HFY,Chaetodon aureofasciatus,10--15,10
12/02/2023,,,Fantom Island,Snapper Point,Transect,4,30 m,HFY,Scarus rivulatus,20--25,3
12/02/2023,,,Fantom Island,Snapper Point,Transect,4,30 m,HFY,Chaetodon baronessa,10--15,1
12/02/2023,,,Fantom Island,Snapper Point,Transect,4,30 m,HFY,Lutjanus carponotatus,15--20,1
12/02/2023,,,Fantom Island,Snapper Point,Transect,4,30 m,HFY,Cheilinus chlorurus,10--15,1
12/02/2023,,,Fantom Island,Snapper Point,Transect,4,30 m,HFY,Thalassoma lunare,10--15,3
12/02/2023,,,Fantom Island,Snapper Point,Transect,4,30 m,HFY,Chaetodon trifascialis,10--15,2
12/02/2023,,,Fantom Island,Snapper Point,Transect,4,30 m,HFY,Scarus rivulatus,15--20,1
12/02/2023,,,Fantom Island,Snapper Point,Transect,4,30 m,HFY,Thalassoma lunare,15--20,2
12/02/2023,,,Fantom Island,Snapper Point,Transect,4,30 m,HFY,Lutjanus vitta,15--20,53
12/02/2023,,,Fantom Island,Snapper Point,Transect,4,30 m,HFY,Scarus frenatus,25--30,1
12/02/2023,,,Fantom Island,Snapper Point,Transect,4,30 m,HFY,Hemigymnus melapterus,15--20,1
12/02/2023,,,Fantom Island,Snapper Point,Transect,4,30 m,HFY,Chaetodon speculum,10--15,1
12/02/2023,,,Fantom Island,Snapper Point,Transect,4,30 m,HFY,Kyphosis cinerascens,15--20,1
12/02/2023,,,Fantom Island,Snapper Point,Point,3,Instant,HFY,Lutjanus carponotatus,15--20,2
12/02/2023,,,Fantom Island,Snapper Point,Point,3,Instant,HFY,Epibulus insidiator,15--20,1
12/02/2023,,,Fantom Island,Snapper Point,Point,3,Instant,HFY,Chaetodon aureofasciatus,10--15,1
12/02/2023,,,Fantom Island,Snapper Point,Point,3,Instant,HFY,Scarus rivulatus,15--20,1
12/02/2023,,,Fantom Island,Snapper Point,Point,3,Instant,HFY,Scarus niger ,10--15,1
12/02/2023,,,Fantom Island,Snapper Point,Point,3,10 min,HFY,Chaetodon aureofasciatus,10--15,4
12/02/2023,,,Fantom Island,Snapper Point,Point,3,10 min,HFY,Scarus rivulatus,15--20,2
12/02/2023,,,Fantom Island,Snapper Point,Point,3,10 min,HFY,Chaetodon baronessa,10--15,1
12/02/2023,,,Fantom Island,Snapper Point,Point,3,10 min,HFY,Anampses neoguinaicus,10--15,1
12/02/2023,,,Fantom Island,Snapper Point,Point,3,10 min,HFY,Scarus rivulatus,10--15,23
12/02/2023,,,Fantom Island,Snapper Point,Point,3,10 min,HFY,Scolopsis lineata,15--20,16
12/02/2023,,,Fantom Island,Snapper Point,Point,3,10 min,HFY,Lutjanus carponotatus,10--15,1
12/02/2023,,,Fantom Island,Snapper Point,Point,3,10 min,HFY,Thalassoma hardwicke,10--15,2
12/02/2023,,,Fantom Island,Snapper Point,Point,3,10 min,HFY,Chaetodon baronessa,10--15,1
12/02/2023,,,Fantom Island,Snapper Point,Point,3,10 min,HFY,Lethrinus harak,20--25,3
12/02/2023,,,Fantom Island,Snapper Point,Point,4,Instant,HFY,Cephalopholis boenak,10--15,1
12/02/2023,,,Fantom Island,Snapper Point,Point,4,Instant,HFY,Lutjanus carponotatus,10--15,2
12/02/2023,,,Fantom Island,Snapper Point,Point,4,10 min,HFY,Cephalopholis boenak,10--15,1
12/02/2023,,,Fantom Island,Snapper Point,Point,4,10 min,HFY,Lutjanus carponotatus,10--15,2
12/02/2023,,,Fantom Island,Snapper Point,Point,4,10 min,HFY,Chaetodon aureofasciatus,10--15,6
12/02/2023,,,Fantom Island,Snapper Point,Point,4,10 min,HFY,Labroides dimidiatus,10--15,2
12/02/2023,,,Fantom Island,Snapper Point,Point,4,10 min,HFY,Halichoeres chloropterus,10--15,1
12/02/2023,,,Fantom Island,Snapper Point,Point,4,10 min,HFY,Scarus rivulatus,15--20,8
12/02/2023,,,Fantom Island,Snapper Point,Point,4,10 min,HFY,Scarus niger,10--15,2
12/02/2023,,,Fantom Island,Snapper Point,Point,4,10 min,HFY,Thalassoma hardwicke,10--15,2
12/02/2023,,,Fantom Island,Snapper Point,Point,4,10 min,HFY,Halichoeres marginatus,10--15,1
12/02/2023,,,Fantom Island,Snapper Point,Point,4,10 min,HFY,Hemigymnus melapterus,15--20,1
12/02/2023,,,Fantom Island,Snapper Point,Point,4,10 min,HFY,Pomacanthus semicirculatus,25--30,1
12/02/2023,,,Fantom Island,Snapper Point,Point,4,10 min,HFY,Lutjanus carponotatus,15--20,3
12/02/2023,,,Fantom Island,Snapper Point,Point,4,10 min,HFY,Chaetodon vagabundus,15--20,2
12/02/2023,,,Fantom Island,Snapper Point,Point,4,10 min,HFY,Cheilinus fasciatus,15--20,1
12/02/2023,,,Fantom Island,Snapper Point,Point,4,10 min,HFY,Chaetodon baronessa,10--15,1
12/02/2023,,,Fantom Island,Snapper Point,Point,4,10 min,HFY,Scolopsis lineata,15--20,2
12/02/2023,,,Fantom Island,Snapper Point,Transect,1,20 m,SKC,Hemigymnus melapterus,15--20,2
12/02/2023,,,Fantom Island,Snapper Point,Transect,1,20 m,SKC,Scarus rivulatus,20--25,7
12/02/2023,,,Fantom Island,Snapper Point,Transect,1,20 m,SKC,Lethrinus harak,15--20,4
12/02/2023,,,Fantom Island,Snapper Point,Transect,1,20 m,SKC,Lethrinus harak,20--25,2
12/02/2023,,,Fantom Island,Snapper Point,Transect,1,20 m,SKC,Scarus rivulatus,10--15,9
12/02/2023,,,Fantom Island,Snapper Point,Transect,1,20 m,SKC,Chaetodon aureofasciatus,10--15,10
12/02/2023,,,Fantom Island,Snapper Point,Transect,1,30 m,SKC,Stethojulis strigiventer,10--15,1
12/02/2023,,,Fantom Island,Snapper Point,Transect,1,30 m,SKC,Hemigymnus melapterus,15--20,1
12/02/2023,,,Fantom Island,Snapper Point,Transect,1,30 m,SKC,Scarus rivulatus,10--15,50
12/02/2023,,,Fantom Island,Snapper Point,Transect,1,30 m,SKC,Chaetodon aureofasciatus,10--15,7
12/02/2023,,,Fantom Island,Snapper Point,Transect,1,30 m,SKC,Cheilinus chlorurus,10--15,1
12/02/2023,,,Fantom Island,Snapper Point,Transect,1,30 m,SKC,Scarus altipinnis,15--20,2
12/02/2023,,,Fantom Island,Snapper Point,Transect,1,30 m,SKC,Stethojulis strigiventer,10--15,2
12/02/2023,,,Fantom Island,Snapper Point,Transect,1,30 m,SKC,Siganus doliatus,15--20,2
12/02/2023,,,Fantom Island,Snapper Point,Transect,1,30 m,SKC,Scolopsis bilineata,15--20,1
12/02/2023,,,Fantom Island,Snapper Point,Transect,1,30 m,SKC,Thalassoma hardwicke,10--15,1
12/02/2023,,,Fantom Island,Snapper Point,Transect,2,20 m,SKC,Chaetodon aureofasciatus,10--15,1
12/02/2023,,,Fantom Island,Snapper Point,Transect,2,20 m,SKC,Chaetodon lunulatus,10--15,1
12/02/2023,,,Fantom Island,Snapper Point,Transect,2,20 m,SKC,Scolopsis bilineata,10--15,1
12/02/2023,,,Fantom Island,Snapper Point,Transect,2,20 m,SKC,Chaetodon melannotus,10--15,6
12/02/2023,,,Fantom Island,Snapper Point,Transect,2,20 m,SKC,Choerodon graphicus,20--25,1
12/02/2023,,,Fantom Island,Snapper Point,Transect,2,20 m,SKC,Scolopsis lineata,15--20,10
12/02/2023,,,Fantom Island,Snapper Point,Transect,2,20 m,SKC,Pomacanthus sexstriatus,20--25,1
12/02/2023,,,Fantom Island,Snapper Point,Transect,2,20 m,SKC,Chlorurus microrhinus,20--25,4
12/02/2023,,,Fantom Island,Snapper Point,Transect,2,20 m,SKC,Chaetodon aureofasciatus,10--15,3
12/02/2023,,,Fantom Island,Snapper Point,Transect,2,20 m,SKC,Chlorurus microrhinus,15--20,5
12/02/2023,,,Fantom Island,Snapper Point,Transect,2,20 m,SKC,Thalassoma lunare,10--15,2
12/02/2023,,,Fantom Island,Snapper Point,Transect,2,20 m,SKC,Hemigymnus melapterus,15--20,1
12/02/2023,,,Fantom Island,Snapper Point,Transect,2,20 m,SKC,Chlorurus spilurus,15--20,1
12/02/2023,,,Fantom Island,Snapper Point,Transect,2,20 m,SKC,Scarus rivulatus,10--15,2
12/02/2023,,,Fantom Island,Snapper Point,Transect,2,30 m,SKC,Chlorurus microrhinus,15--20,4
12/02/2023,,,Fantom Island,Snapper Point,Transect,2,30 m,SKC,Thalassoma lunare,10--15,2
12/02/2023,,,Fantom Island,Snapper Point,Transect,2,30 m,SKC,Chlorurus spilurus,15--20,2
12/02/2023,,,Fantom Island,Snapper Point,Transect,2,30 m,SKC,Thalassoma hardwicke,10--15,2
12/02/2023,,,Fantom Island,Snapper Point,Transect,2,30 m,SKC,Scarus rivulatus,10--15,16
12/02/2023,,,Fantom Island,Snapper Point,Transect,2,30 m,SKC,Chlorurus microrhinus,35--40,1
12/02/2023,,,Fantom Island,Snapper Point,Transect,2,30 m,SKC,Scarus altipinnis,10--15,2
12/02/2023,,,Fantom Island,Snapper Point,Transect,2,30 m,SKC,Halichoeres marginatus,15--20,1
12/02/2023,,,Fantom Island,Snapper Point,Transect,2,30 m,SKC,Siganus doliatus,10--15,1
12/02/2023,,,Fantom Island,Snapper Point,Transect,2,30 m,SKC,Scolopsis lineata,15--20,20
12/02/2023,,,Fantom Island,Snapper Point,Transect,2,30 m,SKC,Anampses neoguinaicus,10--15,2
12/02/2023,,,Fantom Island,Snapper Point,Transect,2,30 m,SKC,Scarus rivulatus,15--20,11
12/02/2023,,,Fantom Island,Snapper Point,Transect,2,30 m,SKC,Scarus rivulatus,20--25,1
12/02/2023,,,Fantom Island,Snapper Point,Transect,2,30 m,SKC,Labrichthys unilineatus ,10--15,1
12/02/2023,,,Fantom Island,Snapper Point,Point ,1,Instant,SKC,Scolopsis lineata,15--20,20
12/02/2023,,,Fantom Island,Snapper Point,Point ,1,Instant,SKC,Scarus altipinnis,20--25,2
12/02/2023,,,Fantom Island,Snapper Point,Point ,1,Instant,SKC,Siganus doliatus,15--20,1
12/02/2023,,,Fantom Island,Snapper Point,Point ,1,Instant,SKC,Scarus rivulatus,15--20,1
12/02/2023,,,Fantom Island,Snapper Point,Point ,1,10 min,SKC,Siganus doliatus,15--20,1
12/02/2023,,,Fantom Island,Snapper Point,Point ,1,10 min,SKC,Chaetodon aureofasciatus,10--15,4
12/02/2023,,,Fantom Island,Snapper Point,Point ,1,10 min,SKC,Anampses neoguinaicus,15--20,1
12/02/2023,,,Fantom Island,Snapper Point,Point ,1,10 min,SKC,Chaetodon melannotus,10--15,1
12/02/2023,,,Fantom Island,Snapper Point,Point ,1,10 min,SKC,Chaetodon plebius,10--15,1
12/02/2023,,,Fantom Island,Snapper Point,Point ,1,10 min,SKC,Scolopsis bilineata,15--20,2
12/02/2023,,,Fantom Island,Snapper Point,Point ,1,10 min,SKC,Scarus rivulatus,10--15,3
12/02/2023,,,Fantom Island,Snapper Point,Point ,1,10 min,SKC,Acanthurus sp,25--30,2
12/02/2023,,,Fantom Island,Snapper Point,Point ,1,10 min,SKC,Stethojulis trilineata,15--20,1
12/02/2023,,,Fantom Island,Snapper Point,Point ,1,10 min,SKC,Lutjanus vitta,15--20,2
12/02/2023,,,Fantom Island,Snapper Point,Point ,1,10 min,SKC,Chlorurus microrhinus,35--40,1
12/02/2023,,,Fantom Island,Snapper Point,Point ,1,10 min,SKC,Scarus rivulatus,15--20,1
12/02/2023,,,Fantom Island,Snapper Point,Point ,1,10 min,SKC,Chaetodon melannotus,10--15,4
12/02/2023,,,Fantom Island,Snapper Point,Point ,1,10 min,SKC,Chelmon rostratus,10--15,1
12/02/2023,,,Fantom Island,Snapper Point,Point ,1,10 min,SKC,Cheilinus chlorurus,15--20,1
12/02/2023,,,Fantom Island,Snapper Point,Point ,1,10 min,SKC,Pomacanthus sexstriatus,25--30,1
12/02/2023,,,Fantom Island,Snapper Point,Point,2,Instant,SKC,Chaetodon baronessa,10--15,1
12/02/2023,,,Fantom Island,Snapper Point,Point,2,Instant,SKC,Chaetodon aureofasciatus,10--15,1
12/02/2023,,,Fantom Island,Snapper Point,Point,2,Instant,SKC,Siganus doliatus,15--20,5
12/02/2023,,,Fantom Island,Snapper Point,Point,2,Instant,SKC,Kyphosis cinerascens,20--25,1
12/02/2023,,,Fantom Island,Snapper Point,Point,2,Instant,SKC,Acanthurus sp,20--25,2
12/02/2023,,,Fantom Island,Snapper Point,Point,2,Instant,SKC,Scarus rivulatus,20--25,1
12/02/2023,,,Fantom Island,Snapper Point,Point,2,10 min,SKC,Chaetodon aureofasciatus,10--15,6
12/02/2023,,,Fantom Island,Snapper Point,Point,2,10 min,SKC,Siganus doliatus,15--20,2
12/02/2023,,,Fantom Island,Snapper Point,Point,2,10 min,SKC,Kyphosis cinerascens,20--25,1
12/02/2023,,,Fantom Island,Snapper Point,Point,2,10 min,SKC,Scarus rivulatus,15--20,51
12/02/2023,,,Fantom Island,Snapper Point,Point,2,10 min,SKC,Scarus rivulatus,10--15,51
12/02/2023,,,Fantom Island,Snapper Point,Point,2,10 min,SKC,Thalassoma lunare,10--15,2
12/02/2023,,,Fantom Island,Snapper Point,Point,2,10 min,SKC,Chaetodon vagabundus,10--15,1
12/02/2023,,,Fantom Island,Snapper Point,Point,2,10 min,SKC,Lutjanus carponotatus,10--15,2
12/02/2023,,,Fantom Island,Snapper Point,Point,2,10 min,SKC,Chaetodon melannotus,10--15,1
12/02/2023,,,Fantom Island,Snapper Point,Point,2,10 min,SKC,Thalassoma hardwicke,10--15,2
12/02/2023,,,Fantom Island,Snapper Point,Point,2,10 min,SKC,Choerodon anchorago,15--20,2
12/02/2023,,,Fantom Island,Snapper Point,Point,2,10 min,SKC,Acanthurus sp,10--15,1
12/02/2023,,,Fantom Island,Snapper Point,Point,2,10 min,SKC,Scarus rivulatus,20--25,1
12/02/2023,,,Fantom Island,Snapper Point,Point,2,10 min,SKC,Epibulus insidiator,15--20,1
12/02/2023,,,Fantom Island,Snapper Point,Point,2,10 min,SKC,Chaetodon rainfordi,10--15,1
12/02/2023,,,Fantom Island,Snapper Point,Transect,3,20 m,SKC,Lutjanus vitta,15--20,2
12/02/2023,,,Fantom Island,Snapper Point,Transect,3,20 m,SKC,Scolopsis lineata,15--20,3
12/02/2023,,,Fantom Island,Snapper Point,Transect,3,20 m,SKC,Thalassoma lunare,10--15,1
12/02/2023,,,Fantom Island,Snapper Point,Transect,3,20 m,SKC,Scarus rivulatus,20--25,1
12/02/2023,,,Fantom Island,Snapper Point,Transect,3,20 m,SKC,Kyphosis cinerascens,25--30,1
12/02/2023,,,Fantom Island,Snapper Point,Transect,3,20 m,SKC,Hemigymnus melapterus,10--15,1
12/02/2023,,,Fantom Island,Snapper Point,Transect,3,20 m,SKC,Chlorurus microrhinus,25--30,1
12/02/2023,,,Fantom Island,Snapper Point,Transect,3,20 m,SKC,Thalassoma hardwicke,15--20,2
12/02/2023,,,Fantom Island,Snapper Point,Transect,3,20 m,SKC,Halichoeres marginatus,15--20,1
12/02/2023,,,Fantom Island,Snapper Point,Transect,3,20 m,SKC,Epibulus insidiator,10--15,2
12/02/2023,,,Fantom Island,Snapper Point,Transect,3,20 m,SKC,Scarus frenatus,20--25,1
12/02/2023,,,Fantom Island,Snapper Point,Transect,3,30 m,SKC,Lutjanus vitta,15--20,31
12/02/2023,,,Fantom Island,Snapper Point,Transect,3,30 m,SKC,Scolopsis lineata,15--20,7
12/02/2023,,,Fantom Island,Snapper Point,Transect,3,30 m,SKC,Kyphosis cinerascens,25--30,5
12/02/2023,,,Fantom Island,Snapper Point,Transect,3,30 m,SKC,Anampses neoguinaicus,10--15,1
12/02/2023,,,Fantom Island,Snapper Point,Transect,3,30 m,SKC,Chaetodon aureofasciatus,10--15,3
12/02/2023,,,Fantom Island,Snapper Point,Transect,3,30 m,SKC,Thalassoma lunare,15--20,2
12/02/2023,,,Fantom Island,Snapper Point,Transect,3,30 m,SKC,Chaetodon melannotus,10--15,1
12/02/2023,,,Fantom Island,Snapper Point,Transect,3,30 m,SKC,Lutjanus carponotatus,15--20,3
12/02/2023,,,Fantom Island,Snapper Point,Transect,3,30 m,SKC,Siganus doliatus,10--15,2
12/02/2023,,,Fantom Island,Snapper Point,Transect,3,30 m,SKC,Siganus corallinus,15--20,2
12/02/2023,,,Fantom Island,Snapper Point,Transect,3,30 m,SKC,Chaetodon vagabundus,10--15,1
12/02/2023,,,Fantom Island,Snapper Point,Transect,3,30 m,SKC,Bodianus axillaris,10--15,1
12/02/2023,,,Fantom Island,Snapper Point,Transect,3,30 m,SKC,Chaetodon rainfordi,10--15,1
12/02/2023,,,Fantom Island,Snapper Point,Transect,3,30 m,SKC,Lutjanus fulviflamma,15--20,2
12/02/2023,,,Fantom Island,Snapper Point,Transect,4,20 m,SKC,Scarus altipinnis,15--20,1
12/02/2023,,,Fantom Island,Snapper Point,Transect,4,20 m,SKC,Lutjanus carponotatus,20--25,3
12/02/2023,,,Fantom Island,Snapper Point,Transect,4,20 m,SKC,Kyphosis cinerascens,15--20,1
12/02/2023,,,Fantom Island,Snapper Point,Transect,4,20 m,SKC,Chlorurus microrhinus,25--30,3
12/02/2023,,,Fantom Island,Snapper Point,Transect,4,20 m,SKC,Halichoeres marginatus,10--15,1
12/02/2023,,,Fantom Island,Snapper Point,Transect,4,20 m,SKC,Lutjanus vitta,15--20,1
12/02/2023,,,Fantom Island,Snapper Point,Transect,4,20 m,SKC,Scarus rivulatus,15--20,50
12/02/2023,,,Fantom Island,Snapper Point,Transect,4,20 m,SKC,Siganus doliatus,15--20,13
12/02/2023,,,Fantom Island,Snapper Point,Transect,4,20 m,SKC,Scarus rivulatus,20--25,10
12/02/2023,,,Fantom Island,Snapper Point,Transect,4,20 m,SKC,Pomacanthus sexstriatus,20--25,1
12/02/2023,,,Fantom Island,Snapper Point,Transect,4,20 m,SKC,Siganus puellus,15--20,1
12/02/2023,,,Fantom Island,Snapper Point,Transect,4,20 m,SKC,Hemigymnus melapterus,10--15,1
12/02/2023,,,Fantom Island,Snapper Point,Transect,4,20 m,SKC,Chaetodon melannotus,10--15,2
12/02/2023,,,Fantom Island,Snapper Point,Transect,4,20 m,SKC,Chaetodon rainfordi,10--15,2
12/02/2023,,,Fantom Island,Snapper Point,Transect,4,20 m,SKC,Thalassoma lunare,10--15,1
12/02/2023,,,Fantom Island,Snapper Point,Transect,4,20 m,SKC,Epibulus insidiator,15--20,1
12/02/2023,,,Fantom Island,Snapper Point,Transect,4,20 m,SKC,Plectrorhynchus chaetodontoides,25--30,1
12/02/2023,,,Fantom Island,Snapper Point,Transect,4,20 m,SKC,Cheilinus chlorurus,10--15,1
12/02/2023,,,Fantom Island,Snapper Point,Transect,4,30 m,SKC,Scarus altipinnis,15--20,1
12/02/2023,,,Fantom Island,Snapper Point,Transect,4,30 m,SKC,Siganus doliatus,15--20,4
12/02/2023,,,Fantom Island,Snapper Point,Transect,4,30 m,SKC,Siganus puellus,15--20,1
12/02/2023,,,Fantom Island,Snapper Point,Transect,4,30 m,SKC,Chaetodon melannotus,10--15,2
12/02/2023,,,Fantom Island,Snapper Point,Transect,4,30 m,SKC,Thalassoma lunare,10--15,1
12/02/2023,,,Fantom Island,Snapper Point,Transect,4,30 m,SKC,Epibulus insidiator,15--20,1
12/02/2023,,,Fantom Island,Snapper Point,Transect,4,30 m,SKC,Thalassoma hardwicke,15--20,1
12/02/2023,,,Fantom Island,Snapper Point,Transect,4,30 m,SKC,Scolopsis bilineata,15--20,1
12/02/2023,,,Fantom Island,Snapper Point,Transect,4,30 m,SKC,Chaetodon aureofasciatus,10--15,1
12/02/2023,,,Fantom Island,Snapper Point,Transect,4,30 m,SKC,Scolopsis lineata,15--20,1
12/02/2023,,,Fantom Island,Snapper Point,Transect,4,30 m,SKC,Scarus altipinnis,20--25,1
12/02/2023,,,Fantom Island,Snapper Point,Transect,4,30 m,SKC,Choerodon graphicus,25--30,2
12/02/2023,,,Fantom Island,Snapper Point,Transect,4,30 m,SKC,Lutjanus fulviflamma,15--20,1
12/02/2023,,,Fantom Island,Snapper Point,Point,3,Instant,SKC,Lutjanus vitta,15--20,1
12/02/2023,,,Fantom Island,Snapper Point,Point,3,Instant,SKC,Scarus rivulatus,10--15,1
12/02/2023,,,Fantom Island,Snapper Point,Point,3,Instant,SKC,Hemigymnus melapterus,10--15,1
12/02/2023,,,Fantom Island,Snapper Point,Point,3,Instant,SKC,Kyphosis cinerascens,30--35,3
12/02/2023,,,Fantom Island,Snapper Point,Point,3,10 min,SKC,Scarus rivulatus,10--15,2
12/02/2023,,,Fantom Island,Snapper Point,Point,3,10 min,SKC,Scarus rivulatus,20--25,1
12/02/2023,,,Fantom Island,Snapper Point,Point,3,10 min,SKC,Kyphosis cinerascens,30--35,2
12/02/2023,,,Fantom Island,Snapper Point,Point,3,10 min,SKC,Chaetodon baronessa,10--15,1
12/02/2023,,,Fantom Island,Snapper Point,Point,3,10 min,SKC,Hemigymnus melapterus,15--20,1
12/02/2023,,,Fantom Island,Snapper Point,Point,3,10 min,SKC,Cheilinus chlorurus,15--20,1
12/02/2023,,,Fantom Island,Snapper Point,Point,3,10 min,SKC,Cheilinus chlorurus,20--25,1
12/02/2023,,,Fantom Island,Snapper Point,Point,3,10 min,SKC,Pomacanthus sexstriatus,20--25,1
12/02/2023,,,Fantom Island,Snapper Point,Point,3,10 min,SKC,Kyphosis cinerascens,20--25,3
12/02/2023,,,Fantom Island,Snapper Point,Point,3,10 min,SKC,Chlorurus spilurus,25--30,1
12/02/2023,,,Fantom Island,Snapper Point,Point,3,10 min,SKC,Acanthurus sp,25--30,2
12/02/2023,,,Fantom Island,Snapper Point,Point,3,10 min,SKC,Chaetodon aureofasciatus,10--15,2
12/02/2023,,,Fantom Island,Snapper Point,Point,3,10 min,SKC,Halichoeres marginatus,15--20,1
12/02/2023,,,Fantom Island,Snapper Point,Point,3,10 min,SKC,Chaetodon melannotus,10--15,2
12/02/2023,,,Fantom Island,Snapper Point,Point,3,10 min,SKC,Epibulus insidiator,20--25,2
12/02/2023,,,Fantom Island,Snapper Point,Point,3,10 min,SKC,Scolopsis lineata,15--20,3
12/02/2023,,,Fantom Island,Snapper Point,Point,3,10 min,SKC,Platax batavianus,40--45,1
12/02/2023,,,Fantom Island,Snapper Point,Point,3,10 min,SKC,Platax pinnatus,30--35,1
12/02/2023,,,Fantom Island,Snapper Point,Point,3,10 min,SKC,Lethrinus harak,15--20,1
12/02/2023,,,Fantom Island,Snapper Point,Point,4,Instant,SKC,Plectropomus maculatus,30--35,1
12/02/2023,,,Fantom Island,Snapper Point,Point,4,Instant,SKC,Chaetodon aureofasciatus,10--15,1
12/02/2023,,,Fantom Island,Snapper Point,Point,4,Instant,SKC,Kyphosis cinerascens,20--25,3
12/02/2023,,,Fantom Island,Snapper Point,Point,4,Instant,SKC,Siganus lineatus,20--25,1
12/02/2023,,,Fantom Island,Snapper Point,Point,4,Instant,SKC,Lethrinus harak,15--20,1
12/02/2023,,,Fantom Island,Snapper Point,Point,4,Instant,SKC,Halichoeres marginatus,10--15,1
12/02/2023,,,Fantom Island,Snapper Point,Point,4,10 min,SKC,Chaetodon aureofasciatus,10--15,1
12/02/2023,,,Fantom Island,Snapper Point,Point,4,10 min,SKC,Kyphosis cinerascens,20--25,2
12/02/2023,,,Fantom Island,Snapper Point,Point,4,10 min,SKC,Lethrinus harak,15--20,4
12/02/2023,,,Fantom Island,Snapper Point,Point,4,10 min,SKC,Scarus rivulatus,10--15,3
12/02/2023,,,Fantom Island,Snapper Point,Point,4,10 min,SKC,Choerodon graphicus,20--25,1
12/02/2023,,,Fantom Island,Snapper Point,Point,4,10 min,SKC,Halichoeres marginatus,10--15,1
12/02/2023,,,Fantom Island,Snapper Point,Point,4,10 min,SKC,Kyphosis cinerascens,15--20,5
12/02/2023,,,Fantom Island,Snapper Point,Point,4,10 min,SKC,Lutjanus carponotatus,25--30,1
12/02/2023,,,Fantom Island,Snapper Point,Point,4,10 min,SKC,Chlorurus spilurus,10--15,1
12/02/2023,,,Fantom Island,Snapper Point,Point,4,10 min,SKC,Lutjanus carponotatus,15--20,1
12/02/2023,,,Fantom Island,Snapper Point,Point,4,10 min,SKC,Cheilinus chlorurus,15--20,3
12/02/2023,,,Fantom Island,Snapper Point,Point,4,10 min,SKC,Chaetodon lunulatus,10--15,2
12/02/2023,,,Fantom Island,Snapper Point,Point,4,10 min,SKC,Chaetodon rafflesi,10--15,1
12/02/2023,,,Fantom Island,Snapper Point,Point,4,10 min,SKC,Scolopsis bilineata,15--20,1
12/02/2023,,,Fantom Island,Snapper Point,Point,4,10 min,SKC,Scarus altipinnis,10--15,1
12/02/2023,,,Fantom Island,Snapper Point,Point,4,10 min,SKC,Halichoeres marginatus,15--20,1
12/02/2023,,,Fantom Island,Snapper Point,Point,4,10 min,SKC,Hemigymnus melapterus,10--15,1
12/02/2023,,,Fantom Island,Snapper Point,Point,4,10 min,SKC,Hemigymnus melapterus,15--20,2
12/02/2023,,,Fantom Island,Snapper Point,Point,4,10 min,SKC,Lutjanus vitta,15--20,1
12/02/2023,,,Fantom Island,Snapper Point,Point,1,10 min,SKC,Scarus dimidiatus,15--20,1
13/02/2023,,,Fantom Island,Snapper Point,Transect,1,20 m,HFY,Stethojulis trilineata,10--15,2
13/02/2023,,,Fantom Island,Snapper Point,Transect,1,20 m,HFY,Lutjanus carponotatus,20--25,1
13/02/2023,,,Fantom Island,Snapper Point,Transect,1,20 m,HFY,Chaetodon aureofasciatus,10--15,1
13/02/2023,,,Fantom Island,Snapper Point,Transect,1,20 m,HFY,Scarus rivulatus,10--15,18
13/02/2023,,,Fantom Island,Snapper Point,Transect,1,20 m,HFY,Scarus niger,10--15,4
13/02/2023,,,Fantom Island,Snapper Point,Transect,1,20 m,HFY,Scarus sp.,10--15,2
13/02/2023,,,Fantom Island,Snapper Point,Transect,1,20 m,HFY,Hemigymnus melapterus,10--15,1
13/02/2023,,,Fantom Island,Snapper Point,Transect,1,20 m,HFY,Thalassoma hardwicke,10--15,1
13/02/2023,,,Fantom Island,Snapper Point,Transect,1,20 m,HFY,Scarus rivulatus,20--25,1
13/02/2023,,,Fantom Island,Snapper Point,Transect,1,20 m,HFY,Halichoeres melanurus,10--15,1
13/02/2023,,,Fantom Island,Snapper Point,Transect,1,20 m,HFY,Epibulus insidiator,15--20,1
13/02/2023,,,Fantom Island,Snapper Point,Transect,1,20 m,HFY,Kyphosis cinerascens,15--20,1
13/02/2023,,,Fantom Island,Snapper Point,Transect,1,20 m,HFY,Scarus rivulatus,15--20,1
13/02/2023,,,Fantom Island,Snapper Point,Transect,1,30 m,HFY,Scarus rivulatus,10--15,5
13/02/2023,,,Fantom Island,Snapper Point,Transect,1,30 m,HFY,Scarus niger,10--15,1
13/02/2023,,,Fantom Island,Snapper Point,Transect,1,30 m,HFY,Thalassoma hardwicke,10--15,1
13/02/2023,,,Fantom Island,Snapper Point,Transect,1,30 m,HFY,Scarus rivulatus,20--25,2
13/02/2023,,,Fantom Island,Snapper Point,Transect,1,30 m,HFY,Halichoeres melanurus,10--15,1
13/02/2023,,,Fantom Island,Snapper Point,Transect,1,30 m,HFY,Scarus rivulatus,15--20,3
13/02/2023,,,Fantom Island,Snapper Point,Transect,1,30 m,HFY,Scolopsis lineata,15--20,29
13/02/2023,,,Fantom Island,Snapper Point,Transect,1,30 m,HFY,Cetoscarus bicolor,30--35,1
13/02/2023,,,Fantom Island,Snapper Point,Transect,1,30 m,HFY,Chaetodon aureofasciatus,10--15,1
13/02/2023,,,Fantom Island,Snapper Point,Transect,1,30 m,HFY,Chaetodon melannotus,10--15,1
13/02/2023,,,Fantom Island,Snapper Point,Transect,2,20 m,HFY,Scarus rivulatus,30--35,2
13/02/2023,,,Fantom Island,Snapper Point,Transect,2,20 m,HFY,Cephalopholis cyanostigma,30--35,1
13/02/2023,,,Fantom Island,Snapper Point,Transect,2,20 m,HFY,Lethrinus harak,25--30,2
13/02/2023,,,Fantom Island,Snapper Point,Transect,2,20 m,HFY,Scarus niger,15--20,4
13/02/2023,,,Fantom Island,Snapper Point,Transect,2,20 m,HFY,Thalassoma hardwicke,10--15,2
13/02/2023,,,Fantom Island,Snapper Point,Transect,2,20 m,HFY,Thalassoma lunare,10--15,1
13/02/2023,,,Fantom Island,Snapper Point,Transect,2,20 m,HFY,Scarus rivulatus,10--15,2
13/02/2023,,,Fantom Island,Snapper Point,Transect,2,20 m,HFY,Chaetodon melannotus,10--15,1
13/02/2023,,,Fantom Island,Snapper Point,Transect,2,20 m,HFY,Halichoeres melanurus,10--15,1
13/02/2023,,,Fantom Island,Snapper Point,Transect,2,20 m,HFY,Chaetodon aureofasciatus,10--15,1
13/02/2023,,,Fantom Island,Snapper Point,Transect,2,20 m,HFY,Chaetodon lineolatus,10--15,1
13/02/2023,,,Fantom Island,Snapper Point,Transect,2,20 m,HFY,Scolopsis lineata,15--20,16
13/02/2023,,,Fantom Island,Snapper Point,Transect,2,20 m,HFY,Chaetodon rafflesi,15--20,2
13/02/2023,,,Fantom Island,Snapper Point,Transect,2,20 m,HFY,Hemigymnus melapterus,15--20,1
13/02/2023,,,Fantom Island,Snapper Point,Transect,2,20 m,HFY,Cheilinus chlorurus,10--15,1
13/02/2023,,,Fantom Island,Snapper Point,Transect,2,20 m,HFY,Labroides dimidiatus,10--15,1
13/02/2023,,,Fantom Island,Snapper Point,Transect,2,30 m,HFY,Scarus niger,15--20,2
13/02/2023,,,Fantom Island,Snapper Point,Transect,2,30 m,HFY,Thalassoma hardwicke,10--15,1
13/02/2023,,,Fantom Island,Snapper Point,Transect,2,30 m,HFY,Chaetodon aureofasciatus,10--15,12
13/02/2023,,,Fantom Island,Snapper Point,Transect,2,30 m,HFY,Chlorurus spilurus,10--15,4
13/02/2023,,,Fantom Island,Snapper Point,Transect,2,30 m,HFY,Chaetodon plebius,10--15,3
13/02/2023,,,Fantom Island,Snapper Point,Transect,2,30 m,HFY,Choerodon anchorago,25--30,1
13/02/2023,,,Fantom Island,Snapper Point,Transect,2,30 m,HFY,Chaetodon aureofasciatus,15--20,1
13/02/2023,,,Fantom Island,Snapper Point,Transect,2,30 m,HFY,Thalassoma lunare,10--15,4
13/02/2023,,,Fantom Island,Snapper Point,Transect,2,30 m,HFY,Chlorurus spilurus,40--45,1
13/02/2023,,,Fantom Island,Snapper Point,Transect,2,30 m,HFY,Lutjanus carponotatus,30--35,2
13/02/2023,,,Fantom Island,Snapper Point,Transect,2,30 m,HFY,Halichoeres melanurus,10--15,2
13/02/2023,,,Fantom Island,Snapper Point,Transect,2,30 m,HFY,Chaetodon aureofasciatus,15--20,2
13/02/2023,,,Fantom Island,Snapper Point,Transect,2,30 m,HFY,Hemigymnus melapterus,10--15,1
13/02/2023,,,Fantom Island,Snapper Point,Transect,2,30 m,HFY,Chaetodon melannotus,10--15,2
13/02/2023,,,Fantom Island,Snapper Point,Point,1,Instant,HFY,Scarus rivulatus,10--15,1
13/02/2023,,,Fantom Island,Snapper Point,Point,1,Instant,HFY,Chlorurus spilurus,10--15,1
13/02/2023,,,Fantom Island,Snapper Point,Point,1,Instant,HFY,Chaetodon aureofasciatus,10--15,1
13/02/2023,,,Fantom Island,Snapper Point,Point,1,Instant,HFY,Scolopsis lineata,15--20,1
13/02/2023,,,Fantom Island,Snapper Point,Point,1,Instant,HFY,Halichoeres marginatus,10--15,1
13/02/2023,,,Fantom Island,Snapper Point,Point,1,10 min,HFY,Scarus rivulatus,10--15,4
13/02/2023,,,Fantom Island,Snapper Point,Point,1,10 min,HFY,Chlorurus spilurus,10--15,3
13/02/2023,,,Fantom Island,Snapper Point,Point,1,10 min,HFY,Chaetodon aureofasciatus,10--15,3
13/02/2023,,,Fantom Island,Snapper Point,Point,1,10 min,HFY,Scolopsis lineata,15--20,2
13/02/2023,,,Fantom Island,Snapper Point,Point,1,10 min,HFY,Halichoeres marginatus,10--15,2
13/02/2023,,,Fantom Island,Snapper Point,Point,1,10 min,HFY,Cheilinus chlorurus,10--15,1
13/02/2023,,,Fantom Island,Snapper Point,Point,1,10 min,HFY,Scarus rivulatus,20--25,2
13/02/2023,,,Fantom Island,Snapper Point,Point,1,10 min,HFY,Thalassoma lunare,10--15,2
13/02/2023,,,Fantom Island,Snapper Point,Point,1,10 min,HFY,Scarus niger,15--20,3
13/02/2023,,,Fantom Island,Snapper Point,Point,1,10 min,HFY,Thalassoma lunare,15--20,1
13/02/2023,,,Fantom Island,Snapper Point,Point,1,10 min,HFY,Chlorurus spilurus,20--25,1
13/02/2023,,,Fantom Island,Snapper Point,Point,1,10 min,HFY,Chaetodon vagabundus,10--15,1
13/02/2023,,,Fantom Island,Snapper Point,Point,1,10 min,HFY,Oxycheilinus diagramma,10--15,1
13/02/2023,,,Fantom Island,Snapper Point,Point,1,10 min,HFY,Scarus niger,10--15,2
13/02/2023,,,Fantom Island,Snapper Point,Point,1,10 min,HFY,Chaetodon baronessa,10--15,1
13/02/2023,,,Fantom Island,Snapper Point,Point,1,10 min,HFY,Chaetodon aureofasciatus,15--20,1
13/02/2023,,,Fantom Island,Snapper Point,Point,1,10 min,HFY,Hemigymnus melapterus,15--20,1
13/02/2023,,,Fantom Island,Snapper Point,Point,1,10 min,HFY,Kyphosis cinerascens,20--25,1
13/02/2023,,,Fantom Island,Snapper Point,Point,1,10 min,HFY,Thalassoma hardwicke,10--15,1
13/02/2023,,,Fantom Island,Snapper Point,Point,2,Instant,HFY,Chaetodon aureofasciatus,10--15,1
13/02/2023,,,Fantom Island,Snapper Point,Point,2,Instant,HFY,Chaetodon plebius,10--15,1
13/02/2023,,,Fantom Island,Snapper Point,Point,2,Instant,HFY,Chaetodon vagabundus,10--15,1
13/02/2023,,,Fantom Island,Snapper Point,Point,2,Instant,HFY,Anampses geographicus,10--15,1
13/02/2023,,,Fantom Island,Snapper Point,Point,2,Instant,HFY,Scarus rivulatus,25--30,1
13/02/2023,,,Fantom Island,Snapper Point,Point,2,Instant,HFY,Scolopsis lineata,20--25,2
13/02/2023,,,Fantom Island,Snapper Point,Point,2,10 min,HFY,Chaetodon aureofasciatus,10--15,5
13/02/2023,,,Fantom Island,Snapper Point,Point,2,10 min,HFY,Scarus rivulatus,25--30,1
13/02/2023,,,Fantom Island,Snapper Point,Point,2,10 min,HFY,Scolopsis lineata,20--25,1
13/02/2023,,,Fantom Island,Snapper Point,Point,2,10 min,HFY,Halichoeres marginatus,10--15,2
13/02/2023,,,Fantom Island,Snapper Point,Point,2,10 min,HFY,Chlorurus spilurus,35--40,1
13/02/2023,,,Fantom Island,Snapper Point,Point,2,10 min,HFY,Scarus rivulatus,15--20,1
13/02/2023,,,Fantom Island,Snapper Point,Point,2,10 min,HFY,Chaetodon aureofasciatus,15--20,1
13/02/2023,,,Fantom Island,Snapper Point,Point,2,10 min,HFY,Cetoscarus bicolor,10--15,1
13/02/2023,,,Fantom Island,Snapper Point,Point,2,10 min,HFY,Scolopsis bilineata,10--15,1
13/02/2023,,,Fantom Island,Snapper Point,Point,2,10 min,HFY,Chaetodon baronessa,10--15 ,1
13/02/2023,,,Fantom Island,Snapper Point,Point,2,10 min,HFY,Scarus rivulatus,10--15 ,1
13/02/2023,,,Fantom Island,Snapper Point,Point,2,10 min,HFY,Thalassoma lunare,15--20,1
13/02/2023,,,Fantom Island,Snapper Point,Point,2,10 min,HFY,Hipposcarus sp.,10--15 ,1
13/02/2023,,,Fantom Island,Snapper Point,Point,2,10 min,HFY,Thalassoma hardwicke,10--15 ,1
13/02/2023,,,Fantom Island,Snapper Point,Point,2,10 min,HFY,Chaetodon trifascialis,15--20,1
13/02/2023,,,Fantom Island,Snapper Point,Point,2,10 min,HFY,Lutjanus vitta,20--25,3
13/02/2023,,,Fantom Island,Snapper Point,Point,2,10 min,HFY,Chaetodon rafflesi,10--15 ,1
13/02/2023,,,Fantom Island,Snapper Point,Transect,3,20 m,HFY,Labroides dimidiatus,10--15 ,3
13/02/2023,,,Fantom Island,Snapper Point,Transect,3,20 m,HFY,Thalassoma lunare,10--15,6
13/02/2023,,,Fantom Island,Snapper Point,Transect,3,20 m,HFY,Chaetodon aureofasciatus,10--15,11
13/02/2023,,,Fantom Island,Snapper Point,Transect,3,20 m,HFY,Chaetodon aureofasciatus,15--20,1
13/02/2023,,,Fantom Island,Snapper Point,Transect,3,20 m,HFY,Halichoeres melanurus,10--15,4
13/02/2023,,,Fantom Island,Snapper Point,Transect,3,20 m,HFY,Hemigymnus melapterus,15--20,1
13/02/2023,,,Fantom Island,Snapper Point,Transect,3,20 m,HFY,Hemigymnus melapterus,25--30,2
13/02/2023,,,Fantom Island,Snapper Point,Transect,3,20 m,HFY,Cheilinus fasciatus,20--25,1
13/02/2023,,,Fantom Island,Snapper Point,Transect,3,20 m,HFY,Naso unicornis,65--70,4
13/02/2023,,,Fantom Island,Snapper Point,Transect,3,20 m,HFY,Lutjanus vitta,30--35,3
13/02/2023,,,Fantom Island,Snapper Point,Transect,3,20 m,HFY,Cephalopholis boenak,30--35,1
13/02/2023,,,Fantom Island,Snapper Point,Transect,3,20 m,HFY,Chlorurus microrhinus,65--70,1
13/02/2023,,,Fantom Island,Snapper Point,Transect,3,20 m,HFY,Chlorurus microrhinus,55--60,2
13/02/2023,,,Fantom Island,Snapper Point,Transect,3,30 m,HFY,Labroides dimidiatus,10--15,2
13/02/2023,,,Fantom Island,Snapper Point,Transect,3,30 m,HFY,Thalassoma lunare,10--15,2
13/02/2023,,,Fantom Island,Snapper Point,Transect,3,30 m,HFY,Chaetodon aureofasciatus,10--15,10
13/02/2023,,,Fantom Island,Snapper Point,Transect,3,30 m,HFY,Chaetodon aureofasciatus,15--20,1
13/02/2023,,,Fantom Island,Snapper Point,Transect,3,30 m,HFY,Halichoeres melanurus,10--15,6
13/02/2023,,,Fantom Island,Snapper Point,Transect,3,30 m,HFY,Lutjanus vitta,30--35,6
13/02/2023,,,Fantom Island,Snapper Point,Transect,3,30 m,HFY,Chlorurus spilurus,45--50,1
13/02/2023,,,Fantom Island,Snapper Point,Transect,3,30 m,HFY,Siganus doliatus,20--25,1
13/02/2023,,,Fantom Island,Snapper Point,Transect,3,30 m,HFY,Cheilinus chlorurus,20--25,1
13/02/2023,,,Fantom Island,Snapper Point,Transect,3,30 m,HFY,Anampses geographicus,10--15,3
13/02/2023,,,Fantom Island,Snapper Point,Transect,3,30 m,HFY,Thalassoma lunare,15--20,1
13/02/2023,,,Fantom Island,Snapper Point,Transect,3,30 m,HFY,Scarus niger,15--20,3
13/02/2023,,,Fantom Island,Snapper Point,Transect,3,30 m,HFY,Scolopsis bilineata,15--20,1
13/02/2023,,,Fantom Island,Snapper Point,Transect,3,30 m,HFY,Siganus doliatus,10--15,1
13/02/2023,,,Fantom Island,Snapper Point,Transect,3,30 m,HFY,Thalassoma hardwicke,10--15,2
13/02/2023,,,Fantom Island,Snapper Point,Transect,3,30 m,HFY,Scarus rivulatus,10--15,1
13/02/2023,,,Fantom Island,Snapper Point,Transect,3,30 m,HFY,Scarus niger,10--15,1
13/02/2023,,,Fantom Island,Snapper Point,Transect,3,30 m,HFY,Siganus lineatus,15--20,1
13/02/2023,,,Fantom Island,Snapper Point,Transect,3,30 m,HFY,Chaetodon melannotus,10--15,1
13/02/2023,,,Fantom Island,Snapper Point,Transect,3,30 m,HFY,Epibulus insidiator,20--25,1
13/02/2023,,,Fantom Island,Snapper Point,Transect,4,20 m,HFY,Lutjanus fulviflamma,20--25,7
13/02/2023,,,Fantom Island,Snapper Point,Transect,4,20 m,HFY,Lutjanus vitta,20--25,9
13/02/2023,,,Fantom Island,Snapper Point,Transect,4,20 m,HFY,Chaetodon aureofasciatus,10--15,12
13/02/2023,,,Fantom Island,Snapper Point,Transect,4,20 m,HFY,Chaetodon trifascialis,15--20,1
13/02/2023,,,Fantom Island,Snapper Point,Transect,4,20 m,HFY,Halichoeres melanurus,10--15,6
13/02/2023,,,Fantom Island,Snapper Point,Transect,4,20 m,HFY,Chaetodon aureofasciatus,15--20,1
13/02/2023,,,Fantom Island,Snapper Point,Transect,4,20 m,HFY,Epibulus insidiator,20--25,1
13/02/2023,,,Fantom Island,Snapper Point,Transect,4,20 m,HFY,Thalassoma lunare,10--15,1
13/02/2023,,,Fantom Island,Snapper Point,Transect,4,20 m,HFY,Labroides dimidiatus,10--15,3
13/02/2023,,,Fantom Island,Snapper Point,Transect,4,20 m,HFY,Platax orbicularis,65--70,1
13/02/2023,,,Fantom Island,Snapper Point,Transect,4,20 m,HFY,Chaetodon vagabundus,25--30,1
13/02/2023,,,Fantom Island,Snapper Point,Transect,4,20 m,HFY,Pomacanthus sexstriatus,25--30,1
13/02/2023,,,Fantom Island,Snapper Point,Transect,4,20 m,HFY,Scarus rivulatus,35--40,16
13/02/2023,,,Fantom Island,Snapper Point,Transect,4,30 m,HFY,Lutjanus fulviflamma,20--25,1
13/02/2023,,,Fantom Island,Snapper Point,Transect,4,30 m,HFY,Lutjanus vitta,20--25,15
13/02/2023,,,Fantom Island,Snapper Point,Transect,4,30 m,HFY,Chaetodon aureofasciatus,10--15,7
13/02/2023,,,Fantom Island,Snapper Point,Transect,4,30 m,HFY,Chaetodon trifascialis,15--20,1
13/02/2023,,,Fantom Island,Snapper Point,Transect,4,30 m,HFY,Halichoeres melanurus,10--15,3
13/02/2023,,,Fantom Island,Snapper Point,Transect,4,30 m,HFY,Labroides dimidiatus,10--15,2
13/02/2023,,,Fantom Island,Snapper Point,Transect,4,30 m,HFY,Scarus rivulatus,35--40,3
13/02/2023,,,Fantom Island,Snapper Point,Transect,4,30 m,HFY,Naso unicornis,60--65,1
13/02/2023,,,Fantom Island,Snapper Point,Transect,4,30 m,HFY,Halichoeres marginatus,15--20,1
13/02/2023,,,Fantom Island,Snapper Point,Transect,4,30 m,HFY,Chaetodon melannotus,15--20,1
13/02/2023,,,Fantom Island,Snapper Point,Transect,4,30 m,HFY,Thalassoma lunare,15--20,3
13/02/2023,,,Fantom Island,Snapper Point,Transect,4,30 m,HFY,Siganus doliatus,10--15,1
13/02/2023,,,Fantom Island,Snapper Point,Transect,4,30 m,HFY,Scarus rivulatus,20--25,2
13/02/2023,,,Fantom Island,Snapper Point,Transect,4,30 m,HFY,Cephalopholis boenak,30--35,1
13/02/2023,,,Fantom Island,Snapper Point,Transect,4,30 m,HFY,Chaetodon plebius,15--20,1
13/02/2023,,,Fantom Island,Snapper Point,Transect,4,30 m,HFY,Lutjanus vitta,30--35,2
13/02/2023,,,Fantom Island,Snapper Point,Transect,4,30 m,HFY,Chaetodon rafflesi,15--20,1
13/02/2023,,,Fantom Island,Snapper Point,Transect,4,30 m,HFY,Cheilinus fasciatus,25--30,1
13/02/2023,,,Fantom Island,Snapper Point,Transect,4,30 m,HFY,Chaetodon speculum,10--15,1
13/02/2023,,,Fantom Island,Snapper Point,Point,3,Instant,HFY,Lutjanus fulviflamma,25--30,12
13/02/2023,,,Fantom Island,Snapper Point,Point,3,Instant,HFY,Chlorurus spilurus,35--40,2
13/02/2023,,,Fantom Island,Snapper Point,Point,3,Instant,HFY,Chaetodon aureofasciatus,10--15,1
13/02/2023,,,Fantom Island,Snapper Point,Point,3,Instant,HFY,Chaetodon melannotus,10--15,1
13/02/2023,,,Fantom Island,Snapper Point,Point,3,10 min,HFY,Chaetodon aureofasciatus,10--15,5
13/02/2023,,,Fantom Island,Snapper Point,Point,3,10 min,HFY,Labroides dimidiatus,10--15,2
13/02/2023,,,Fantom Island,Snapper Point,Point,3,10 min,HFY,Thalassoma lunare,10--15,6
13/02/2023,,,Fantom Island,Snapper Point,Point,3,10 min,HFY,Lutjanus vitta,10--15,1
13/02/2023,,,Fantom Island,Snapper Point,Point,3,10 min,HFY,Hemigymnus melapterus,10--15,2
13/02/2023,,,Fantom Island,Snapper Point,Point,3,10 min,HFY,Cheilinus chlorurus,10--15,3
13/02/2023,,,Fantom Island,Snapper Point,Point,3,10 min,HFY,Scarus rivulatus,10--15,1
13/02/2023,,,Fantom Island,Snapper Point,Point,3,10 min,HFY,Halichoeres melanurus,10--15,3
13/02/2023,,,Fantom Island,Snapper Point,Point,3,10 min,HFY,Chaetodon lineolatus,10--15,1
13/02/2023,,,Fantom Island,Snapper Point,Point,3,10 min,HFY,Siganus doliatus,15--20,1
13/02/2023,,,Fantom Island,Snapper Point,Point,3,10 min,HFY,Hemigymnus melapterus,15--20,1
13/02/2023,,,Fantom Island,Snapper Point,Point,3,10 min,HFY,Anampses geographicus,10--15,2
13/02/2023,,,Fantom Island,Snapper Point,Point,3,10 min,HFY,Scolopsis bilineata,15--20,1
13/02/2023,,,Fantom Island,Snapper Point,Point,3,10 min,HFY,Halichoeres marginatus,15--20,1
13/02/2023,,,Fantom Island,Snapper Point,Point,3,10 min,HFY,Choerodon fasciatus,15--20,1
13/02/2023,,,Fantom Island,Snapper Point,Point,3,10 min,HFY,Chaetodon speculum,10--15,2
13/02/2023,,,Fantom Island,Snapper Point,Point,4,Instant,HFY,Siganus doliatus,15--20,2
13/02/2023,,,Fantom Island,Snapper Point,Point,4,Instant,HFY,Chaetodon plebius,10--15,1
13/02/2023,,,Fantom Island,Snapper Point,Point,4,Instant,HFY,Thalassoma lunare,10--15,1
13/02/2023,,,Fantom Island,Snapper Point,Point,4,10 min,HFY,Siganus doliatus,15--20,2
13/02/2023,,,Fantom Island,Snapper Point,Point,4,10 min,HFY,Thalassoma lunare,10--15,2
13/02/2023,,,Fantom Island,Snapper Point,Point,4,10 min,HFY,Chaetodon aureofasciatus,10--15,3
13/02/2023,,,Fantom Island,Snapper Point,Point,4,10 min,HFY,Cephalopholis boenak,15--20,1
13/02/2023,,,Fantom Island,Snapper Point,Point,4,10 min,HFY,Halichoeres melanurus,10--15,1
13/02/2023,,,Fantom Island,Snapper Point,Point,4,10 min,HFY,Cheilinus fasciatus,15--20,1
13/02/2023,,,Fantom Island,Snapper Point,Point,4,10 min,HFY,Scarus rivulatus,15--20,1
13/02/2023,,,Fantom Island,Snapper Point,Point,4,10 min,HFY,Scolopsis bilineata,15--20,1
13/02/2023,,,Fantom Island,Snapper Point,Point,4,10 min,HFY,Thalassoma lunare,15--20,2
13/02/2023,,,Fantom Island,Snapper Point,Point,4,10 min,HFY,Hemigymnus melapterus,10--15,1
13/02/2023,,,Fantom Island,Snapper Point,Point,4,10 min,HFY,Labroides dimidiatus,10--15,2
13/02/2023,,,Fantom Island,Snapper Point,Point,4,10 min,HFY,Anampses geographicus,10--15,1
13/02/2023,,,Fantom Island,Snapper Point,Point,4,10 min,HFY,Lutjanus fulviflamma,30--35,2
13/02/2023,,,Fantom Island,Snapper Point,Point,4,10 min,HFY,Chaetodon melannotus,15--20,5
13/02/2023,,,Fantom Island,Snapper Point,Point,4,10 min,HFY,Chaetodon lineolatus,10--15,1
13/02/2023,,,Fantom Island,Snapper Point,Point,4,10 min,HFY,Lutjanus fulviflamma,20--25,5
13/02/2023,,,Fantom Island,Snapper Point,Transect,3,20 m,SKC,Lutjanus vitta,15--20,2
13/02/2023,,,Fantom Island,Snapper Point,Transect,3,20 m,SKC,Scolopsis lineata,15--20,20
13/02/2023,,,Fantom Island,Snapper Point,Transect,3,20 m,SKC,Pomacanthus sexstriatus,20--25,2
13/02/2023,,,Fantom Island,Snapper Point,Transect,3,20 m,SKC,Scarus rivulatus,15--20,4
13/02/2023,,,Fantom Island,Snapper Point,Transect,3,20 m,SKC,Chaetodon aureofasciatus,10--15,1
13/02/2023,,,Fantom Island,Snapper Point,Transect,3,20 m,SKC,Chaetodon lunulatus,10--15 ,2
13/02/2023,,,Fantom Island,Snapper Point,Transect,3,20 m,SKC,Chaetodon plebius,10--15,1
13/02/2023,,,Fantom Island,Snapper Point,Transect,3,30 m,SKC,Scolopsis lineata,15--20,1
13/02/2023,,,Fantom Island,Snapper Point,Transect,3,30 m,SKC,Scarus rivulatus,15--20,8
13/02/2023,,,Fantom Island,Snapper Point,Transect,3,30 m,SKC,Scarus rivulatus,10--15,7
13/02/2023,,,Fantom Island,Snapper Point,Transect,3,30 m,SKC,Chaetodon aureofasciatus,10--15,1
13/02/2023,,,Fantom Island,Snapper Point,Transect,3,30 m,SKC,Chaetodon melannotus,10--15,1
13/02/2023,,,Fantom Island,Snapper Point,Transect,3,30 m,SKC,Chlorurus bleekeri,15--20,1
13/02/2023,,,Fantom Island,Snapper Point,Transect,3,30 m,SKC,Siganus doliatus,15--20,7
13/02/2023,,,Fantom Island,Snapper Point,Transect,3,30 m,SKC,Hemigymnus melapterus,10--15,1
13/02/2023,,,Fantom Island,Snapper Point,Transect,3,30 m,SKC,Scarus altipinnis,15--20,1
13/02/2023,,,Fantom Island,Snapper Point,Transect,3,30 m,SKC,Chlorurus spilurus,20--25,1
13/02/2023,,,Fantom Island,Snapper Point,Transect,3,30 m,SKC,Cheilinus fasciatus,10--15,1
13/02/2023,,,Fantom Island,Snapper Point,Transect,3,30 m,SKC,Hemigymnus melapterus,10--15,1
13/02/2023,,,Fantom Island,Snapper Point,Transect,3,30 m,SKC,Hemigymnus melapterus,20--25,1
13/02/2023,,,Fantom Island,Snapper Point,Transect,3,30 m,SKC,Chlorurus spilurus,10--15,1
13/02/2023,,,Fantom Island,Snapper Point,Transect,4,20 m,SKC,Lutjanus vitta,15--20,50
13/02/2023,,,Fantom Island,Snapper Point,Transect,4,20 m,SKC,Scarus rivulatus,10--15,2
13/02/2023,,,Fantom Island,Snapper Point,Transect,4,20 m,SKC,Scarus rivulatus,20--25,1
13/02/2023,,,Fantom Island,Snapper Point,Transect,4,20 m,SKC,Siganus doliatus,15--20,1
13/02/2023,,,Fantom Island,Snapper Point,Transect,4,20 m,SKC,Hemigymnus melapterus,15--20,1
13/02/2023,,,Fantom Island,Snapper Point,Transect,4,20 m,SKC,Choerodon graphicus,20--25,1
13/02/2023,,,Fantom Island,Snapper Point,Transect,4,20 m,SKC,Chaetodon melannotus,10--15,1
13/02/2023,,,Fantom Island,Snapper Point,Transect,4,30 m,SKC,Lutjanus vitta,15--20,35
13/02/2023,,,Fantom Island,Snapper Point,Transect,4,30 m,SKC,Scarus rivulatus,15--20,1
13/02/2023,,,Fantom Island,Snapper Point,Transect,4,30 m,SKC,Scarus rivulatus,20--25,2
13/02/2023,,,Fantom Island,Snapper Point,Transect,4,30 m,SKC,Siganus doliatus,15--20,1
13/02/2023,,,Fantom Island,Snapper Point,Transect,4,30 m,SKC,Scolopsis lineata,15--20,1
13/02/2023,,,Fantom Island,Snapper Point,Transect,4,30 m,SKC,Hemigymnus fasciatus,15--20,1
13/02/2023,,,Fantom Island,Snapper Point,Transect,4,30 m,SKC,Thalassoma lunare,10--15,2
13/02/2023,,,Fantom Island,Snapper Point,Transect,4,30 m,SKC,Chaetodon lunulatus,15--20,3
13/02/2023,,,Fantom Island,Snapper Point,Transect,4,30 m,SKC,Cephalopholis cyanostigma,25--30,1
13/02/2023,,,Fantom Island,Snapper Point,Transect,4,30 m,SKC,Halichoeres trimaculatus,10--15,1
13/02/2023,,,Fantom Island,Snapper Point,Transect,4,30 m,SKC,Chaetodon plebius,10--15,1
13/02/2023,,,Fantom Island,Snapper Point,Transect,4,30 m,SKC,Cephalopholis cyanostigma,20--25,1
13/02/2023,,,Fantom Island,Snapper Point,Point,3,Instant,SKC,Lutjanus vitta,15--20,12
13/02/2023,,,Fantom Island,Snapper Point,Point,3,Instant,SKC,Thalassoma lunare,15--20,1
13/02/2023,,,Fantom Island,Snapper Point,Point,3,10 min,SKC,Lutjanus vitta,15--20,10
13/02/2023,,,Fantom Island,Snapper Point,Point,3,10 min,SKC,Pomacanthus sexstriatus,15--20,1
13/02/2023,,,Fantom Island,Snapper Point,Point,3,10 min,SKC,Chaetodon melannotus,10--15,3
13/02/2023,,,Fantom Island,Snapper Point,Point,3,10 min,SKC,Hemigymnus melapterus,10--15,1
13/02/2023,,,Fantom Island,Snapper Point,Point,3,10 min,SKC,Lutjanus russeli,15--20,2
13/02/2023,,,Fantom Island,Snapper Point,Point,3,10 min,SKC,Scolopsis bilineata,15--20,1
13/02/2023,,,Fantom Island,Snapper Point,Point,3,10 min,SKC,Lutjanus fulviflamma,15--20,1
13/02/2023,,,Fantom Island,Snapper Point,Point,3,10 min,SKC,Chaetodon trifascialis,10--15,1
13/02/2023,,,Fantom Island,Snapper Point,Point,3,10 min,SKC,Scarus rivulatus,20--25,1
13/02/2023,,,Fantom Island,Snapper Point,Point,3,10 min,SKC,Epibulus insidiator,10--15,1
13/02/2023,,,Fantom Island,Snapper Point,Point,3,10 min,SKC,Lutjanus carponotatus,15--20,1
13/02/2023,,,Fantom Island,Snapper Point,Point,3,10 min,SKC,Lutjanus carponotatus,20--25,1
13/02/2023,,,Fantom Island,Snapper Point,Point,3,10 min,SKC,Hemigymnus melapterus,15--20,1
13/02/2023,,,Fantom Island,Snapper Point,Point,3,10 min,SKC,Siganus lineatus,30--35,1
13/02/2023,,,Fantom Island,Snapper Point,Point,3,10 min,SKC,Scolopsis lineata,15--20,6
13/02/2023,,,Fantom Island,Snapper Point,Point,3,10 min,SKC,Scarus rivulatus,15--20,1
13/02/2023,,,Fantom Island,Snapper Point,Point,3,10 min,SKC,Pomacanthus semicirculatus,25--30,1
13/02/2023,,,Fantom Island,Snapper Point,Point,3,10 min,SKC,Scarus altipinnis,15--20,3
13/02/2023,,,Fantom Island,Snapper Point,Point,4,Instant,SKC,Chaetodon melannotus,10--15,2
13/02/2023,,,Fantom Island,Snapper Point,Point,4,Instant,SKC,Anampses neoguinaicus,10--15,1
13/02/2023,,,Fantom Island,Snapper Point,Point,4,Instant,SKC,Hemigymnus melapterus,15--20,1
13/02/2023,,,Fantom Island,Snapper Point,Point,4,Instant,SKC,Scolopsis lineata,15--20,13
13/02/2023,,,Fantom Island,Snapper Point,Point,4,Instant,SKC,Scarus frenatus,20--25,2
13/02/2023,,,Fantom Island,Snapper Point,Point,4,Instant,SKC,Chaetodon melannotus,15--20,1
13/02/2023,,,Fantom Island,Snapper Point,Point,4,Instant,SKC,Siganus doliatus,15--20,3
13/02/2023,,,Fantom Island,Snapper Point,Point,4,Instant,SKC,Hemigymnus melapterus,10--15,1
13/02/2023,,,Fantom Island,Snapper Point,Point,4,Instant,SKC,Chaetodon rafflesi,10--15,1
13/02/2023,,,Fantom Island,Snapper Point,Point,4,Instant,SKC,Lutjanus fulviflamma,15--20,1
13/02/2023,,,Fantom Island,Snapper Point,Point,4,10 min,SKC,Anampses neoguinaicus,10--15,2
13/02/2023,,,Fantom Island,Snapper Point,Point,4,10 min,SKC,Hemigymnus melapterus,15--20,1
13/02/2023,,,Fantom Island,Snapper Point,Point,4,10 min,SKC,Scolopsis lineata,15--20,23
13/02/2023,,,Fantom Island,Snapper Point,Point,4,10 min,SKC,Scarus frenatus,20--25,2
13/02/2023,,,Fantom Island,Snapper Point,Point,4,10 min,SKC,Siganus doliatus,15--20,6
13/02/2023,,,Fantom Island,Snapper Point,Point,4,10 min,SKC,Lutjanus fulviflamma,15--20,2
13/02/2023,,,Fantom Island,Snapper Point,Point,4,10 min,SKC,Pomacanthus sexstriatus,25--30,1
13/02/2023,,,Fantom Island,Snapper Point,Point,4,10 min,SKC,Chaetodon lunulatus,10--15,6
13/02/2023,,,Fantom Island,Snapper Point,Point,4,10 min,SKC,Scarus rivulatus,10--15,5
13/02/2023,,,Fantom Island,Snapper Point,Point,4,10 min,SKC,Scarus rivulatus,15--20,9
13/02/2023,,,Fantom Island,Snapper Point,Point,4,10 min,SKC,Scarus rivulatus,20--25,2
13/02/2023,,,Fantom Island,Snapper Point,Point,4,10 min,SKC,Scolopsis bilineata,15--20,1
13/02/2023,,,Fantom Island,Snapper Point,Point,4,10 min,SKC,Chaetodon aureofasciatus,10--15,2
13/02/2023,,,Fantom Island,Snapper Point,Point,4,10 min,SKC,Chaetodon lineolatus,10--15,1
13/02/2023,,,Fantom Island,Snapper Point,Point,4,10 min,SKC,Anampses geographicus,10--15,1
13/02/2023,,,Fantom Island,Snapper Point,Point,4,10 min,SKC,Cheilinus chlorurus,15--20,1
13/02/2023,,,Fantom Island,Snapper Point,Point,4,10 min,SKC,Hemigymnus melapterus,25--30,1
13/02/2023,,,Fantom Island,Snapper Point,Point,4,10 min,SKC,Thalassoma lunare,10--15,1
13/02/2023,,,Fantom Island,Snapper Point,Point,4,10 min,SKC,Scarus ghobban,10--15,1
13/02/2023,,,Fantom Island,Snapper Point,Point,4,10 min,SKC,Epibulus insidiator,20--25,1
13/02/2023,,,Fantom Island,Snapper Point,Point,4,10 min,SKC,Choerodon fasciatus,10--15,1
14/02/2023,,,Fantom Island,Snapper Point,Transect,1,20 m,HFY,Chaetodon aureofasciatus,10--15,10
14/02/2023,,,Fantom Island,Snapper Point,Transect,1,20 m,HFY,Scarus rivulatus,25--30,2
14/02/2023,,,Fantom Island,Snapper Point,Transect,1,20 m,HFY,Lutjanus vitta,20--25,3
14/02/2023,,,Fantom Island,Snapper Point,Transect,1,20 m,HFY,Scolopsis bilineata,15--20,1
14/02/2023,,,Fantom Island,Snapper Point,Transect,1,20 m,HFY,Siganus lineatus,20--25,1
14/02/2023,,,Fantom Island,Snapper Point,Transect,1,20 m,HFY,Cheilinus fasciatus,15--20,1
14/02/2023,,,Fantom Island,Snapper Point,Transect,1,20 m,HFY,Scarus rivulatus,15--20,1
14/02/2023,,,Fantom Island,Snapper Point,Transect,1,20 m,HFY,Scarus flavipectoralis,25--30,1
14/02/2023,,,Fantom Island,Snapper Point,Transect,1,20 m,HFY,Labroides dimidiatus,10--15,1
14/02/2023,,,Fantom Island,Snapper Point,Transect,1,20 m,HFY,Anampses geographicus,10--15,1
14/02/2023,,,Fantom Island,Snapper Point,Transect,1,30 m,HFY,Chaetodon aureofasciatus,10--15,10
14/02/2023,,,Fantom Island,Snapper Point,Transect,1,30 m,HFY,Siganus lineatus,20--25,1
14/02/2023,,,Fantom Island,Snapper Point,Transect,1,30 m,HFY,Scarus rivulatus,15--20,1
14/02/2023,,,Fantom Island,Snapper Point,Transect,1,30 m,HFY,Labroides dimidiatus,10--15,1
14/02/2023,,,Fantom Island,Snapper Point,Transect,1,30 m,HFY,Anampses geographicus,10--15,1
14/02/2023,,,Fantom Island,Snapper Point,Transect,1,30 m,HFY,Scarus niger,15--20,1
14/02/2023,,,Fantom Island,Snapper Point,Transect,1,30 m,HFY,Scarus rivulatus,10--15,2
14/02/2023,,,Fantom Island,Snapper Point,Transect,1,30 m,HFY,Lutjanus vitta,15--20,50
14/02/2023,,,Fantom Island,Snapper Point,Transect,1,30 m,HFY,Chaetodon plebius,10--15,2
14/02/2023,,,Fantom Island,Snapper Point,Transect,1,30 m,HFY,Halichoeres melanurus,10--15,1
14/02/2023,,,Fantom Island,Snapper Point,Transect,1,30 m,HFY,Pomacanthus sexstriatus,25--30,1
14/02/2023,,,Fantom Island,Snapper Point,Transect,1,30 m,HFY,Chaetodon aureofasciatus,15--20,1
14/02/2023,,,Fantom Island,Snapper Point,Transect,1,30 m,HFY,Chaetodon lineolatus,10--15,1
14/02/2023,,,Fantom Island,Snapper Point,Transect,1,30 m,HFY,Chaetodon plebius,10--15,1
14/02/2023,,,Fantom Island,Snapper Point,Transect,2,20 m,HFY,Chaetodon aureofasciatus,10--15,12
14/02/2023,,,Fantom Island,Snapper Point,Transect,2,20 m,HFY,Chaetodon lineolatus,10--15,2
14/02/2023,,,Fantom Island,Snapper Point,Transect,2,20 m,HFY,Lutjanus vitta,20--25,4
14/02/2023,,,Fantom Island,Snapper Point,Transect,2,20 m,HFY,Chaetodon melannotus,10--15,1
14/02/2023,,,Fantom Island,Snapper Point,Transect,2,20 m,HFY,Stethojulis strigiventer,10--15,1
14/02/2023,,,Fantom Island,Snapper Point,Transect,2,20 m,HFY,Lutjanus carponotatus,20--25,4
14/02/2023,,,Fantom Island,Snapper Point,Transect,2,20 m,HFY,Scolopsis bilineata,15--20,1
14/02/2023,,,Fantom Island,Snapper Point,Transect,2,20 m,HFY,Chaetodon trifascialis,10--15,1
14/02/2023,,,Fantom Island,Snapper Point,Transect,2,20 m,HFY,Thalassoma hardwicke,10--15,1
14/02/2023,,,Fantom Island,Snapper Point,Transect,2,20 m,HFY,Labroides dimidiatus,10--15,1
14/02/2023,,,Fantom Island,Snapper Point,Transect,2,20 m,HFY,Hemigymnus melapterus,15--20,1
14/02/2023,,,Fantom Island,Snapper Point,Transect,2,20 m,HFY,Hemigymnus fasciatus,15--20,1
14/02/2023,,,Fantom Island,Snapper Point,Transect,2,20 m,HFY,Thalassoma lunare,10--15,2
14/02/2023,,,Fantom Island,Snapper Point,Transect,2,20 m,HFY,Pomacanthus sexstriatus,30--35,1
14/02/2023,,,Fantom Island,Snapper Point,Transect,2,20 m,HFY,Epibulus insidiator,20--25,1
14/02/2023,,,Fantom Island,Snapper Point,Transect,2,30 m,HFY,Chaetodon aureofasciatus,10--15,13
14/02/2023,,,Fantom Island,Snapper Point,Transect,2,30 m,HFY,Stethojulis strigiventer,10--15,1
14/02/2023,,,Fantom Island,Snapper Point,Transect,2,30 m,HFY,Lutjanus carponotatus,20--25,1
14/02/2023,,,Fantom Island,Snapper Point,Transect,2,30 m,HFY,Labroides dimidiatus,10--15,2
14/02/2023,,,Fantom Island,Snapper Point,Transect,2,30 m,HFY,Hemigymnus melapterus,15--20,1
14/02/2023,,,Fantom Island,Snapper Point,Transect,2,30 m,HFY,Chaetodon speculum,10--15,1
14/02/2023,,,Fantom Island,Snapper Point,Transect,2,30 m,HFY,Scarus rivulatus,25--30,1
14/02/2023,,,Fantom Island,Snapper Point,Transect,2,30 m,HFY,Scarus rivulatus,20--25,2
14/02/2023,,,Fantom Island,Snapper Point,Transect,2,30 m,HFY,Thalassoma lunare,15--20,2
14/02/2023,,,Fantom Island,Snapper Point,Transect,2,30 m,HFY,Cheilinus fasciatus,15--20,1
14/02/2023,,,Fantom Island,Snapper Point,Transect,2,30 m,HFY,Scarus niger,10--15,1
14/02/2023,,,Fantom Island,Snapper Point,Transect,2,30 m,HFY,Chaetodon melannotus,15--20,1
14/02/2023,,,Fantom Island,Snapper Point,Transect,2,30 m,HFY,Lutjanus carponotatus,25--30,1
14/02/2023,,,Fantom Island,Snapper Point,Point,1,Instant,HFY,Hemigymnus fasciatus,15--20,1
14/02/2023,,,Fantom Island,Snapper Point,Point,1,Instant,HFY,Hemigymnus melapterus,15--20,1
14/02/2023,,,Fantom Island,Snapper Point,Point,1,Instant,HFY,Chaetodon speculum,10--15,1
14/02/2023,,,Fantom Island,Snapper Point,Point,1,Instant,HFY,Scarus rivulatus,15--20,3
14/02/2023,,,Fantom Island,Snapper Point,Point,1,Instant,HFY,Scarus altipinnis,15--20,2
14/02/2023,,,Fantom Island,Snapper Point,Point,1,Instant,HFY,Lutjanus fulviflamma,20--25,3
14/02/2023,,,Fantom Island,Snapper Point,Point,1,Instant,HFY,Lutjanus carponotatus,20--25,1
14/02/2023,,,Fantom Island,Snapper Point,Point,1,Instant,HFY,Cephalopholis cyanostigma,20--25,1
14/02/2023,,,Fantom Island,Snapper Point,Point,1,10 min,HFY,Chaetodon speculum,10--15,1
14/02/2023,,,Fantom Island,Snapper Point,Point,1,10 min,HFY,Scarus rivulatus,15--20,10
14/02/2023,,,Fantom Island,Snapper Point,Point,1,10 min,HFY,Scarus altipinnis,15--20,1
14/02/2023,,,Fantom Island,Snapper Point,Point,1,10 min,HFY,Lutjanus fulviflamma,20--25,12
14/02/2023,,,Fantom Island,Snapper Point,Point,1,10 min,HFY,Heniochus diphreutes,20--25,2
14/02/2023,,,Fantom Island,Snapper Point,Point,1,10 min,HFY,Cephalopholis cyanostigma,20--25,1
14/02/2023,,,Fantom Island,Snapper Point,Point,1,10 min,HFY,Acanthurus sp,25--30,2
14/02/2023,,,Fantom Island,Snapper Point,Point,1,10 min,HFY,Cheilinus fasciatus,20--25,3
14/02/2023,,,Fantom Island,Snapper Point,Point,1,10 min,HFY,Choerodon anchorago,20--25,1
14/02/2023,,,Fantom Island,Snapper Point,Point,1,10 min,HFY,Siganus lineatus,25--30,1
14/02/2023,,,Fantom Island,Snapper Point,Point,1,10 min,HFY,Scarus flavipectoralis,25--30,1
14/02/2023,,,Fantom Island,Snapper Point,Point,1,10 min,HFY,Diagramma pictum,20--25,11
14/02/2023,,,Fantom Island,Snapper Point,Point,1,10 min,HFY,Scarus rivulatus,10--15,3
14/02/2023,,,Fantom Island,Snapper Point,Point,1,10 min,HFY,Scolopsis monogramma,15--20,1
14/02/2023,,,Fantom Island,Snapper Point,Point,1,10 min,HFY,Lutjanus vitta,15--20,1
14/02/2023,,,Fantom Island,Snapper Point,Point,1,10 min,HFY,Diploprion bifasciatum,15--20,1
14/02/2023,,,Fantom Island,Snapper Point,Point,1,10 min,HFY,Siganus doliatus,20--25,1
14/02/2023,,,Fantom Island,Snapper Point,Point,1,10 min,HFY,Thalassoma lunare,15--20,1
14/02/2023,,,Fantom Island,Snapper Point,Point,1,10 min,HFY,Thalassoma lunare,10--15,1
14/02/2023,,,Fantom Island,Snapper Point,Point,1,10 min,HFY,Chaetodon aureofasciatus,10--15,1
14/02/2023,,,Fantom Island,Snapper Point,Point,1,10 min,HFY,Cheilinus chlorurus,10--15,1
14/02/2023,,,Fantom Island,Snapper Point,Point,2,Instant,HFY,Chaetodon melannotus,10--15,1
14/02/2023,,,Fantom Island,Snapper Point,Point,2,Instant,HFY,Chaetodon rafflesi,10--15,1
14/02/2023,,,Fantom Island,Snapper Point,Point,2,Instant,HFY,Plectropomus maculatus,25--30,2
14/02/2023,,,Fantom Island,Snapper Point,Point,2,Instant,HFY,Diagramma pictum,25--30,3
14/02/2023,,,Fantom Island,Snapper Point,Point,2,Instant,HFY,Acanthurus sp,35--40,4
14/02/2023,,,Fantom Island,Snapper Point,Point,2,10 min,HFY,Halichoeres melanurus,10--15,2
14/02/2023,,,Fantom Island,Snapper Point,Point,2,10 min,HFY,Siganus lineatus,35--40,2
14/02/2023,,,Fantom Island,Snapper Point,Point,2,10 min,HFY,Lutjanus fulviflamma,25--30,10
14/02/2023,,,Fantom Island,Snapper Point,Point,2,10 min,HFY,Labroides dimidiatus,10--15,1
14/02/2023,,,Fantom Island,Snapper Point,Point,2,10 min,HFY,Platax teira,35--40,3
14/02/2023,,,Fantom Island,Snapper Point,Point,2,10 min,HFY,Chaetodon speculum,15--20,2
14/02/2023,,,Fantom Island,Snapper Point,Point,2,10 min,HFY,Lutjanus vitta,20--25,2
14/02/2023,,,Fantom Island,Snapper Point,Point,2,10 min,HFY,Lutjanus vitta,25--30,1
14/02/2023,,,Fantom Island,Snapper Point,Point,2,10 min,HFY,Chaetodon aureofasciatus,15--20,1
14/02/2023,,,Fantom Island,Snapper Point,Point,2,10 min,HFY,Scarus rivulatus,15--20,3
14/02/2023,,,Fantom Island,Snapper Point,Point,2,10 min,HFY,Chlorurus spilurus,15--20,1
14/02/2023,,,Fantom Island,Snapper Point,Point,2,10 min,HFY,Chelmon rostratus,15--20,2
14/02/2023,,,Fantom Island,Snapper Point,Point,2,10 min,HFY,Pomacanthus sexstriatus,40--45,2
14/02/2023,,,Fantom Island,Snapper Point,Point,2,10 min,HFY,Scarus schlegeli,15--20,1
14/02/2023,,,Fantom Island,Snapper Point,Point,2,10 min,HFY,Lutjanus carponotatus,25--30,2
14/02/2023,,,Fantom Island,Snapper Point,Point,2,10 min,HFY,Scolopsis bilineata,15--20,1
14/02/2023,,,Fantom Island,Snapper Point,Point,2,10 min,HFY,Scarus niger,20--25,1
14/02/2023,,,Fantom Island,Snapper Point,Point,2,10 min,HFY,Cheilinus fasciatus,15--20,1
14/02/2023,,,Fantom Island,Snapper Point,Point,2,10 min,HFY,Chaetodon plebius,10--15,2
14/02/2023,,,Fantom Island,Snapper Point,Point,2,10 min,HFY,Siganus doliatus,20--25,2
14/02/2023,,,Fantom Island,Snapper Point,Point,2,10 min,HFY,Chaetodon rainfordi,15--20,1
14/02/2023,,,Fantom Island,Snapper Point,Point,2,10 min,HFY,Cephalopholis cyanostigma,20--25,1
14/02/2023,,,Fantom Island,Snapper Point,Transect,3,20 m,HFY,Plectrohynchus lineatus,55--60,1
14/02/2023,,,Fantom Island,Snapper Point,Transect,3,20 m,HFY,Scolopsis bilineata,20--25,2
14/02/2023,,,Fantom Island,Snapper Point,Transect,3,20 m,HFY,Epibulus insidiator,15--20,1
14/02/2023,,,Fantom Island,Snapper Point,Transect,3,20 m,HFY,Thalassoma lunare,15--20,2
14/02/2023,,,Fantom Island,Snapper Point,Transect,3,20 m,HFY,Chaetodon melannotus,10--15,1
14/02/2023,,,Fantom Island,Snapper Point,Transect,3,20 m,HFY,Halichoeres melanurus,10--15,3
14/02/2023,,,Fantom Island,Snapper Point,Transect,3,20 m,HFY,Siganus lineatus,15--20,1
14/02/2023,,,Fantom Island,Snapper Point,Transect,3,20 m,HFY,Chaetodon aureofasciatus,10--15,16
14/02/2023,,,Fantom Island,Snapper Point,Transect,3,20 m,HFY,Lutjanus vitta,20--25,9
14/02/2023,,,Fantom Island,Snapper Point,Transect,3,20 m,HFY,Thalassoma hardwicke,10--15,1
14/02/2023,,,Fantom Island,Snapper Point,Transect,3,20 m,HFY,Hemigymnus melapterus,15--20,1
14/02/2023,,,Fantom Island,Snapper Point,Transect,3,20 m,HFY,Scarus rivulatus,25--30,1
14/02/2023,,,Fantom Island,Snapper Point,Transect,3,20 m,HFY,Kyphosis cinerascens,20--25,1
14/02/2023,,,Fantom Island,Snapper Point,Transect,3,20 m,HFY,Scarus flavipectoralis,30--35,1
14/02/2023,,,Fantom Island,Snapper Point,Transect,3,30 m,HFY,Halichoeres melanurus,10--15,2
14/02/2023,,,Fantom Island,Snapper Point,Transect,3,30 m,HFY,Chaetodon aureofasciatus,10--15,10
14/02/2023,,,Fantom Island,Snapper Point,Transect,3,30 m,HFY,Lutjanus vitta,20--25,44
14/02/2023,,,Fantom Island,Snapper Point,Transect,3,30 m,HFY,Scolopsis lineata,20--25,5
14/02/2023,,,Fantom Island,Snapper Point,Transect,3,30 m,HFY,Chaetodon speculum,10--15,2
14/02/2023,,,Fantom Island,Snapper Point,Transect,3,30 m,HFY,Scarus niger,10--15,1
14/02/2023,,,Fantom Island,Snapper Point,Transect,3,30 m,HFY,Cheilinus fasciatus,15--20,1
14/02/2023,,,Fantom Island,Snapper Point,Transect,3,30 m,HFY,Platax teira,20--25,1
14/02/2023,,,Fantom Island,Snapper Point,Transect,3,30 m,HFY,Cheilinus chlorurus,10--15,3
14/02/2023,,,Fantom Island,Snapper Point,Transect,3,30 m,HFY,Pomacanthus sexstriatus,20--25,1
14/02/2023,,,Fantom Island,Snapper Point,Transect,3,30 m,HFY,Lutjanus carponotatus,20--25,2
14/02/2023,,,Fantom Island,Snapper Point,Transect,3,30 m,HFY,Scarus rivulatus,15--20,1
14/02/2023,,,Fantom Island,Snapper Point,Transect,3,30 m,HFY,Halichoeres marginatus,10--15,1
14/02/2023,,,Fantom Island,Snapper Point,Transect,3,30 m,HFY,Chaetodon lineolatus,10--15,1
14/02/2023,,,Fantom Island,Snapper Point,Transect,3,30 m,HFY,Thalassoma hardwicke,10--15,1
14/02/2023,,,Fantom Island,Snapper Point,Transect,4,20 m,HFY,Chaetodon aureofasciatus,10--15,4
14/02/2023,,,Fantom Island,Snapper Point,Transect,4,20 m,HFY,Scolopsis lineata,15--20,2
14/02/2023,,,Fantom Island,Snapper Point,Transect,4,20 m,HFY,Plectrohynchus lineatus,35--40,1
14/02/2023,,,Fantom Island,Snapper Point,Transect,4,20 m,HFY,Stethojulis strigiventer,10--15,1
14/02/2023,,,Fantom Island,Snapper Point,Transect,4,20 m,HFY,Scarus rivulatus,10--15,4
14/02/2023,,,Fantom Island,Snapper Point,Transect,4,20 m,HFY,Halichoeres melanurus,10--15,4
14/02/2023,,,Fantom Island,Snapper Point,Transect,4,20 m,HFY,Hemigymnus melapterus,10--15,2
14/02/2023,,,Fantom Island,Snapper Point,Transect,4,20 m,HFY,Thalassoma lunare,10--15,1
14/02/2023,,,Fantom Island,Snapper Point,Transect,4,20 m,HFY,Labroides dimidiatus,10--15,1
14/02/2023,,,Fantom Island,Snapper Point,Transect,4,20 m,HFY,Siganus doliatus,25--30,3
14/02/2023,,,Fantom Island,Snapper Point,Transect,4,20 m,HFY,Scarus rivulatus,30--35,1
14/02/2023,,,Fantom Island,Snapper Point,Transect,4,20 m,HFY,Chaetodon lineolatus,15--20,1
14/02/2023,,,Fantom Island,Snapper Point,Transect,4,20 m,HFY,Cetoscarus ocellatus,15--20,1
14/02/2023,,,Fantom Island,Snapper Point,Transect,4,20 m,HFY,Scarus niger,10--15,3
14/02/2023,,,Fantom Island,Snapper Point,Transect,4,20 m,HFY,Scarus niger,15--20,2
14/02/2023,,,Fantom Island,Snapper Point,Transect,4,20 m,HFY,Thalassoma hardwicke,10--15,1
14/02/2023,,,Fantom Island,Snapper Point,Transect,4,30 m,HFY,Chaetodon aureofasciatus,10--15,13
14/02/2023,,,Fantom Island,Snapper Point,Transect,4,30 m,HFY,Scolopsis lineata,15--20,4
14/02/2023,,,Fantom Island,Snapper Point,Transect,4,30 m,HFY,Scarus rivulatus,10--15,10
14/02/2023,,,Fantom Island,Snapper Point,Transect,4,30 m,HFY,Halichoeres melanurus,10--15,4
14/02/2023,,,Fantom Island,Snapper Point,Transect,4,30 m,HFY,Scarus rivulatus,30--35,3
14/02/2023,,,Fantom Island,Snapper Point,Transect,4,30 m,HFY,Thalassoma hardwicke,10--15,2
14/02/2023,,,Fantom Island,Snapper Point,Transect,4,30 m,HFY,Chlorurus spilurus,25--30,1
14/02/2023,,,Fantom Island,Snapper Point,Transect,4,30 m,HFY,Chaetodon lineolatus,10--15,1
14/02/2023,,,Fantom Island,Snapper Point,Transect,4,30 m,HFY,Chlorurus spilurus,15--20,1
14/02/2023,,,Fantom Island,Snapper Point,Transect,4,30 m,HFY,Anampses neoguinaicus,15--20,1
14/02/2023,,,Fantom Island,Snapper Point,Transect,4,30 m,HFY,Chaetodon plebius,10--15,1
14/02/2023,,,Fantom Island,Snapper Point,Transect,4,30 m,HFY,Cheilinus fasciatus,15--20,1
14/02/2023,,,Fantom Island,Snapper Point,Transect,4,30 m,HFY,Pomacanthus sexstriatus,45--50,2
14/02/2023,,,Fantom Island,Snapper Point,Point,3,Instant,HFY,Scarus rivulatus,15--20,3
14/02/2023,,,Fantom Island,Snapper Point,Point,3,Instant,HFY,Scarus rivulatus,25--30,1
14/02/2023,,,Fantom Island,Snapper Point,Point,3,Instant,HFY,Chaetodon melannotus,10--15,4
14/02/2023,,,Fantom Island,Snapper Point,Point,3,Instant,HFY,Lutjanus carponotatus,30--35,1
14/02/2023,,,Fantom Island,Snapper Point,Point,3,Instant,HFY,Pomacanthus sexstriatus,30--35,1
14/02/2023,,,Fantom Island,Snapper Point,Point,3,10 min,HFY,Scarus rivulatus,15--20,8
14/02/2023,,,Fantom Island,Snapper Point,Point,3,10 min,HFY,Scarus rivulatus,25--30,1
14/02/2023,,,Fantom Island,Snapper Point,Point,3,10 min,HFY,Lutjanus carponotatus,30--35,1
14/02/2023,,,Fantom Island,Snapper Point,Point,3,10 min,HFY,Thalassoma lunare,15--20,2
14/02/2023,,,Fantom Island,Snapper Point,Point,3,10 min,HFY,Chaetodon rainfordi,10--15,2
14/02/2023,,,Fantom Island,Snapper Point,Point,3,10 min,HFY,Chaetodon aureofasciatus,10--15,5
14/02/2023,,,Fantom Island,Snapper Point,Point,3,10 min,HFY,Hemigymnus melapterus,15--20,1
14/02/2023,,,Fantom Island,Snapper Point,Point,3,10 min,HFY,Scolopsis bilineata,15--20,1
14/02/2023,,,Fantom Island,Snapper Point,Point,3,10 min,HFY,Scolopsis bilineata,10--15,1
14/02/2023,,,Fantom Island,Snapper Point,Point,3,10 min,HFY,Thalassoma hardwicke,10--15,1
14/02/2023,,,Fantom Island,Snapper Point,Point,3,10 min,HFY,Epibulus insidiator,15--20,1
14/02/2023,,,Fantom Island,Snapper Point,Point,3,10 min,HFY,Scolopsis bilineata,25--30,1
14/02/2023,,,Fantom Island,Snapper Point,Point,3,10 min,HFY,Halichoeres melanurus,10--15,3
14/02/2023,,,Fantom Island,Snapper Point,Point,3,10 min,HFY,Chaetodon speculum,10--15,1
14/02/2023,,,Fantom Island,Snapper Point,Point,3,10 min,HFY,Scarus niger,15--20,1
14/02/2023,,,Fantom Island,Snapper Point,Point,3,10 min,HFY,Cheilinus fasciatus,15--20,1
14/02/2023,,,Fantom Island,Snapper Point,Point,3,10 min,HFY,Chaetodon rafflesi,15--20,2
14/02/2023,,,Fantom Island,Snapper Point,Point,3,10 min,HFY,Siganus doliatus,20--25,1
14/02/2023,,,Fantom Island,Snapper Point,Point,3,10 min,HFY,Thalassoma lunare,10--15,1
14/02/2023,,,Fantom Island,Snapper Point,Point,3,10 min,HFY,Labroides dimidiatus,10--15,2
14/02/2023,,,Fantom Island,Snapper Point,Point,4,Instant,HFY,Chlorurus spilurus,15--20,1
14/02/2023,,,Fantom Island,Snapper Point,Point,4,Instant,HFY,Scolopsis lineata,15--20,1
14/02/2023,,,Fantom Island,Snapper Point,Point,4,Instant,HFY,Scarus rivulatus,10--15,1
14/02/2023,,,Fantom Island,Snapper Point,Point,4,Instant,HFY,Chaetodon melannotus,10--15,1
14/02/2023,,,Fantom Island,Snapper Point,Point,4,10 min,HFY,Thalassoma hardwicke,15--20,1
14/02/2023,,,Fantom Island,Snapper Point,Point,4,10 min,HFY,Chlorurus spilurus,15--20,2
14/02/2023,,,Fantom Island,Snapper Point,Point,4,10 min,HFY,Scolopsis lineata,15--20,1
14/02/2023,,,Fantom Island,Snapper Point,Point,4,10 min,HFY,Scarus rivulatus,10--15,16
14/02/2023,,,Fantom Island,Snapper Point,Point,4,10 min,HFY,Oxycheilinus diagramma,15--20,1
14/02/2023,,,Fantom Island,Snapper Point,Point,4,10 min,HFY,Scarus niger,10--15,3
14/02/2023,,,Fantom Island,Snapper Point,Point,4,10 min,HFY,Hemigymnus melapterus,15--20,1
14/02/2023,,,Fantom Island,Snapper Point,Point,4,10 min,HFY,Labroides dimidiatus,10--15,2
14/02/2023,,,Fantom Island,Snapper Point,Point,4,10 min,HFY,Thalassoma hardwicke,10--15,2
14/02/2023,,,Fantom Island,Snapper Point,Point,4,10 min,HFY,Chaetodon aureofasciatus,10--15,3
14/02/2023,,,Fantom Island,Snapper Point,Point,4,10 min,HFY,Hemigymnus melapterus,10--15,1
14/02/2023,,,Fantom Island,Snapper Point,Point,4,10 min,HFY,Cheilinus chlorurus,10--15,1
14/02/2023,,,Fantom Island,Snapper Point,Point,4,10 min,HFY,Chaetodon plebius,10--15,2
14/02/2023,,,Fantom Island,Snapper Point,Point,4,10 min,HFY,Scolopsis bilineata,15--20,1
14/02/2023,,,Fantom Island,Snapper Point,Point,4,10 min,HFY,Scarus rivulatus,20--25,1
14/02/2023,,,Fantom Island,Snapper Point,Point,4,10 min,HFY,Chaetodon rafflesi,15--20,1
14/02/2023,,,Fantom Island,Snapper Point,Point,4,10 min,HFY,Scarus rivulatus,35--40,1
14/02/2023,,,Fantom Island,Snapper Point,Point,4,10 min,HFY,Scolopsis bilineata,10--15,1
14/02/2023,,,Fantom Island,Snapper Point,Point,4,10 min,HFY,Chlorurus spilurus,25--30,2
14/02/2023,,,Fantom Island,Snapper Point,Point,4,10 min,HFY,Scarus niger,15--20,4
14/02/2023,,,Fantom Island,Snapper Point,Point,4,10 min,HFY,Plectropomus maculatus,30--35,1
14/02/2023,,,Fantom Island,Snapper Point,Point,1,Instant,ACS,Lutjanus vitta,20--25,3
14/02/2023,,,Fantom Island,Snapper Point,Point,1,Instant,ACS,Chlorurus spilurus,25--30,1
14/02/2023,,,Fantom Island,Snapper Point,Point,1,Instant,ACS,Scarus rivulatus,20--25,27
14/02/2023,,,Fantom Island,Snapper Point,Point,1,Instant,ACS,Chaetodon aureofasciatus,10--15,1
14/02/2023,,,Fantom Island,Snapper Point,Point,1,Instant,ACS,Scarus ghobban,15--20,1
14/02/2023,,,Fantom Island,Snapper Point,Point,1,10 min,ACS,Lutjanus vitta,20--25,3
14/02/2023,,,Fantom Island,Snapper Point,Point,1,10 min,ACS,Chlorurus spilurus,25--30,1
14/02/2023,,,Fantom Island,Snapper Point,Point,1,10 min,ACS,Scarus rivulatus,30--35,2
14/02/2023,,,Fantom Island,Snapper Point,Point,1,10 min,ACS,Lutjanus vitta,15--20,9
14/02/2023,,,Fantom Island,Snapper Point,Point,1,10 min,ACS,Epibulus insidiator,25--30,2
14/02/2023,,,Fantom Island,Snapper Point,Point,1,10 min,ACS,Halichoeres melanurus,10--15,2
14/02/2023,,,Fantom Island,Snapper Point,Point,1,10 min,ACS,Labrichthyes unilineatus,15--20,1
14/02/2023,,,Fantom Island,Snapper Point,Point,1,10 min,ACS,Scarus rivulatus,20--25,14
14/02/2023,,,Fantom Island,Snapper Point,Point,1,10 min,ACS,Chaetodon rafflesi,10--15,1
14/02/2023,,,Fantom Island,Snapper Point,Point,1,10 min,ACS,Hemigymnus melapterus,15--20,1
14/02/2023,,,Fantom Island,Snapper Point,Point,1,10 min,ACS,Halichoeres melanurus,10--15,1
14/02/2023,,,Fantom Island,Snapper Point,Point,1,10 min,ACS,Chaetodon aureofasciatus,10--15,1
14/02/2023,,,Fantom Island,Snapper Point,Point,1,10 min,ACS,Chaetodon melannotus,15--20,1
14/02/2023,,,Fantom Island,Snapper Point,Point,1,10 min,ACS,Scarus ghobban,15--20,2
14/02/2023,,,Fantom Island,Snapper Point,Point,2,Instant,ACS,Plectropomus leopardus,30--35,1
14/02/2023,,,Fantom Island,Snapper Point,Point,2,Instant,ACS,Lutjanus carponotatus,30--35,1
14/02/2023,,,Fantom Island,Snapper Point,Point,2,Instant,ACS,Scarus rivulatus,10--15,7
14/02/2023,,,Fantom Island,Snapper Point,Point,2,Instant,ACS,Scarus rivulatus,15--20,12
14/02/2023,,,Fantom Island,Snapper Point,Point,2,Instant,ACS,Cheilinus trilobatus,25--30,1
14/02/2023,,,Fantom Island,Snapper Point,Point,2,10 min,ACS,Labrichthyes unilineatus,10--15,1
14/02/2023,,,Fantom Island,Snapper Point,Point,2,10 min,ACS,Lutjanus carponotatus,25--30,3
14/02/2023,,,Fantom Island,Snapper Point,Point,2,10 min,ACS,Scarus rivulatus,20--25,4
14/02/2023,,,Fantom Island,Snapper Point,Point,2,10 min,ACS,Lutjanus vitta,15--20,2
14/02/2023,,,Fantom Island,Snapper Point,Point,2,10 min,ACS,Scarus rivulatus,15--20,26
14/02/2023,,,Fantom Island,Snapper Point,Point,2,10 min,ACS,Chaetodon aureofasciatus,15--20,1
14/02/2023,,,Fantom Island,Snapper Point,Point,2,10 min,ACS,Chaetodon melannotus,10--15,1
14/02/2023,,,Fantom Island,Snapper Point,Point,2,10 min,ACS,Siganus puellus,15--20,1
14/02/2023,,,Fantom Island,Snapper Point,Point,2,10 min,ACS,Siganus doliatus,15--20,2
14/02/2023,,,Fantom Island,Snapper Point,Point,2,10 min,ACS,Chlorurus spilurus,20--25,1
14/02/2023,,,Fantom Island,Snapper Point,Point,2,10 min,ACS,Thalassoma hardwicke,15--20,1
14/02/2023,,,Fantom Island,Snapper Point,Point,2,10 min,ACS,Choerodon graphicus,20--25,1
14/02/2023,,,Fantom Island,Snapper Point,Point,2,10 min,ACS,Acanthurus sp,15--20,2
14/02/2023,,,Fantom Island,Snapper Point,Point,2,10 min,ACS,Chaetodon melannotus,10--15,1
14/02/2023,,,Fantom Island,Snapper Point,Point,2,10 min,ACS,Scarus frenatus,20--25,1
14/02/2023,,,Fantom Island,Snapper Point,Point,2,10 min,ACS,Heniochus diphreutes,15--20,1
14/02/2023,,,Fantom Island,Snapper Point,Point,2,10 min,ACS,Acanthurus nigricauda,15--20,5
14/02/2023,,,Fantom Island,Snapper Point,Point,2,10 min,ACS,Scarus schlegeli,20--25,1
14/02/2023,,,Fantom Island,Snapper Point,Point,2,10 min,ACS,Lutjanus fulviflamma,15--20,1
14/02/2023,,,Fantom Island,Snapper Point,Point,3,Instant,ACS,Scarus rivulatus,15--20,3
14/02/2023,,,Fantom Island,Snapper Point,Point,3,Instant,ACS,Thalassoma lunare,10--15,1
14/02/2023,,,Fantom Island,Snapper Point,Point,3,Instant,ACS,Chaetodon speculum,10--15,1
14/02/2023,,,Fantom Island,Snapper Point,Point,3,Instant,ACS,Chlorurus spilurus,15--20,1
14/02/2023,,,Fantom Island,Snapper Point,Point,3,10 min,ACS,Scarus rivulatus,15--20,1
14/02/2023,,,Fantom Island,Snapper Point,Point,3,10 min,ACS,Chaetodon speculum,10--15,1
14/02/2023,,,Fantom Island,Snapper Point,Point,3,10 min,ACS,Scarus rivulatus,10--15,7
14/02/2023,,,Fantom Island,Snapper Point,Point,3,10 min,ACS,Thalassoma lunare,10--15,2
14/02/2023,,,Fantom Island,Snapper Point,Point,3,10 min,ACS,Oxycheilinus diagramma,10--15,1
14/02/2023,,,Fantom Island,Snapper Point,Point,3,10 min,ACS,Scolopsis lineata,20--25,3
14/02/2023,,,Fantom Island,Snapper Point,Point,3,10 min,ACS,Thalassoma hardwicke,10--15,1
14/02/2023,,,Fantom Island,Snapper Point,Point,3,10 min,ACS,Chaetodon rainfordi,10--15,1
14/02/2023,,,Fantom Island,Snapper Point,Point,3,10 min,ACS,Siganus doliatus,10--15,2
14/02/2023,,,Fantom Island,Snapper Point,Point,3,10 min,ACS,Lutjanus carponotatus,25--30,1
14/02/2023,,,Fantom Island,Snapper Point,Point,3,10 min,ACS,Chaetodon aureofasciatus,10--15,2
14/02/2023,,,Fantom Island,Snapper Point,Point,3,10 min,ACS,Lutjanus carponotatus,15--20,1
14/02/2023,,,Fantom Island,Snapper Point,Point,3,10 min,ACS,Cephalopholis cyanostigma,10--15,1
14/02/2023,,,Fantom Island,Snapper Point,Point,3,10 min,ACS,Cheilinus chlorurus,10--15,1
14/02/2023,,,Fantom Island,Snapper Point,Point,3,10 min,ACS,Chlorurus spilurus,20--25,1
14/02/2023,,,Fantom Island,Snapper Point,Point,3,10 min,ACS,Epibulus insidiator,20--25,1
14/02/2023,,,Fantom Island,Snapper Point,Point,4,Instant,ACS,Scarus ghobban,15--20,1
14/02/2023,,,Fantom Island,Snapper Point,Point,4,Instant,ACS,Hemigymnus melapterus,15--20,1
14/02/2023,,,Fantom Island,Snapper Point,Point,4,Instant,ACS,Scolopsis bilineata,15--20,1
14/02/2023,,,Fantom Island,Snapper Point,Point,4,Instant,ACS,Thalassoma hardwicke,10--15,1
14/02/2023,,,Fantom Island,Snapper Point,Point,4,Instant,ACS,Scolopsis lineata,15--20,6
14/02/2023,,,Fantom Island,Snapper Point,Point,4,10 min,ACS,Scolopsis lineata,15--20,10
14/02/2023,,,Fantom Island,Snapper Point,Point,4,10 min,ACS,Chaetodon speculum,10--15,1
14/02/2023,,,Fantom Island,Snapper Point,Point,4,10 min,ACS,Chaetodon aureofasciatus,10--15,2
14/02/2023,,,Fantom Island,Snapper Point,Point,4,10 min,ACS,Scolopsis bilineata,15--20,1
14/02/2023,,,Fantom Island,Snapper Point,Point,4,10 min,ACS,Labrichthyes unilineatus,15--20,1
14/02/2023,,,Fantom Island,Snapper Point,Point,4,10 min,ACS,Cheilinus chlorurus,10--15,1
14/02/2023,,,Fantom Island,Snapper Point,Point,4,10 min,ACS,Lutjanus vitta,20--25,1
14/02/2023,,,Fantom Island,Snapper Point,Point,4,10 min,ACS,Chaetodon melannotus,10--15,1
14/02/2023,,,Fantom Island,Snapper Point,Point,4,10 min,ACS,Chaetodon lunulatus,10--15,2
14/02/2023,,,Fantom Island,Snapper Point,Point,4,10 min,ACS,Thalassoma hardwicke,10--15,1
14/02/2023,,,Fantom Island,Snapper Point,Point,4,10 min,ACS,Hemigymnus melapterus,15--20,1
14/02/2023,,,Fantom Island,Snapper Point,Point,4,10 min,ACS,Siganus punctatus,15--20,1
15/02/2023,,,Orpheus Island,Pioneer Bay,Point,4,Instant,SKC,Heniochus acuminatus,15--20,1
15/02/2023,,,Orpheus Island,Pioneer Bay,Point,4,Instant,SKC,Choerodon schoenleinii,20--25,1
15/02/2023,,,Orpheus Island,Pioneer Bay,Point,4,Instant,SKC,Siganus doliatus,10--15,1
15/02/2023,,,Orpheus Island,Pioneer Bay,Point,4,Instant,SKC,Scolopsis margaritifera,15--20,5
15/02/2023,,,Orpheus Island,Pioneer Bay,Point,4,10 min,SKC,Heniochus acuminatus,15--20,1
15/02/2023,,,Orpheus Island,Pioneer Bay,Point,4,10 min,SKC,Scolopsis margaritifera,15--20,15
15/02/2023,,,Orpheus Island,Pioneer Bay,Point,4,10 min,SKC,Chlorurus microrhinus,30--35,1
15/02/2023,,,Orpheus Island,Pioneer Bay,Point,4,10 min,SKC,Scarus niger,35--40,1
15/02/2023,,,Orpheus Island,Pioneer Bay,Point,4,10 min,SKC,Scarus niger,25--30,1
15/02/2023,,,Orpheus Island,Pioneer Bay,Point,4,10 min,SKC,Siganus doliatus,15--20,8
15/02/2023,,,Orpheus Island,Pioneer Bay,Point,4,10 min,SKC,Chaetodon aureofasciatus,10--15,3
15/02/2023,,,Orpheus Island,Pioneer Bay,Point,4,10 min,SKC,Hemigymnus melapterus,20--25,1
15/02/2023,,,Orpheus Island,Pioneer Bay,Point,4,10 min,SKC,Scarus rivulatus,10--15,2
15/02/2023,,,Orpheus Island,Pioneer Bay,Point,4,10 min,SKC,Scarus rivulatus,15--20,9
15/02/2023,,,Orpheus Island,Pioneer Bay,Point,4,10 min,SKC,Scarus rivulatus,20--25,2
15/02/2023,,,Orpheus Island,Pioneer Bay,Point,4,10 min,SKC,Chelmon rostratus,10--15,1
15/02/2023,,,Orpheus Island,Pioneer Bay,Point,4,10 min,SKC,Chelmon rostratus,15--20,1
15/02/2023,,,Orpheus Island,Pioneer Bay,Point,4,10 min,SKC,Cheilinus fasciatus,15--20,1
15/02/2023,,,Orpheus Island,Pioneer Bay,Point,4,10 min,SKC,Acanthurus sp,15--20,1
15/02/2023,,,Orpheus Island,Pioneer Bay,Point,4,10 min,SKC,Scarus dimidiatus,20--25,1
15/02/2023,,,Orpheus Island,Pioneer Bay,Point,4,10 min,SKC,Scarus chameleon,15--20,1
15/02/2023,,,Orpheus Island,Pioneer Bay,Point,4,10 min,SKC,Chlorurus bleekeri,20--25,1
15/02/2023,,,Orpheus Island,Pioneer Bay,Point,4,10 min,SKC,Cheilinus trilobatus,15--20,1
15/02/2023,,,Orpheus Island,Pioneer Bay,Point,4,10 min,SKC,Choerodon fasciatus,20--25,1
15/02/2023,,,Orpheus Island,Pioneer Bay,Point,4,10 min,SKC,Choerodon schoenleinii,25--30,1
15/02/2023,,,Orpheus Island,Pioneer Bay,Point,4,10 min,SKC,Scarus schlegeli,20--25,1
15/02/2023,,,Orpheus Island,Pioneer Bay,Point,4,10 min,SKC,Pomacanthus sexstriatus,15--20,1
15/02/2023,,,Orpheus Island,Pioneer Bay,Point,4,10 min,SKC,Pomacanthus sexstriatus,30--35,1
15/02/2023,,,Orpheus Island,Pioneer Bay,Point,4,10 min,SKC,Hemigymnus melapterus,20--25,1
15/02/2023,,,Orpheus Island,Pioneer Bay,Transect,1,20 m,SKC,Scarus rivulatus,10--15,11
15/02/2023,,,Orpheus Island,Pioneer Bay,Transect,1,20 m,SKC,Scarus rivulatus,15--20,5
15/02/2023,,,Orpheus Island,Pioneer Bay,Transect,1,20 m,SKC,Siganus doliatus,10--15,3
15/02/2023,,,Orpheus Island,Pioneer Bay,Transect,1,20 m,SKC,Siganus doliatus,15--20,6
15/02/2023,,,Orpheus Island,Pioneer Bay,Transect,1,20 m,SKC,Cephalopholis cyanostigma,10--15,1
15/02/2023,,,Orpheus Island,Pioneer Bay,Transect,1,20 m,SKC,Scolopsis bilineata,10--15,2
15/02/2023,,,Orpheus Island,Pioneer Bay,Transect,1,20 m,SKC,Scarus rivulatus,20--25,1
15/02/2023,,,Orpheus Island,Pioneer Bay,Transect,1,20 m,SKC,Scolopsis margaritifera,15--20,4
15/02/2023,,,Orpheus Island,Pioneer Bay,Transect,1,20 m,SKC,Cheilinus fasciatus,10--15,1
15/02/2023,,,Orpheus Island,Pioneer Bay,Transect,1,20 m,SKC,Hemigymnus melapterus,10--15,1
15/02/2023,,,Orpheus Island,Pioneer Bay,Transect,1,20 m,SKC,Thalassoma lunare,10--15,1
15/02/2023,,,Orpheus Island,Pioneer Bay,Transect,1,20 m,SKC,Hipposcarus longiceps,10--15,1
15/02/2023,,,Orpheus Island,Pioneer Bay,Transect,1,30 m,SKC,Scarus rivulatus,10--15,2
15/02/2023,,,Orpheus Island,Pioneer Bay,Transect,1,30 m,SKC,Scarus rivulatus,15--20,6
15/02/2023,,,Orpheus Island,Pioneer Bay,Transect,1,30 m,SKC,Siganus doliatus,15--20,2
15/02/2023,,,Orpheus Island,Pioneer Bay,Transect,1,30 m,SKC,Scolopsis bilineata,10--15,1
15/02/2023,,,Orpheus Island,Pioneer Bay,Transect,1,30 m,SKC,Scolopsis margaritifera,15--20,1
15/02/2023,,,Orpheus Island,Pioneer Bay,Transect,1,30 m,SKC,Hipposcarus longiceps,10--15,2
15/02/2023,,,Orpheus Island,Pioneer Bay,Transect,1,30 m,SKC,Chlorurus spilurus,10--15,1
15/02/2023,,,Orpheus Island,Pioneer Bay,Transect,1,30 m,SKC,Pomacanthus sexstriatus,25--30,1
15/02/2023,,,Orpheus Island,Pioneer Bay,Transect,1,30 m,SKC,Cheilinus fasciatus,15--20,1
15/02/2023,,,Orpheus Island,Pioneer Bay,Transect,1,30 m,SKC,Hipposcarus longiceps,20--25,2
15/02/2023,,,Orpheus Island,Pioneer Bay,Transect,1,30 m,SKC,Siganus corallinus,15--20,2
15/02/2023,,,Orpheus Island,Pioneer Bay,Transect,1,30 m,SKC,Siganus vulpinus,15--20,2
15/02/2023,,,Orpheus Island,Pioneer Bay,Transect,1,30 m,SKC,Lethrinus nebulosus,20--25,1
15/02/2023,,,Orpheus Island,Pioneer Bay,Transect,1,30 m,SKC,Chlorurus microrhinus,30--35,1
15/02/2023,,,Orpheus Island,Pioneer Bay,Transect,1,30 m,SKC,Acanthurus sp,15--20,3
15/02/2023,,,Orpheus Island,Pioneer Bay,Transect,1,30 m,SKC,Choerodon fasciatus,15--20,1
15/02/2023,,,Orpheus Island,Pioneer Bay,Transect,1,30 m,SKC,Scarus schlegeli,25--30,1
15/02/2023,,,Orpheus Island,Pioneer Bay,Transect,1,30 m,SKC,Plectropomus maculatus,25--30,2
15/02/2023,,,Orpheus Island,Pioneer Bay,Transect,1,30 m,SKC,Epibulus insidiator,20--25,1
15/02/2023,,,Orpheus Island,Pioneer Bay,Transect,1,30 m,SKC,Chelmon rostratus,10--15,2
15/02/2023,,,Orpheus Island,Pioneer Bay,Transect,1,30 m,SKC,Chaetodon auriga,10--15,1
15/02/2023,,,Orpheus Island,Pioneer Bay,Transect,2,20 m,SKC,Plectropomus leopardus,35--40,1
15/02/2023,,,Orpheus Island,Pioneer Bay,Transect,2,20 m,SKC,Scarus altipinnis,20--25,1
15/02/2023,,,Orpheus Island,Pioneer Bay,Transect,2,20 m,SKC,Naso unicornis,30--35,1
15/02/2023,,,Orpheus Island,Pioneer Bay,Transect,2,20 m,SKC,Acanthurus sp,15--20,3
15/02/2023,,,Orpheus Island,Pioneer Bay,Transect,2,20 m,SKC,Pomacanthus sexstriatus,25--30,1
15/02/2023,,,Orpheus Island,Pioneer Bay,Transect,2,20 m,SKC,Scarus rivulatus,10--15,20
15/02/2023,,,Orpheus Island,Pioneer Bay,Transect,2,20 m,SKC,Lutjanus carponotatus,15--20,3
15/02/2023,,,Orpheus Island,Pioneer Bay,Transect,2,20 m,SKC,Kyphosus vaigiensis,25--30,2
15/02/2023,,,Orpheus Island,Pioneer Bay,Transect,2,20 m,SKC,Siganus lineatus,20--25,12
15/02/2023,,,Orpheus Island,Pioneer Bay,Transect,2,20 m,SKC,Choerodon fasciatus,25--30,1
15/02/2023,,,Orpheus Island,Pioneer Bay,Transect,2,20 m,SKC,Chaetodon auriga,10--15,2
15/02/2023,,,Orpheus Island,Pioneer Bay,Transect,2,20 m,SKC,Anyperodon leucogrammicus,30--35,1
15/02/2023,,,Orpheus Island,Pioneer Bay,Transect,2,20 m,SKC,Cephalopholis cyanostigma,20--25,1
15/02/2023,,,Orpheus Island,Pioneer Bay,Transect,2,20 m,SKC,Oxycheilinus diagramma,20--25,1
15/02/2023,,,Orpheus Island,Pioneer Bay,Transect,2,20 m,SKC,Siganus doliatus,15--20,19
15/02/2023,,,Orpheus Island,Pioneer Bay,Transect,2,20 m,SKC,Thalassoma lunare,10--15,1
15/02/2023,,,Orpheus Island,Pioneer Bay,Transect,2,20 m,SKC,Choerodon fasciatus,10--15,2
15/02/2023,,,Orpheus Island,Pioneer Bay,Transect,2,20 m,SKC,Chaetodon aureofasciatus,10--15,1
15/02/2023,,,Orpheus Island,Pioneer Bay,Transect,2,30 m,SKC,Scarus rivulatus,10--15,1
15/02/2023,,,Orpheus Island,Pioneer Bay,Transect,2,30 m,SKC,Lutjanus carponotatus,15--20,3
15/02/2023,,,Orpheus Island,Pioneer Bay,Transect,2,30 m,SKC,Kyphosus vaigiensis,25--30,3
15/02/2023,,,Orpheus Island,Pioneer Bay,Transect,2,30 m,SKC,Thalassoma lunare,10--15,3
15/02/2023,,,Orpheus Island,Pioneer Bay,Transect,2,30 m,SKC,Plectorhynchus gibbosus,50--55,3
15/02/2023,,,Orpheus Island,Pioneer Bay,Transect,2,30 m,SKC,Plectorhynchus gibbosus,40--45,7
15/02/2023,,,Orpheus Island,Pioneer Bay,Transect,2,30 m,SKC,Plectorhynchus gibbosus,30--35,2
15/02/2023,,,Orpheus Island,Pioneer Bay,Transect,2,30 m,SKC,Plectorhynchus chaetodontoides,35--40,3
15/02/2023,,,Orpheus Island,Pioneer Bay,Transect,2,30 m,SKC,Epibulus insidiator,20--25,1
15/02/2023,,,Orpheus Island,Pioneer Bay,Transect,2,30 m,SKC,Scarus ghobban,20--25,1
15/02/2023,,,Orpheus Island,Pioneer Bay,Transect,2,30 m,SKC,Chelmon rostratus,10--15,2
15/02/2023,,,Orpheus Island,Pioneer Bay,Transect,2,30 m,SKC,Chromileptes altivelis,50--55,1
15/02/2023,,,Orpheus Island,Pioneer Bay,Transect,2,30 m,SKC,Chromileptes altivelis,60--65,1
15/02/2023,,,Orpheus Island,Pioneer Bay,Transect,2,30 m,SKC,Choerodon fasciatus,15--20,2
15/02/2023,,,Orpheus Island,Pioneer Bay,Transect,2,30 m,SKC,Chaetodon aureofasciatus,10--15,2
15/02/2023,,,Orpheus Island,Pioneer Bay,Transect,2,30 m,SKC,Cephalopholis cyanostigma,15--20,1
15/02/2023,,,Orpheus Island,Pioneer Bay,Transect,2,30 m,SKC,Lethrinus nebulosus,30--35,11
15/02/2023,,,Orpheus Island,Pioneer Bay,Transect,2,30 m,SKC,Diploprion bifasciatum,20--25,1
15/02/2023,,,Orpheus Island,Pioneer Bay,Transect,2,30 m,SKC,Cheilinus fasciatus,10--15,1
15/02/2023,,,Orpheus Island,Pioneer Bay,Transect,2,30 m,SKC,Scolopsis margaritifera,15--20,3
15/02/2023,,,Orpheus Island,Pioneer Bay,Transect,2,30 m,SKC,Plectropomus leopardus,60--65,1
15/02/2023,,,Orpheus Island,Pioneer Bay,Transect,2,30 m,SKC,Diagramma pictum,45--50,4
15/02/2023,,,Orpheus Island,Pioneer Bay,Transect,2,30 m,SKC,Pomacanthus semicirculatus,20--25,1
15/02/2023,,,Orpheus Island,Pioneer Bay,Transect,2,30 m,SKC,Pomacanthus sexstriatus,20--25,1
15/02/2023,,,Orpheus Island,Pioneer Bay,Transect,2,30 m,SKC,Choerodon graphicus,25--30,1
15/02/2023,,,Orpheus Island,Pioneer Bay,Transect,2,30 m,SKC,Platax pinnatus,25--30,1
15/02/2023,,,Orpheus Island,Pioneer Bay,Transect,2,30 m,SKC,Chaetodon lineolatus,15--20,2
15/02/2023,,,Orpheus Island,Pioneer Bay,Transect,3,20 m,SKC,Chelmon rostratus,10--15,1
15/02/2023,,,Orpheus Island,Pioneer Bay,Transect,3,20 m,SKC,Lutjanus carponotatus,15--20,6
15/02/2023,,,Orpheus Island,Pioneer Bay,Transect,3,20 m,SKC,Scolopsis margaritifera,15--20,18
15/02/2023,,,Orpheus Island,Pioneer Bay,Transect,3,20 m,SKC,Thalassoma lunare,10--15,5
15/02/2023,,,Orpheus Island,Pioneer Bay,Transect,3,20 m,SKC,Cheilinus trilobatus,15--20,1
15/02/2023,,,Orpheus Island,Pioneer Bay,Transect,3,20 m,SKC,Acanthurus sp,15--20,1
15/02/2023,,,Orpheus Island,Pioneer Bay,Transect,3,20 m,SKC,Scarus rivulatus,15--20,5
15/02/2023,,,Orpheus Island,Pioneer Bay,Transect,3,20 m,SKC,Scarus rivulatus,20--25,3
15/02/2023,,,Orpheus Island,Pioneer Bay,Transect,3,20 m,SKC,Chaetodon aureofasciatus,10--15,1
15/02/2023,,,Orpheus Island,Pioneer Bay,Transect,3,20 m,SKC,Chlorurus microrhinus,45--50,1
15/02/2023,,,Orpheus Island,Pioneer Bay,Transect,3,20 m,SKC,Scarus dimidiatus,20--25,1
15/02/2023,,,Orpheus Island,Pioneer Bay,Transect,3,20 m,SKC,Chlorurus bleekeri,20--25,1
15/02/2023,,,Orpheus Island,Pioneer Bay,Transect,3,20 m,SKC,Siganus doliatus,15--20,4
15/02/2023,,,Orpheus Island,Pioneer Bay,Transect,3,30 m,SKC,Thalassoma lunare,10--15,4
15/02/2023,,,Orpheus Island,Pioneer Bay,Transect,3,30 m,SKC,Scarus rivulatus,10--15,5
15/02/2023,,,Orpheus Island,Pioneer Bay,Transect,3,30 m,SKC,Scarus rivulatus,15--20,2
15/02/2023,,,Orpheus Island,Pioneer Bay,Transect,3,30 m,SKC,Halichoeres chloropterus,10--15,2
15/02/2023,,,Orpheus Island,Pioneer Bay,Transect,3,30 m,SKC,Cephalopholis cyanostigma,20--25,1
15/02/2023,,,Orpheus Island,Pioneer Bay,Transect,3,30 m,SKC,Lethrinus harak,25--30,1
15/02/2023,,,Orpheus Island,Pioneer Bay,Transect,3,30 m,SKC,Choerodon schoenleinii,20--25,3
15/02/2023,,,Orpheus Island,Pioneer Bay,Transect,3,30 m,SKC,Pomacanthus sexstriatus,25--30,1
15/02/2023,,,Orpheus Island,Pioneer Bay,Transect,3,30 m,SKC,Hemigymnus melapterus,15--20,1
15/02/2023,,,Orpheus Island,Pioneer Bay,Transect,3,30 m,SKC,Scolopsis bilineata,10--15,1
15/02/2023,,,Orpheus Island,Pioneer Bay,Transect,3,30 m,SKC,Cephalopholis cyanostigma,20--25,1
15/02/2023,,,Orpheus Island,Pioneer Bay,Transect,3,30 m,SKC,Thalassoma hardwicke,15--20,1
15/02/2023,,,Orpheus Island,Pioneer Bay,Transect,3,30 m,SKC,Pomacanthus sexstriatus,35--40,1
15/02/2023,,,Orpheus Island,Pioneer Bay,Transect,4,20 m,SKC,Pomacanthus sexstriatus,30--35,1
15/02/2023,,,Orpheus Island,Pioneer Bay,Transect,4,20 m,SKC,Siganus doliatus,15--20,2
15/02/2023,,,Orpheus Island,Pioneer Bay,Transect,4,20 m,SKC,Fistularia sp,60--65,2
15/02/2023,,,Orpheus Island,Pioneer Bay,Transect,4,20 m,SKC,Scarus rivulatus,25--30,3
15/02/2023,,,Orpheus Island,Pioneer Bay,Transect,4,20 m,SKC,Hemigymnus melapterus,10--15,1
15/02/2023,,,Orpheus Island,Pioneer Bay,Transect,4,20 m,SKC,Diagramma pictum,30--35,1
15/02/2023,,,Orpheus Island,Pioneer Bay,Transect,4,20 m,SKC,Diagramma pictum,45--50,1
15/02/2023,,,Orpheus Island,Pioneer Bay,Transect,4,20 m,SKC,Hipposcarus longiceps,20--25,1
15/02/2023,,,Orpheus Island,Pioneer Bay,Transect,4,20 m,SKC,Scolopsis bilineata,10--15,1
15/02/2023,,,Orpheus Island,Pioneer Bay,Transect,4,20 m,SKC,Hemigymnus melapterus,10--15,1
15/02/2023,,,Orpheus Island,Pioneer Bay,Transect,4,20 m,SKC,Hemigymnus melapterus,30--35,1
15/02/2023,,,Orpheus Island,Pioneer Bay,Transect,4,30 m,SKC,Scarus rivulatus,10--15,1
15/02/2023,,,Orpheus Island,Pioneer Bay,Transect,4,30 m,SKC,Diagramma pictum,30--35,2
15/02/2023,,,Orpheus Island,Pioneer Bay,Transect,4,30 m,SKC,Diagramma pictum,45--50,2
15/02/2023,,,Orpheus Island,Pioneer Bay,Transect,4,30 m,SKC,Scolopsis bilineata,10--15,2
15/02/2023,,,Orpheus Island,Pioneer Bay,Transect,4,30 m,SKC,Hemigymnus melapterus,10--15,1
15/02/2023,,,Orpheus Island,Pioneer Bay,Transect,4,30 m,SKC,Scarus dimidiatus,15--20,1
15/02/2023,,,Orpheus Island,Pioneer Bay,Transect,4,30 m,SKC,Siganus doliatus,15--20,8
15/02/2023,,,Orpheus Island,Pioneer Bay,Transect,4,30 m,SKC,Cephalopholis cyanostigma,20--25,1
15/02/2023,,,Orpheus Island,Pioneer Bay,Transect,4,30 m,SKC,Chlorurus bleekeri,20--25,2
15/02/2023,,,Orpheus Island,Pioneer Bay,Transect,4,30 m,SKC,Lutjanus carponotatus,20--25,7
15/02/2023,,,Orpheus Island,Pioneer Bay,Transect,4,30 m,SKC,Epibulus insidiator,20--25,1
15/02/2023,,,Orpheus Island,Pioneer Bay,Transect,4,30 m,SKC,Cheilinus fasciatus,20--25,3
15/02/2023,,,Orpheus Island,Pioneer Bay,Transect,4,30 m,SKC,Thalassoma lunare,10--15,3
15/02/2023,,,Orpheus Island,Pioneer Bay,Transect,4,30 m,SKC,Scolopsis bilineata,15--20,1
15/02/2023,,,Orpheus Island,Pioneer Bay,Transect,4,30 m,SKC,Scarus altipinnis,25--30,2
15/02/2023,,,Orpheus Island,Pioneer Bay,Transect,4,30 m,SKC,Cheilinus undulatus,25--30,1
15/02/2023,,,Orpheus Island,Pioneer Bay,Transect,4,30 m,SKC,Choerodon anchorago,25--30,1
15/02/2023,,,Orpheus Island,Pioneer Bay,Transect,4,30 m,SKC,Scolopsis margaritifera,15--20,5
15/02/2023,,,Orpheus Island,Pioneer Bay,Transect,4,30 m,SKC,Scarus schlegeli,20--25,1
15/02/2023,,,Orpheus Island,Pioneer Bay,Transect,4,30 m,SKC,Plectropomus leopardus,40--45,1
15/02/2023,,,Orpheus Island,Pioneer Bay,Transect,4,30 m,SKC,Choerodon fasciatus,10--15,1
15/02/2023,,,Orpheus Island,Pioneer Bay,Point ,5,Instant,ACS,Lutjanus carponotatus,15--20,2
15/02/2023,,,Orpheus Island,Pioneer Bay,Point ,5,Instant,ACS,Siganus doliatus,20--25,2
15/02/2023,,,Orpheus Island,Pioneer Bay,Point ,5,Instant,ACS,Epibulus insidiator,20--25,1
15/02/2023,,,Orpheus Island,Pioneer Bay,Point ,5,Instant,ACS,Scarus rivulatus,15--20,1
15/02/2023,,,Orpheus Island,Pioneer Bay,Point ,5,10 min,ACS,Lutjanus carponotatus,15--20,2
15/02/2023,,,Orpheus Island,Pioneer Bay,Point ,5,10 min,ACS,Lutjanus carponotatus,20--25,1
15/02/2023,,,Orpheus Island,Pioneer Bay,Point ,5,10 min,ACS,Siganus doliatus,20--25,2
15/02/2023,,,Orpheus Island,Pioneer Bay,Point ,5,10 min,ACS,Chaetodon aureofasciatus,10--15,4
15/02/2023,,,Orpheus Island,Pioneer Bay,Point ,5,10 min,ACS,Cephalopholis cyanostigma,20--25,2
15/02/2023,,,Orpheus Island,Pioneer Bay,Point ,5,10 min,ACS,Siganus doliatus,15--20,2
15/02/2023,,,Orpheus Island,Pioneer Bay,Point ,5,10 min,ACS,Acanthurus sp,10--15,1
15/02/2023,,,Orpheus Island,Pioneer Bay,Point ,5,10 min,ACS,Chelmon rostratus,15--20,1
15/02/2023,,,Orpheus Island,Pioneer Bay,Point ,5,10 min,ACS,Chaetodon melannotus,15--20,2
15/02/2023,,,Orpheus Island,Pioneer Bay,Point ,5,10 min,ACS,Thalassoma lunare,10--15,2
15/02/2023,,,Orpheus Island,Pioneer Bay,Point ,5,10 min,ACS,Diagramma pictum,45--50,1
15/02/2023,,,Orpheus Island,Pioneer Bay,Point ,5,10 min,ACS,Scarus rivulatus,15--20,3
15/02/2023,,,Orpheus Island,Pioneer Bay,Point ,5,10 min,ACS,Diagramma pictum,35--40,1
15/02/2023,,,Orpheus Island,Pioneer Bay,Point ,5,10 min,ACS,Cheilinus fasciatus,15--20,1
15/02/2023,,,Orpheus Island,Pioneer Bay,Point ,5,10 min,ACS,Scolopsis bilineata,15--20,1
15/02/2023,,,Orpheus Island,Pioneer Bay,Point ,5,10 min,ACS,Choerodon schoenleinii,25--30,1
15/02/2023,,,Orpheus Island,Pioneer Bay,Point ,6,Instant,ACS,Chaetodon aureofasciatus,10--15,2
15/02/2023,,,Orpheus Island,Pioneer Bay,Point ,6,Instant,ACS,Pomacanthus sexstriatus,30--35,1
15/02/2023,,,Orpheus Island,Pioneer Bay,Point ,6,Instant,ACS,Scarus schlegeli,30--35,1
15/02/2023,,,Orpheus Island,Pioneer Bay,Point ,6,Instant,ACS,Siganus doliatus,20--25,1
15/02/2023,,,Orpheus Island,Pioneer Bay,Point ,6,10 min,ACS,Scolopsis margaritifera,15--20,2
15/02/2023,,,Orpheus Island,Pioneer Bay,Point ,6,10 min,ACS,Scarus schlegeli,30--35,1
15/02/2023,,,Orpheus Island,Pioneer Bay,Point ,6,10 min,ACS,Lutjanus gibbus,20--25,3
15/02/2023,,,Orpheus Island,Pioneer Bay,Point ,6,10 min,ACS,Chaetodon aureofasciatus,10--15,4
15/02/2023,,,Orpheus Island,Pioneer Bay,Point ,6,10 min,ACS,Scolopsis bilineata,10--15,3
15/02/2023,,,Orpheus Island,Pioneer Bay,Point ,6,10 min,ACS,Thalassoma lunare,10--15,1
15/02/2023,,,Orpheus Island,Pioneer Bay,Point ,6,10 min,ACS,Cheilinus fasciatus,15--20,1
15/02/2023,,,Orpheus Island,Pioneer Bay,Point ,6,10 min,ACS,Thalassoma lunare,10--15,1
15/02/2023,,,Orpheus Island,Pioneer Bay,Point ,6,10 min,ACS,Chaetodon lineolatus,15--20,1
15/02/2023,,,Orpheus Island,Pioneer Bay,Point ,6,10 min,ACS,Diagramma pictum,30--35,1
15/02/2023,,,Orpheus Island,Pioneer Bay,Point ,6,10 min,ACS,Lutjanus carponotatus,15--20,1
15/02/2023,,,Orpheus Island,Pioneer Bay,Point ,6,10 min,ACS,Epibulus insidiator,15--20,1
15/02/2023,,,Orpheus Island,Pioneer Bay,Point ,6,10 min,ACS,Siganus lineatus,20--25,5
15/02/2023,,,Orpheus Island,Pioneer Bay,Point ,6,10 min,ACS,Siganus lineatus,25--30,1
15/02/2023,,,Orpheus Island,Pioneer Bay,Point ,6,10 min,ACS,Choerodon schoenleinii,45--50,1
15/02/2023,,,Orpheus Island,Pioneer Bay,Point ,6,10 min,ACS,Siganus doliatus,15--20,2
15/02/2023,,,Orpheus Island,Pioneer Bay,Point ,6,10 min,ACS,Pomacanthus sexstriatus,25--30,1
15/02/2023,,,Orpheus Island,Pioneer Bay,Point ,6,10 min,ACS,Diagramma pictum,45--50,1
15/02/2023,,,Orpheus Island,Pioneer Bay,Point ,1,Instant,ACS,Lutjanus carponotatus,25--30,8
15/02/2023,,,Orpheus Island,Pioneer Bay,Point ,1,Instant,ACS,Siganus doliatus,15--20,2
15/02/2023,,,Orpheus Island,Pioneer Bay,Point ,1,Instant,ACS,Chaetodon aureofasciatus,10--15,2
15/02/2023,,,Orpheus Island,Pioneer Bay,Point ,1,Instant,ACS,Plectropomus maculatus,45--50,2
15/02/2023,,,Orpheus Island,Pioneer Bay,Point ,1,Instant,ACS,Lutjanus fulviflamma,20--25,8
15/02/2023,,,Orpheus Island,Pioneer Bay,Point ,1,Instant,ACS,Scolopsis margaritifera,20--25,1
15/02/2023,,,Orpheus Island,Pioneer Bay,Point ,1,Instant,ACS,Thalassoma lunare,10--15,1
15/02/2023,,,Orpheus Island,Pioneer Bay,Point ,1,Instant,ACS,Scarus rivulatus,20--25,1
15/02/2023,,,Orpheus Island,Pioneer Bay,Point ,1,10 min,ACS,Lutjanus carponotatus,20--25,6
15/02/2023,,,Orpheus Island,Pioneer Bay,Point ,1,10 min,ACS,Lutjanus fulviflamma,20--25,11
15/02/2023,,,Orpheus Island,Pioneer Bay,Point ,1,10 min,ACS,Chaetodon auriga,10--15,2
15/02/2023,,,Orpheus Island,Pioneer Bay,Point ,1,10 min,ACS,Scolopsis margaritifera,15--20,5
15/02/2023,,,Orpheus Island,Pioneer Bay,Point ,1,10 min,ACS,Plectropomus maculatus,45--50,2
15/02/2023,,,Orpheus Island,Pioneer Bay,Point ,1,10 min,ACS,Scarus rivulatus,20--25,2
15/02/2023,,,Orpheus Island,Pioneer Bay,Point ,1,10 min,ACS,Chaetodon lunulatus,15--20,2
15/02/2023,,,Orpheus Island,Pioneer Bay,Point ,1,10 min,ACS,Thalassoma lunare,10--15,4
15/02/2023,,,Orpheus Island,Pioneer Bay,Point ,1,10 min,ACS,Chlorurus microrhinus,15--20,1
15/02/2023,,,Orpheus Island,Pioneer Bay,Point ,1,10 min,ACS,Hemigymnus melapterus,20--25,1
15/02/2023,,,Orpheus Island,Pioneer Bay,Point ,1,10 min,ACS,Acanthurus xanthopterus,20--25,4
15/02/2023,,,Orpheus Island,Pioneer Bay,Point ,1,10 min,ACS,Scolopsis margaritifera,25--30,1
15/02/2023,,,Orpheus Island,Pioneer Bay,Point ,1,10 min,ACS,Scarus rivulatus,10--15,7
15/02/2023,,,Orpheus Island,Pioneer Bay,Point ,1,10 min,ACS,Naso unicornis,50--55,4
15/02/2023,,,Orpheus Island,Pioneer Bay,Point ,1,10 min,ACS,Naso unicornis,45--50,2
15/02/2023,,,Orpheus Island,Pioneer Bay,Point ,1,10 min,ACS,Siganus doliatus,20--25,2
15/02/2023,,,Orpheus Island,Pioneer Bay,Point ,1,10 min,ACS,Anampses geographicus,10--15,1
15/02/2023,,,Orpheus Island,Pioneer Bay,Point ,2,Instant,ACS,Scolopsis margaritifera,20--25,4
15/02/2023,,,Orpheus Island,Pioneer Bay,Point ,2,Instant,ACS,Chelmon rostratus,15--20,2
15/02/2023,,,Orpheus Island,Pioneer Bay,Point ,2,Instant,ACS,Cheilinus fasciatus,25--30,1
15/02/2023,,,Orpheus Island,Pioneer Bay,Point ,2,Instant,ACS,Siganus doliatus,15--20,1
15/02/2023,,,Orpheus Island,Pioneer Bay,Point ,2,Instant,ACS,Chaetodon aureofasciatus,15--20,1
15/02/2023,,,Orpheus Island,Pioneer Bay,Point ,2,Instant,ACS,Scarus rivulatus,20--25,1
15/02/2023,,,Orpheus Island,Pioneer Bay,Point ,2,Instant,ACS,Pomacanthus sexstriatus,25--30,1
15/02/2023,,,Orpheus Island,Pioneer Bay,Point ,2,Instant,ACS,Chaetodon aureofasciatus,10--15,1
15/02/2023,,,Orpheus Island,Pioneer Bay,Point ,2,Instant,ACS,Thalassoma lunare,10--15,1
15/02/2023,,,Orpheus Island,Pioneer Bay,Point ,2,10 min,ACS,Chaetodon aureofasciatus,10--15,3
15/02/2023,,,Orpheus Island,Pioneer Bay,Point ,2,10 min,ACS,Scolopsis margaritifera,15--20,8
15/02/2023,,,Orpheus Island,Pioneer Bay,Point ,2,10 min,ACS,Scolopsis margaritifera,20--25,2
15/02/2023,,,Orpheus Island,Pioneer Bay,Point ,2,10 min,ACS,Thalassoma lunare,10--15,1
15/02/2023,,,Orpheus Island,Pioneer Bay,Point ,2,10 min,ACS,Chaetodon lineolatus,10--15,3
15/02/2023,,,Orpheus Island,Pioneer Bay,Point ,2,10 min,ACS,Lutjanus carponotatus,25--30,5
15/02/2023,,,Orpheus Island,Pioneer Bay,Point ,2,10 min,ACS,Thalassoma lunare,10--15,1
15/02/2023,,,Orpheus Island,Pioneer Bay,Point ,2,10 min,ACS,Pomacanthus sexstriatus,30--35,1
15/02/2023,,,Orpheus Island,Pioneer Bay,Point ,2,10 min,ACS,Bodianus mesothorax,15--20,2
15/02/2023,,,Orpheus Island,Pioneer Bay,Point ,2,10 min,ACS,Scarus rivulatus,10--15,10
15/02/2023,,,Orpheus Island,Pioneer Bay,Point ,2,10 min,ACS,Naso unicornis,45--50,2
15/02/2023,,,Orpheus Island,Pioneer Bay,Point ,2,10 min,ACS,Siganus doliatus,15--20,2
15/02/2023,,,Orpheus Island,Pioneer Bay,Point ,2,10 min,ACS,Scarus rivulatus,20--25,7
15/02/2023,,,Orpheus Island,Pioneer Bay,Point ,2,10 min,ACS,Scarus flavipectoralis,25-30,1
15/02/2023,,,Orpheus Island,Pioneer Bay,Point ,2,10 min,ACS,Epinephelus malabaricus,45--50,1
15/02/2023,,,Orpheus Island,Pioneer Bay,Point ,2,10 min,ACS,Chelmon rostratus,15--20,4
15/02/2023,,,Orpheus Island,Pioneer Bay,Point ,2,10 min,ACS,Plectropomus maculatus,25--30,1
15/02/2023,,,Orpheus Island,Pioneer Bay,Point ,2,10 min,ACS,Chaetodon auriga,10--15,1
15/02/2023,,,Orpheus Island,Pioneer Bay,Point ,3,Instant,ACS,Chlorurus microrhinus,30--35,4
15/02/2023,,,Orpheus Island,Pioneer Bay,Point ,3,Instant,ACS,Scarus flavipectoralis,20--25,2
15/02/2023,,,Orpheus Island,Pioneer Bay,Point ,3,Instant,ACS,Chaetodon aureofasciatus,10--15,3
15/02/2023,,,Orpheus Island,Pioneer Bay,Point ,3,Instant,ACS,Chaetodon auriga,10--15,1
15/02/2023,,,Orpheus Island,Pioneer Bay,Point ,3,Instant,ACS,Thalassoma lunare,10--15,1
15/02/2023,,,Orpheus Island,Pioneer Bay,Point ,3,10 min,ACS,Thalassoma lunare,10--15,4
15/02/2023,,,Orpheus Island,Pioneer Bay,Point ,3,10 min,ACS,Scarus rivulatus,30--35,1
15/02/2023,,,Orpheus Island,Pioneer Bay,Point ,3,10 min,ACS,Chaetodon aureofasciatus,10--15,7
15/02/2023,,,Orpheus Island,Pioneer Bay,Point ,3,10 min,ACS,Cephalopholis cyanostigma,15--20,1
15/02/2023,,,Orpheus Island,Pioneer Bay,Point ,3,10 min,ACS,Thalassoma lunare,15--20,1
15/02/2023,,,Orpheus Island,Pioneer Bay,Point ,3,10 min,ACS,Choerodon fasciatus,15--20,1
15/02/2023,,,Orpheus Island,Pioneer Bay,Point ,3,10 min,ACS,Chaetodon lineolatus,15--20,1
15/02/2023,,,Orpheus Island,Pioneer Bay,Point ,3,10 min,ACS,Scarus flavipectoralis,25--30,1
15/02/2023,,,Orpheus Island,Pioneer Bay,Point ,3,10 min,ACS,Siganus doliatus,15--20,3
15/02/2023,,,Orpheus Island,Pioneer Bay,Point ,3,10 min,ACS,Scolopsis margaritifera,15--20,1
15/02/2023,,,Orpheus Island,Pioneer Bay,Point ,4,Instant,ACS,Chelmon rostratus,10--15,1
15/02/2023,,,Orpheus Island,Pioneer Bay,Point ,4,Instant,ACS,Pomacanthus sexstriatus,25--30,2
15/02/2023,,,Orpheus Island,Pioneer Bay,Point ,4,Instant,ACS,Thalassoma lunare,10--15,3
15/02/2023,,,Orpheus Island,Pioneer Bay,Point ,4,Instant,ACS,Thalassoma lunare,15--20,1
15/02/2023,,,Orpheus Island,Pioneer Bay,Point ,4,Instant,ACS,Lutjanus carponotatus,30--35,1
15/02/2023,,,Orpheus Island,Pioneer Bay,Point ,4,10 min,ACS,Choerodon schoenleinii,35--40,1
15/02/2023,,,Orpheus Island,Pioneer Bay,Point ,4,10 min,ACS,Thalassoma lunare,15--20,5
15/02/2023,,,Orpheus Island,Pioneer Bay,Point ,4,10 min,ACS,Thalassoma lunare,10--15,5
15/02/2023,,,Orpheus Island,Pioneer Bay,Point ,4,10 min,ACS,Cheilinus trilobatus,10--15,2
15/02/2023,,,Orpheus Island,Pioneer Bay,Point ,4,10 min,ACS,Chelmon rostratus,10--15,1
15/02/2023,,,Orpheus Island,Pioneer Bay,Point ,4,10 min,ACS,Hemigymnus melapterus,15--20,1
15/02/2023,,,Orpheus Island,Pioneer Bay,Point ,4,10 min,ACS,Chaetodon auriga,10--15,1
15/02/2023,,,Orpheus Island,Pioneer Bay,Point ,4,10 min,ACS,Cephalopholis cyanostigma,10--15,1
15/02/2023,,,Orpheus Island,Pioneer Bay,Point ,4,10 min,ACS,Chaetodon auriga,10--15,4
15/02/2023,,,Orpheus Island,Pioneer Bay,Point ,4,10 min,ACS,Coradion altivelis,10--15,1
15/02/2023,,,Orpheus Island,Pioneer Bay,Point ,4,10 min,ACS,Chaetodon lunulatus,10--15,2
16/02/2023,,,Orpheus Island,Pioneer Bay,Transect,1,20 m,HFY,Scolopsis margaritifera,20--25,3
16/02/2023,,,Orpheus Island,Pioneer Bay,Transect,1,20 m,HFY,Scarus rivulatus,10--15,7
16/02/2023,,,Orpheus Island,Pioneer Bay,Transect,1,20 m,HFY,Acanthurus sp,20--25,4
16/02/2023,,,Orpheus Island,Pioneer Bay,Transect,1,20 m,HFY,Scarus schlegeli,30--35,1
16/02/2023,,,Orpheus Island,Pioneer Bay,Transect,1,20 m,HFY,Labroides dimidiatus,10--15,1
16/02/2023,,,Orpheus Island,Pioneer Bay,Transect,1,20 m,HFY,Cheilinus fasciatus,15--20,1
16/02/2023,,,Orpheus Island,Pioneer Bay,Transect,1,20 m,HFY,Scolopsis margaritifera,15--20,4
16/02/2023,,,Orpheus Island,Pioneer Bay,Transect,1,20 m,HFY,Stethojulis strigiventer,10--15,1
16/02/2023,,,Orpheus Island,Pioneer Bay,Transect,1,20 m,HFY,Scarus rivulatus,20--25,2
16/02/2023,,,Orpheus Island,Pioneer Bay,Transect,1,20 m,HFY,Acanthurus sp,15--20,5
16/02/2023,,,Orpheus Island,Pioneer Bay,Transect,1,20 m,HFY,Lutjanus fulvis,20--25,1
16/02/2023,,,Orpheus Island,Pioneer Bay,Transect,1,20 m,HFY,Lutjanus carponotatus,20--25,1
16/02/2023,,,Orpheus Island,Pioneer Bay,Transect,1,20 m,HFY,Chelmon rostratus,15--20,1
16/02/2023,,,Orpheus Island,Pioneer Bay,Transect,1,20 m,HFY,Thalassoma lunare,10--15,1
16/02/2023,,,Orpheus Island,Pioneer Bay,Transect,1,30 m,HFY,Chaetodon auriga,10--15,1
16/02/2023,,,Orpheus Island,Pioneer Bay,Transect,1,30 m,HFY,Platax batavianus,45--50,1
16/02/2023,,,Orpheus Island,Pioneer Bay,Transect,1,30 m,HFY,Scolopsis margaritifera,20--25,2
16/02/2023,,,Orpheus Island,Pioneer Bay,Transect,1,30 m,HFY,Scarus rivulatus,10--15,14
16/02/2023,,,Orpheus Island,Pioneer Bay,Transect,1,30 m,HFY,Labroides dimidiatus,10--15,2
16/02/2023,,,Orpheus Island,Pioneer Bay,Transect,1,30 m,HFY,Cheilinus fasciatus,15--20,1
16/02/2023,,,Orpheus Island,Pioneer Bay,Transect,1,30 m,HFY,Scolopsis margaritifera,15--20,2
16/02/2023,,,Orpheus Island,Pioneer Bay,Transect,1,30 m,HFY,Scarus rivulatus,20--25,3
16/02/2023,,,Orpheus Island,Pioneer Bay,Transect,1,30 m,HFY,Acanthurus sp,15--20,4
16/02/2023,,,Orpheus Island,Pioneer Bay,Transect,1,30 m,HFY,Lutjanus fulvis,20--25,3
16/02/2023,,,Orpheus Island,Pioneer Bay,Transect,1,30 m,HFY,Lutjanus carponotatus,20--25,1
16/02/2023,,,Orpheus Island,Pioneer Bay,Transect,1,30 m,HFY,Chelmon rostratus,15--20,2
16/02/2023,,,Orpheus Island,Pioneer Bay,Transect,1,30 m,HFY,Acanthurus sp,10--15,7
16/02/2023,,,Orpheus Island,Pioneer Bay,Transect,1,30 m,HFY,Epibulus insidiator,15--20,1
16/02/2023,,,Orpheus Island,Pioneer Bay,Transect,1,30 m,HFY,Scolopsis bilineata,15--20,3
16/02/2023,,,Orpheus Island,Pioneer Bay,Transect,1,30 m,HFY,Chaetodon aureofasciatus,10--15,4
16/02/2023,,,Orpheus Island,Pioneer Bay,Transect,1,30 m,HFY,Lutjanus carponotatus,15--20,1
16/02/2023,,,Orpheus Island,Pioneer Bay,Transect,1,30 m,HFY,Acanthurus blochii,15--20,1
16/02/2023,,,Orpheus Island,Pioneer Bay,Transect,1,30 m,HFY,Siganus lineatus,20--25,1
16/02/2023,,,Orpheus Island,Pioneer Bay,Transect,1,30 m,HFY,Plectorhynchus chaetodontoides,25--30,1
16/02/2023,,,Orpheus Island,Pioneer Bay,Transect,1,30 m,HFY,Siganus puellus,20--25,2
16/02/2023,,,Orpheus Island,Pioneer Bay,Transect,1,30 m,HFY,Siganus doliatus,20--25,3
16/02/2023,,,Orpheus Island,Pioneer Bay,Transect,1,30 m,HFY,Scarus rivulatus,15--20,4
16/02/2023,,,Orpheus Island,Pioneer Bay,Transect,1,30 m,HFY,Chaetodon melannotus,10--15,1
16/02/2023,,,Orpheus Island,Pioneer Bay,Transect,1,30 m,HFY,Cephalopholis cyanostigma,15--20,2
16/02/2023,,,Orpheus Island,Pioneer Bay,Transect,1,30 m,HFY,Hemigymnus melapterus,15--20,1
16/02/2023,,,Orpheus Island,Pioneer Bay,Transect,1,30 m,HFY,Scarus rivulatus,30--35,1
16/02/2023,,,Orpheus Island,Pioneer Bay,Transect,1,30 m,HFY,Thalassoma lunare,10--15,1
16/02/2023,,,Orpheus Island,Pioneer Bay,Transect,1,30 m,HFY,Platax pinnatus,30--35,1
16/02/2023,,,Orpheus Island,Pioneer Bay,Transect,1,30 m,HFY,Scarus niger,10--15,2
16/02/2023,,,Orpheus Island,Pioneer Bay,Transect,1,30 m,HFY,Chaetodon vagabundus,10--15,1
16/02/2023,,,Orpheus Island,Pioneer Bay,Transect,1,30 m,HFY,Pomacanthus sexstriatus,20--25,1
16/02/2023,,,Orpheus Island,Pioneer Bay,Transect,2,20 m,HFY,Siganus lineatus,25--30,2
16/02/2023,,,Orpheus Island,Pioneer Bay,Transect,2,20 m,HFY,Labroides dimidiatus,10--15,1
16/02/2023,,,Orpheus Island,Pioneer Bay,Transect,2,20 m,HFY,Chaetodon aureofasciatus,10--15,2
16/02/2023,,,Orpheus Island,Pioneer Bay,Transect,2,20 m,HFY,Cephalopholis cyanostigma,15--20,1
16/02/2023,,,Orpheus Island,Pioneer Bay,Transect,2,20 m,HFY,Cheilinus chlorurus,10--15,1
16/02/2023,,,Orpheus Island,Pioneer Bay,Transect,2,20 m,HFY,Scarus rivulatus,10--15,6
16/02/2023,,,Orpheus Island,Pioneer Bay,Transect,2,20 m,HFY,Lutjanus carponotatus,20--25,2
16/02/2023,,,Orpheus Island,Pioneer Bay,Transect,2,20 m,HFY,Thalassoma lunare,10--15,1
16/02/2023,,,Orpheus Island,Pioneer Bay,Transect,2,20 m,HFY,Epibulus insidiator,15--20,1
16/02/2023,,,Orpheus Island,Pioneer Bay,Transect,2,20 m,HFY,Cheilinus fasciatus,15--20,2
16/02/2023,,,Orpheus Island,Pioneer Bay,Transect,2,20 m,HFY,Scarus flavipectoralis,25--30,1
16/02/2023,,,Orpheus Island,Pioneer Bay,Transect,2,20 m,HFY,Scolopsis margaritifera,20--25,1
16/02/2023,,,Orpheus Island,Pioneer Bay,Transect,2,20 m,HFY,Hemigymnus melapterus,10--15,1
16/02/2023,,,Orpheus Island,Pioneer Bay,Transect,2,20 m,HFY,Hipposcarus longiceps,10--15,1
16/02/2023,,,Orpheus Island,Pioneer Bay,Transect,2,20 m,HFY,Cephalopholis cyanostigma,10--15,1
16/02/2023,,,Orpheus Island,Pioneer Bay,Transect,2,20 m,HFY,Chlorurus spilurus,10--15,1
16/02/2023,,,Orpheus Island,Pioneer Bay,Transect,2,20 m,HFY,Scarus niger,10--15,2
16/02/2023,,,Orpheus Island,Pioneer Bay,Transect,2,20 m,HFY,Chaetodon auriga,15--20,1
16/02/2023,,,Orpheus Island,Pioneer Bay,Transect,2,20 m,HFY,Acanthurus sp,20--25,1
16/02/2023,,,Orpheus Island,Pioneer Bay,Transect,2,20 m,HFY,Siganus doliatus,20--25,2
16/02/2023,,,Orpheus Island,Pioneer Bay,Transect,2,20 m,HFY,Chlorurus microrhinus,30--35,2
16/02/2023,,,Orpheus Island,Pioneer Bay,Transect,2,20 m,HFY,Epibulus insidiator,20--25,2
16/02/2023,,,Orpheus Island,Pioneer Bay,Transect,2,20 m,HFY,Scolopsis margaritifera,15--20,1
16/02/2023,,,Orpheus Island,Pioneer Bay,Transect,2,20 m,HFY,Cephalopholis boenak,10--15,2
16/02/2023,,,Orpheus Island,Pioneer Bay,Transect,2,30 m,HFY,Scarus rivulatus,30--35,1
16/02/2023,,,Orpheus Island,Pioneer Bay,Transect,2,30 m,HFY,Scarus rivulatus,15--20,2
16/02/2023,,,Orpheus Island,Pioneer Bay,Transect,2,30 m,HFY,Scarus rivulatus,20--25,1
16/02/2023,,,Orpheus Island,Pioneer Bay,Transect,2,30 m,HFY,Pomacanthus sexstriatus,20--25,1
16/02/2023,,,Orpheus Island,Pioneer Bay,Transect,2,30 m,HFY,Siganus lineatus,25--30,6
16/02/2023,,,Orpheus Island,Pioneer Bay,Transect,2,30 m,HFY,Labroides dimidiatus,10--15,1
16/02/2023,,,Orpheus Island,Pioneer Bay,Transect,2,30 m,HFY,Chaetodon aureofasciatus,10--15,5
16/02/2023,,,Orpheus Island,Pioneer Bay,Transect,2,30 m,HFY,Scarus rivulatus,10--15,8
16/02/2023,,,Orpheus Island,Pioneer Bay,Transect,2,30 m,HFY,Lutjanus carponotatus,20--25,5
16/02/2023,,,Orpheus Island,Pioneer Bay,Transect,2,30 m,HFY,Thalassoma lunare,10--15,3
16/02/2023,,,Orpheus Island,Pioneer Bay,Transect,2,30 m,HFY,Scolopsis margaritifera,20--25,2
16/02/2023,,,Orpheus Island,Pioneer Bay,Transect,2,30 m,HFY,Hipposcarus longiceps,10--15,1
16/02/2023,,,Orpheus Island,Pioneer Bay,Transect,2,30 m,HFY,Chaetodon auriga,15--20,2
16/02/2023,,,Orpheus Island,Pioneer Bay,Transect,2,30 m,HFY,Acanthurus sp,20--25,1
16/02/2023,,,Orpheus Island,Pioneer Bay,Transect,2,30 m,HFY,Siganus doliatus,20--25,2
16/02/2023,,,Orpheus Island,Pioneer Bay,Transect,2,30 m,HFY,Siganus doliatus,10--15,4
16/02/2023,,,Orpheus Island,Pioneer Bay,Transect,2,30 m,HFY,Thalassoma lunare,15--20,1
16/02/2023,,,Orpheus Island,Pioneer Bay,Transect,2,30 m,HFY,Cheilinus fasciatus,15--20,2
16/02/2023,,,Orpheus Island,Pioneer Bay,Transect,2,30 m,HFY,Labrichthyes unilineatus,10--15,2
16/02/2023,,,Orpheus Island,Pioneer Bay,Transect,2,30 m,HFY,Hipposcarus longiceps,15--20,1
16/02/2023,,,Orpheus Island,Pioneer Bay,Transect,2,30 m,HFY,Chaetodon lineolatus,10--15,1
16/02/2023,,,Orpheus Island,Pioneer Bay,Transect,2,30 m,HFY,Scarus flavipectoralis,20--25,1
16/02/2023,,,Orpheus Island,Pioneer Bay,Transect,2,30 m,HFY,Siganus doliatus,15--20,2
16/02/2023,,,Orpheus Island,Pioneer Bay,Transect,2,30 m,HFY,Diagramma pictum,35--40,1
16/02/2023,,,Orpheus Island,Pioneer Bay,Transect,2,30 m,HFY,Acanthurus sp,15--20,2
16/02/2023,,,Orpheus Island,Pioneer Bay,Transect,2,30 m,HFY,Scolopsis bilineata,15--20,2
16/02/2023,,,Orpheus Island,Pioneer Bay,Transect,2,30 m,HFY,Plectropomus leopardus,30--35,1
16/02/2023,,,Orpheus Island,Pioneer Bay,Point ,1,Instant,HFY,Siganus lineatus,20--25,6
16/02/2023,,,Orpheus Island,Pioneer Bay,Point ,1,Instant,HFY,Siganus doliatus,15--20,11
16/02/2023,,,Orpheus Island,Pioneer Bay,Point ,1,Instant,HFY,Scarus rivulatus,25--30,1
16/02/2023,,,Orpheus Island,Pioneer Bay,Point ,1,Instant,HFY,Chaetodon lunulatus,10--15,1
16/02/2023,,,Orpheus Island,Pioneer Bay,Point ,1,Instant,HFY,Cephalopholis cyanostigma,25--30,1
16/02/2023,,,Orpheus Island,Pioneer Bay,Point ,1,10 min,HFY,Siganus lineatus,20--25,3
16/02/2023,,,Orpheus Island,Pioneer Bay,Point ,1,10 min,HFY,Acanthurus sp,20--25,12
16/02/2023,,,Orpheus Island,Pioneer Bay,Point ,1,10 min,HFY,Epibulus insidiator,15--20,1
16/02/2023,,,Orpheus Island,Pioneer Bay,Point ,1,10 min,HFY,Choerodon fasciatus,15--20,1
16/02/2023,,,Orpheus Island,Pioneer Bay,Point ,1,10 min,HFY,Chaetodon vagabundus,15--20,1
16/02/2023,,,Orpheus Island,Pioneer Bay,Point ,1,10 min,HFY,Scarus rivulatus,15--20,3
16/02/2023,,,Orpheus Island,Pioneer Bay,Point ,1,10 min,HFY,Ctenochaetus striatus,15--20,1
16/02/2023,,,Orpheus Island,Pioneer Bay,Point ,1,10 min,HFY,Hemigymnus melapterus,15--20,1
16/02/2023,,,Orpheus Island,Pioneer Bay,Point ,1,10 min,HFY,Scolopsis margaritifera,15--20,2
16/02/2023,,,Orpheus Island,Pioneer Bay,Point ,1,10 min,HFY,Chaetodon aureofasciatus,10--15,3
16/02/2023,,,Orpheus Island,Pioneer Bay,Point ,1,10 min,HFY,Pomacanthus sexstriatus,20--25,1
16/02/2023,,,Orpheus Island,Pioneer Bay,Point ,1,10 min,HFY,Diagramma pictum,30--35,1
16/02/2023,,,Orpheus Island,Pioneer Bay,Point ,1,10 min,HFY,Labroides dimidiatus,10--15,1
16/02/2023,,,Orpheus Island,Pioneer Bay,Point ,1,10 min,HFY,Siganus puellus,15--20,1
16/02/2023,,,Orpheus Island,Pioneer Bay,Point ,1,10 min,HFY,Choerodon fasciatus,10--15,1
16/02/2023,,,Orpheus Island,Pioneer Bay,Point ,1,10 min,HFY,Bodianus mesothorax,10--15,1
16/02/2023,,,Orpheus Island,Pioneer Bay,Point ,1,10 min,HFY,Pomacanthus semicirculatus,35--40,1
16/02/2023,,,Orpheus Island,Pioneer Bay,Point ,1,10 min,HFY,Diagramma pictum,25--30,2
16/02/2023,,,Orpheus Island,Pioneer Bay,Point ,1,10 min,HFY,Epibulus insidiator,20--25,1
16/02/2023,,,Orpheus Island,Pioneer Bay,Point ,1,10 min,HFY,Cephalopholis cyanostigma,15--20,1
16/02/2023,,,Orpheus Island,Pioneer Bay,Point ,1,10 min,HFY,Chaetodon melannotus,10--15,1
16/02/2023,,,Orpheus Island,Pioneer Bay,Point ,1,10 min,HFY,Bodianus axillaris,10--15,1
16/02/2023,,,Orpheus Island,Pioneer Bay,Point ,1,10 min,HFY,Cheilinus fasciatus,10--15,1
16/02/2023,,,Orpheus Island,Pioneer Bay,Point ,1,10 min,HFY,Thalassoma lunare,15--20,1
16/02/2023,,,Orpheus Island,Pioneer Bay,Point ,2,Instant,HFY,Chlorurus bleekeri,25--30,1
16/02/2023,,,Orpheus Island,Pioneer Bay,Point ,2,Instant,HFY,Scarus rivulatus,15--20,2
16/02/2023,,,Orpheus Island,Pioneer Bay,Point ,2,Instant,HFY,Siganus doliatus,15--20,2
16/02/2023,,,Orpheus Island,Pioneer Bay,Point ,2,Instant,HFY,Diploprion bifasciatum,10--15,1
16/02/2023,,,Orpheus Island,Pioneer Bay,Point ,2,10 min,HFY,Scarus rivulatus,15--20,3
16/02/2023,,,Orpheus Island,Pioneer Bay,Point ,2,10 min,HFY,Siganus doliatus,15--20,6
16/02/2023,,,Orpheus Island,Pioneer Bay,Point ,2,10 min,HFY,Choerodon fasciatus,15--20,2
16/02/2023,,,Orpheus Island,Pioneer Bay,Point ,2,10 min,HFY,Chaetodon auriga,15--20,1
16/02/2023,,,Orpheus Island,Pioneer Bay,Point ,2,10 min,HFY,Cheilinus fasciatus,15--20,1
16/02/2023,,,Orpheus Island,Pioneer Bay,Point ,2,10 min,HFY,Chaetodon aureofasciatus,10--15,1
16/02/2023,,,Orpheus Island,Pioneer Bay,Point ,2,10 min,HFY,Scolopsis margaritifera,15--20,1
16/02/2023,,,Orpheus Island,Pioneer Bay,Point ,2,10 min,HFY,Halichoeres melanurus,10--15,3
16/02/2023,,,Orpheus Island,Pioneer Bay,Point ,2,10 min,HFY,Chlorurus spilurus,15--20,5
16/02/2023,,,Orpheus Island,Pioneer Bay,Point ,2,10 min,HFY,Labroides dimidiatus,10--15,1
16/02/2023,,,Orpheus Island,Pioneer Bay,Point ,2,10 min,HFY,Epibulus insidiator,15--20,1
16/02/2023,,,Orpheus Island,Pioneer Bay,Point ,2,10 min,HFY,Chaetodon lunulatus,10--15,1
16/02/2023,,,Orpheus Island,Pioneer Bay,Point ,2,10 min,HFY,Siganus lineatus,20--25,7
16/02/2023,,,Orpheus Island,Pioneer Bay,Point ,2,10 min,HFY,Lutjanus carponotatus,20--25,2
16/02/2023,,,Orpheus Island,Pioneer Bay,Point ,2,10 min,HFY,Hemigymnus melapterus,10--15,1
16/02/2023,,,Orpheus Island,Pioneer Bay,Point ,2,10 min,HFY,Chlorurus microrhinus,35--40,1
16/02/2023,,,Orpheus Island,Pioneer Bay,Point ,2,10 min,HFY,Plectropomus maculatus,25--30,1
16/02/2023,,,Orpheus Island,Pioneer Bay,Point ,2,10 min,HFY,Thalassoma lunare,10--15,1
16/02/2023,,,Orpheus Island,Pioneer Bay,Point ,2,10 min,HFY,Siganus vulpinis,20--25,2
16/02/2023,,,Orpheus Island,Pioneer Bay,Point ,2,10 min,HFY,Choerodon anchorago,20--25,1
16/02/2023,,,Orpheus Island,Pioneer Bay,Point ,2,10 min,HFY,Acanthurus xanthopterus,20--25,2
16/02/2023,,,Orpheus Island,Pioneer Bay,Point ,2,10 min,HFY,Pomacanthus semicirculatus,25--30,2
16/02/2023,,,Orpheus Island,Pioneer Bay,Point ,2,10 min,HFY,Chaetodon aureofasciatus,15--20,1
16/02/2023,,,Orpheus Island,Pioneer Bay,Transect,3,20 m,HFY,Chlorurus spilurus,25--30,1
16/02/2023,,,Orpheus Island,Pioneer Bay,Transect,3,20 m,HFY,Chaetodon auriga,15--20,1
16/02/2023,,,Orpheus Island,Pioneer Bay,Transect,3,20 m,HFY,Scolopsis margaritifera,20--25,1
16/02/2023,,,Orpheus Island,Pioneer Bay,Transect,3,20 m,HFY,Chaetodon aureofasciatus,10--15,4
16/02/2023,,,Orpheus Island,Pioneer Bay,Transect,3,20 m,HFY,Scarus rivulatus,20--25,2
16/02/2023,,,Orpheus Island,Pioneer Bay,Transect,3,20 m,HFY,Siganus doliatus,20--25,1
16/02/2023,,,Orpheus Island,Pioneer Bay,Transect,3,20 m,HFY,Thalassoma lunare,10--15,3
16/02/2023,,,Orpheus Island,Pioneer Bay,Transect,3,20 m,HFY,Siganus lineatus,30--35,7
16/02/2023,,,Orpheus Island,Pioneer Bay,Transect,3,20 m,HFY,Platax teira,20--25,1
16/02/2023,,,Orpheus Island,Pioneer Bay,Transect,3,20 m,HFY,Thalassoma lunare,15--20,1
16/02/2023,,,Orpheus Island,Pioneer Bay,Transect,3,20 m,HFY,Labroides dimidiatus,10--15,1
16/02/2023,,,Orpheus Island,Pioneer Bay,Transect,3,20 m,HFY,Naso unicornis,45--50,1
16/02/2023,,,Orpheus Island,Pioneer Bay,Transect,3,20 m,HFY,Scarus rivulatus,25--30,1
16/02/2023,,,Orpheus Island,Pioneer Bay,Transect,3,20 m,HFY,Scarus flavipectoralis,25--30,1
16/02/2023,,,Orpheus Island,Pioneer Bay,Transect,3,20 m,HFY,Stethojulis strigiventer,10--15,1
16/02/2023,,,Orpheus Island,Pioneer Bay,Transect,3,20 m,HFY,Cephalopholis boenak,10--15,1
16/02/2023,,,Orpheus Island,Pioneer Bay,Transect,3,30 m,HFY,Chaetodon aureofasciatus,10--15,1
16/02/2023,,,Orpheus Island,Pioneer Bay,Transect,3,30 m,HFY,Siganus doliatus,20--25,2
16/02/2023,,,Orpheus Island,Pioneer Bay,Transect,3,30 m,HFY,Thalassoma lunare,10--15,2
16/02/2023,,,Orpheus Island,Pioneer Bay,Transect,3,30 m,HFY,Thalassoma lunare,15--20,3
16/02/2023,,,Orpheus Island,Pioneer Bay,Transect,3,30 m,HFY,Labroides dimidiatus,10--15,1
16/02/2023,,,Orpheus Island,Pioneer Bay,Transect,3,30 m,HFY,Scarus flavipectoralis,25--30,1
16/02/2023,,,Orpheus Island,Pioneer Bay,Transect,3,30 m,HFY,Hemigymnus melapterus,10--15,1
16/02/2023,,,Orpheus Island,Pioneer Bay,Transect,3,30 m,HFY,Siganus doliatus,10--15,2
16/02/2023,,,Orpheus Island,Pioneer Bay,Transect,3,30 m,HFY,Scolopsis bilineata,15--20,1
16/02/2023,,,Orpheus Island,Pioneer Bay,Transect,3,30 m,HFY,Cephalopholis microprion,15--20,2
16/02/2023,,,Orpheus Island,Pioneer Bay,Transect,3,30 m,HFY,Cephalopholis cyanostigma,15--20,2
16/02/2023,,,Orpheus Island,Pioneer Bay,Transect,3,30 m,HFY,Labrichthyes unilineatus,10--15,1
16/02/2023,,,Orpheus Island,Pioneer Bay,Transect,3,30 m,HFY,Choerodon anchorago,20--25,2
16/02/2023,,,Orpheus Island,Pioneer Bay,Transect,3,30 m,HFY,Scarus rivulatus,10--15,2
16/02/2023,,,Orpheus Island,Pioneer Bay,Transect,3,30 m,HFY,Diagramma pictum,20--25,5
16/02/2023,,,Orpheus Island,Pioneer Bay,Transect,3,30 m,HFY,Halichoeres melanurus,10--15,1
16/02/2023,,,Orpheus Island,Pioneer Bay,Transect,4,20 m,HFY,Thalassoma lunare,15--20,1
16/02/2023,,,Orpheus Island,Pioneer Bay,Transect,4,20 m,HFY,Thalassoma lunare,10--15,5
16/02/2023,,,Orpheus Island,Pioneer Bay,Transect,4,20 m,HFY,Halichoeres melanurus,10--15,3
16/02/2023,,,Orpheus Island,Pioneer Bay,Transect,4,20 m,HFY,Scarus rivulatus,10--15,2
16/02/2023,,,Orpheus Island,Pioneer Bay,Transect,4,20 m,HFY,Chaetodon auriga,10--15,1
16/02/2023,,,Orpheus Island,Pioneer Bay,Transect,4,20 m,HFY,Siganus doliatus,20--25,2
16/02/2023,,,Orpheus Island,Pioneer Bay,Transect,4,20 m,HFY,Labroides dimidiatus,10--15,2
16/02/2023,,,Orpheus Island,Pioneer Bay,Transect,4,20 m,HFY,Cephalopholis boenak,15--20,2
16/02/2023,,,Orpheus Island,Pioneer Bay,Transect,4,20 m,HFY,Stethojulis strigiventer,10--15,1
16/02/2023,,,Orpheus Island,Pioneer Bay,Transect,4,20 m,HFY,Scarus rivulatus,30--35,1
16/02/2023,,,Orpheus Island,Pioneer Bay,Transect,4,20 m,HFY,Cheilinus chlorurus,10--15,1
16/02/2023,,,Orpheus Island,Pioneer Bay,Transect,4,20 m,HFY,Chaetodon aureofasciatus,10--15,1
16/02/2023,,,Orpheus Island,Pioneer Bay,Transect,4,20 m,HFY,Lutjanus carponotatus,20--25,1
16/02/2023,,,Orpheus Island,Pioneer Bay,Transect,4,30 m,HFY,Thalassoma lunare,15--20,1
16/02/2023,,,Orpheus Island,Pioneer Bay,Transect,4,30 m,HFY,Thalassoma lunare,10--15,1
16/02/2023,,,Orpheus Island,Pioneer Bay,Transect,4,30 m,HFY,Siganus doliatus,20--25,8
16/02/2023,,,Orpheus Island,Pioneer Bay,Transect,4,30 m,HFY,Labroides dimidiatus,10--15,2
16/02/2023,,,Orpheus Island,Pioneer Bay,Transect,4,30 m,HFY,Cephalopholis boenak,15--20,1
16/02/2023,,,Orpheus Island,Pioneer Bay,Transect,4,30 m,HFY,Stethojulis strigiventer,10--15,1
16/02/2023,,,Orpheus Island,Pioneer Bay,Transect,4,30 m,HFY,Scarus rivulatus,30--35,1
16/02/2023,,,Orpheus Island,Pioneer Bay,Transect,4,30 m,HFY,Cheilinus chlorurus,10--15,1
16/02/2023,,,Orpheus Island,Pioneer Bay,Transect,4,30 m,HFY,Plectorhynchus gibbosus,35--40,3
16/02/2023,,,Orpheus Island,Pioneer Bay,Transect,4,30 m,HFY,Scolopsis margaritifera,15--20,4
16/02/2023,,,Orpheus Island,Pioneer Bay,Transect,4,30 m,HFY,Cetoscarus ocellatus,10--15,1
16/02/2023,,,Orpheus Island,Pioneer Bay,Transect,4,30 m,HFY,Cephalopholis cyanostigma,15--20,1
16/02/2023,,,Orpheus Island,Pioneer Bay,Transect,4,30 m,HFY,Cephalopholis cyanostigma,20--25,1
16/02/2023,,,Orpheus Island,Pioneer Bay,Transect,4,30 m,HFY,Scolopsis margaritifera,20--25,2
16/02/2023,,,Orpheus Island,Pioneer Bay,Transect,4,30 m,HFY,Plectropomus leopardus,25--30,1
16/02/2023,,,Orpheus Island,Pioneer Bay,Transect,4,30 m,HFY,Siganus doliatus,10--15,2
16/02/2023,,,Orpheus Island,Pioneer Bay,Transect,4,30 m,HFY,Scarus rivulatus,15--20,3
16/02/2023,,,Orpheus Island,Pioneer Bay,Transect,4,30 m,HFY,Chaetodon aureofasciatus,15--20,1
16/02/2023,,,Orpheus Island,Pioneer Bay,Transect,4,30 m,HFY,Scarus flavipectoralis,25--30,2
16/02/2023,,,Orpheus Island,Pioneer Bay,Transect,4,30 m,HFY,Siganus vulpinis,10--15,1
16/02/2023,,,Orpheus Island,Pioneer Bay,Transect,4,30 m,HFY,Cheilinus trilobatus,15--20,1
16/02/2023,,,Orpheus Island,Pioneer Bay,Transect,4,30 m,HFY,Pomacanthus sexstriatus,25--30,1
16/02/2023,,,Orpheus Island,Pioneer Bay,Transect,4,30 m,HFY,Cephalopholis boenak,10--15,1
16/02/2023,,,Orpheus Island,Pioneer Bay,Point ,3,Instant,HFY,Hipposcarus longiceps,15--20,1
16/02/2023,,,Orpheus Island,Pioneer Bay,Point ,3,Instant,HFY,Scarus rivulatus,10--15,2
16/02/2023,,,Orpheus Island,Pioneer Bay,Point ,3,Instant,HFY,Thalassoma lunare,10--15,1
16/02/2023,,,Orpheus Island,Pioneer Bay,Point ,3,Instant,HFY,Stethojulis strigiventer,10--15,1
16/02/2023,,,Orpheus Island,Pioneer Bay,Point ,3,10 min,HFY,Thalassoma lunare,10--15,2
16/02/2023,,,Orpheus Island,Pioneer Bay,Point ,3,10 min,HFY,Stethojulis strigiventer,10--15,1
16/02/2023,,,Orpheus Island,Pioneer Bay,Point ,3,10 min,HFY,Siganus doliatus,15--20,4
16/02/2023,,,Orpheus Island,Pioneer Bay,Point ,3,10 min,HFY,Labroides dimidiatus,10--15,3
16/02/2023,,,Orpheus Island,Pioneer Bay,Point ,3,10 min,HFY,Scolopsis margaritifera,10--15,1
16/02/2023,,,Orpheus Island,Pioneer Bay,Point ,3,10 min,HFY,Hemigymnus melapterus,10--15,1
16/02/2023,,,Orpheus Island,Pioneer Bay,Point ,3,10 min,HFY,Oxymonacanthus longirostris,10--15,1
16/02/2023,,,Orpheus Island,Pioneer Bay,Point ,3,10 min,HFY,Scolopsis bilineata,10--15,1
16/02/2023,,,Orpheus Island,Pioneer Bay,Point ,3,10 min,HFY,Thalassoma lunare,15--20,3
16/02/2023,,,Orpheus Island,Pioneer Bay,Point ,3,10 min,HFY,Halichoeres melanurus,10--15,1
16/02/2023,,,Orpheus Island,Pioneer Bay,Point ,3,10 min,HFY,Cephalopholis cyanostigma,20--25,1
16/02/2023,,,Orpheus Island,Pioneer Bay,Point ,3,10 min,HFY,Cephalopholis boenak,10--15,1
16/02/2023,,,Orpheus Island,Pioneer Bay,Point ,3,10 min,HFY,Choerodon anchorago,20--25,1
16/02/2023,,,Orpheus Island,Pioneer Bay,Point ,3,10 min,HFY,Chaetodon auriga,10--15,1
16/02/2023,,,Orpheus Island,Pioneer Bay,Point ,3,10 min,HFY,Scarus rivulatus,25--30,1
16/02/2023,,,Orpheus Island,Pioneer Bay,Point ,3,10 min,HFY,Chlorurus spilurus,10--15,1
16/02/2023,,,Orpheus Island,Pioneer Bay,Point ,3,10 min,HFY,Scarus niger,10--15,1
16/02/2023,,,Orpheus Island,Pioneer Bay,Point ,3,10 min,HFY,Scolopsis margaritifera,20--25,1
16/02/2023,,,Orpheus Island,Pioneer Bay,Point ,4,Instant,HFY,Acanthurus sp,20--25,3
16/02/2023,,,Orpheus Island,Pioneer Bay,Point ,4,Instant,HFY,Siganus doliatus,15--20,4
16/02/2023,,,Orpheus Island,Pioneer Bay,Point ,4,Instant,HFY,Chlorurus spilurus,15--20,2
16/02/2023,,,Orpheus Island,Pioneer Bay,Point ,4,Instant,HFY,Scarus rivulatus,15--20,3
16/02/2023,,,Orpheus Island,Pioneer Bay,Point ,4,Instant,HFY,Scolopsis margaritifera,20--25,1
16/02/2023,,,Orpheus Island,Pioneer Bay,Point ,4,Instant,HFY,Scarus niger,10--15,2
16/02/2023,,,Orpheus Island,Pioneer Bay,Point ,4,Instant,HFY,Scarus rivulatus,10--15,5
16/02/2023,,,Orpheus Island,Pioneer Bay,Point ,4,10 min,HFY,Siganus doliatus,15--20,12
16/02/2023,,,Orpheus Island,Pioneer Bay,Point ,4,10 min,HFY,Scarus rivulatus,15--20,13
16/02/2023,,,Orpheus Island,Pioneer Bay,Point ,4,10 min,HFY,Scolopsis margaritifera,20--25,3
16/02/2023,,,Orpheus Island,Pioneer Bay,Point ,4,10 min,HFY,Scarus rivulatus,10--15,13
16/02/2023,,,Orpheus Island,Pioneer Bay,Point ,4,10 min,HFY,Thalassoma lunare,10--15,3
16/02/2023,,,Orpheus Island,Pioneer Bay,Point ,4,10 min,HFY,Chelmon rostratus,10--15,1
16/02/2023,,,Orpheus Island,Pioneer Bay,Point ,4,10 min,HFY,Lutjanus carponotatus,25--30,2
16/02/2023,,,Orpheus Island,Pioneer Bay,Point ,4,10 min,HFY,Chelmon rostratus,15--20,1
16/02/2023,,,Orpheus Island,Pioneer Bay,Point ,4,10 min,HFY,Labroides dimidiatus,10--15,3
16/02/2023,,,Orpheus Island,Pioneer Bay,Point ,4,10 min,HFY,Scolopsis bilineata,10--15,1
16/02/2023,,,Orpheus Island,Pioneer Bay,Point ,4,10 min,HFY,Plectropomus maculatus,25--30,1
16/02/2023,,,Orpheus Island,Pioneer Bay,Point ,4,10 min,HFY,Thalassoma lunare,15--20,2
16/02/2023,,,Orpheus Island,Pioneer Bay,Point ,4,10 min,HFY,Chaetodon aureofasciatus,10--15,1
16/02/2023,,,Orpheus Island,Pioneer Bay,Point ,4,10 min,HFY,Halichoeres melanurus,10--15,1
16/02/2023,,,Orpheus Island,Pioneer Bay,Point ,4,10 min,HFY,Chaetodon ephippium,15--20,1
16/02/2023,,,Orpheus Island,Pioneer Bay,Point ,4,10 min,HFY,Hemigymnus melapterus,20--25,1
16/02/2023,,,Orpheus Island,Pioneer Bay,Point ,4,10 min,HFY,Chlorurus spilurus,10--15,1
16/02/2023,,,Orpheus Island,Pioneer Bay,Point ,4,10 min,HFY,Halichoeres chloropterus,15--20,1
16/02/2023,,,Orpheus Island,Pioneer Bay,Point ,4,10 min,HFY,Cheilinus fasciatus,20--25,1
16/02/2023,,,Orpheus Island,Pioneer Bay,Transect,1,20 m,ACS,Scarus rivulatus,10--15,9
16/02/2023,,,Orpheus Island,Pioneer Bay,Transect,1,20 m,ACS,Scarus rivulatus,15--20,11
16/02/2023,,,Orpheus Island,Pioneer Bay,Transect,1,20 m,ACS,Scarus rivulatus,20--25,1
16/02/2023,,,Orpheus Island,Pioneer Bay,Transect,1,20 m,ACS,Acanthurus sp,10--15,1
16/02/2023,,,Orpheus Island,Pioneer Bay,Transect,1,20 m,ACS,Acanthurus sp,15--20,5
16/02/2023,,,Orpheus Island,Pioneer Bay,Transect,1,20 m,ACS,Thalassoma lunare,10--15,3
16/02/2023,,,Orpheus Island,Pioneer Bay,Transect,1,20 m,ACS,Siganus doliatus,20--25,2
16/02/2023,,,Orpheus Island,Pioneer Bay,Transect,1,20 m,ACS,Chaetodon auriga,10--15,2
16/02/2023,,,Orpheus Island,Pioneer Bay,Transect,1,20 m,ACS,Cheilinus fasciatus,25--30,1
16/02/2023,,,Orpheus Island,Pioneer Bay,Transect,1,20 m,ACS,Siganus vulpinis,20--25,1
16/02/2023,,,Orpheus Island,Pioneer Bay,Transect,1,20 m,ACS,Cheilinus fasciatus,10--15,1
16/02/2023,,,Orpheus Island,Pioneer Bay,Transect,1,20 m,ACS,Scarus flavipectoralis,10--15,5
16/02/2023,,,Orpheus Island,Pioneer Bay,Transect,1,20 m,ACS,Siganus doliatus,15--20,2
16/02/2023,,,Orpheus Island,Pioneer Bay,Transect,1,30 m,ACS,Scarus rivulatus,10--15,10
16/02/2023,,,Orpheus Island,Pioneer Bay,Transect,1,30 m,ACS,Scarus rivulatus,15--20,2
16/02/2023,,,Orpheus Island,Pioneer Bay,Transect,1,30 m,ACS,Scarus rivulatus,20--25,2
16/02/2023,,,Orpheus Island,Pioneer Bay,Transect,1,30 m,ACS,Acanthurus sp,10--15,4
16/02/2023,,,Orpheus Island,Pioneer Bay,Transect,1,30 m,ACS,Acanthurus sp,15--20,3
16/02/2023,,,Orpheus Island,Pioneer Bay,Transect,1,30 m,ACS,Scarus flavipectoralis,10--15,1
16/02/2023,,,Orpheus Island,Pioneer Bay,Transect,1,30 m,ACS,Siganus doliatus,15--20,4
16/02/2023,,,Orpheus Island,Pioneer Bay,Transect,1,30 m,ACS,Chaetodon auriga,10--15,3
16/02/2023,,,Orpheus Island,Pioneer Bay,Transect,1,30 m,ACS,Lutjanus carponotatus,20--25,1
16/02/2023,,,Orpheus Island,Pioneer Bay,Transect,1,30 m,ACS,Scolopsis bilineata,15--20,1
16/02/2023,,,Orpheus Island,Pioneer Bay,Transect,1,30 m,ACS,Diagramma pictum,35--40,2
16/02/2023,,,Orpheus Island,Pioneer Bay,Transect,1,30 m,ACS,Chlorurus microrhinus,25--30,7
16/02/2023,,,Orpheus Island,Pioneer Bay,Transect,1,30 m,ACS,Chlorurus microrhinus,35--40,1
16/02/2023,,,Orpheus Island,Pioneer Bay,Transect,1,30 m,ACS,Lutjanus gibbus,15--20,8
16/02/2023,,,Orpheus Island,Pioneer Bay,Transect,1,30 m,ACS,Lutjanus carponotatus,15--20,8
16/02/2023,,,Orpheus Island,Pioneer Bay,Transect,1,30 m,ACS,Chaetodon melannotus,10--15,1
16/02/2023,,,Orpheus Island,Pioneer Bay,Transect,1,30 m,ACS,Scarus frenatus,25--30,2
16/02/2023,,,Orpheus Island,Pioneer Bay,Transect,1,30 m,ACS,Cheilinus fasciatus,15--20,1
16/02/2023,,,Orpheus Island,Pioneer Bay,Transect,1,30 m,ACS,Lethrinus atkinsoni,20--25,1
16/02/2023,,,Orpheus Island,Pioneer Bay,Transect,1,30 m,ACS,Cephalopholis cyanostigma,15--20,1
16/02/2023,,,Orpheus Island,Pioneer Bay,Transect,1,30 m,ACS,Epinephelus caeruleopunctatus,20--25,1
16/02/2023,,,Orpheus Island,Pioneer Bay,Transect,1,30 m,ACS,Siganus doliatus,10--15,2
16/02/2023,,,Orpheus Island,Pioneer Bay,Transect,1,30 m,ACS,Chaetodon lineolatus,10--15,1
16/02/2023,,,Orpheus Island,Pioneer Bay,Transect,1,30 m,ACS,Epibulus insidiator,20--25,1
16/02/2023,,,Orpheus Island,Pioneer Bay,Transect,1,30 m,ACS,Diagramma pictum,50--55,3
16/02/2023,,,Orpheus Island,Pioneer Bay,Transect,1,30 m,ACS,Scarus schlegeli,25--30,1
16/02/2023,,,Orpheus Island,Pioneer Bay,Transect,1,30 m,ACS,Scolopsis margaritifera,20--25,2
16/02/2023,,,Orpheus Island,Pioneer Bay,Transect,1,30 m,ACS,Scarus flavipectoralis,25--30,1
16/02/2023,,,Orpheus Island,Pioneer Bay,Transect,2,20 m,ACS,Cephalopholis cyanostigma,15--20,2
16/02/2023,,,Orpheus Island,Pioneer Bay,Transect,2,20 m,ACS,Scolopsis margaritifera,15--20,5
16/02/2023,,,Orpheus Island,Pioneer Bay,Transect,2,20 m,ACS,Hemigymnus melapterus,10--15,1
16/02/2023,,,Orpheus Island,Pioneer Bay,Transect,2,20 m,ACS,Scarus frenatus,25--30,4
16/02/2023,,,Orpheus Island,Pioneer Bay,Transect,2,20 m,ACS,Scarus rivulatus,10--15,15
16/02/2023,,,Orpheus Island,Pioneer Bay,Transect,2,20 m,ACS,Pomacanthus sexstriatus,30--35,1
16/02/2023,,,Orpheus Island,Pioneer Bay,Transect,2,20 m,ACS,Siganus doliatus,15--20,2
16/02/2023,,,Orpheus Island,Pioneer Bay,Transect,2,20 m,ACS,Lutjanus gibbus,15--20,5
16/02/2023,,,Orpheus Island,Pioneer Bay,Transect,2,20 m,ACS,Thalassoma lunare,10--15,2
16/02/2023,,,Orpheus Island,Pioneer Bay,Transect,2,20 m,ACS,Scarus rivulatus,15--20,4
16/02/2023,,,Orpheus Island,Pioneer Bay,Transect,2,20 m,ACS,Scarus rivulatus,20--25,1
16/02/2023,,,Orpheus Island,Pioneer Bay,Transect,2,20 m,ACS,Acanthurus sp,15--20,4
16/02/2023,,,Orpheus Island,Pioneer Bay,Transect,2,20 m,ACS,Cheilinus fasciatus,15--20,2
16/02/2023,,,Orpheus Island,Pioneer Bay,Transect,2,20 m,ACS,Chlorurus microrhinus,30--35,1
16/02/2023,,,Orpheus Island,Pioneer Bay,Transect,2,20 m,ACS,Scarus rivulatus,25--30,1
16/02/2023,,,Orpheus Island,Pioneer Bay,Transect,2,20 m,ACS,Chlorurus microrhinus,25--30,1
16/02/2023,,,Orpheus Island,Pioneer Bay,Transect,2,20 m,ACS,Chaetodon lineolatus,10--15,1
16/02/2023,,,Orpheus Island,Pioneer Bay,Transect,2,30 m,ACS,Cephalopholis cyanostigma,15--20,1
16/02/2023,,,Orpheus Island,Pioneer Bay,Transect,2,30 m,ACS,Scolopsis margaritifera,15--20,8
16/02/2023,,,Orpheus Island,Pioneer Bay,Transect,2,30 m,ACS,Scarus rivulatus,10--15,8
16/02/2023,,,Orpheus Island,Pioneer Bay,Transect,2,30 m,ACS,Siganus doliatus,15--20,4
16/02/2023,,,Orpheus Island,Pioneer Bay,Transect,2,30 m,ACS,Thalassoma lunare,10--15,3
16/02/2023,,,Orpheus Island,Pioneer Bay,Transect,2,30 m,ACS,Scarus rivulatus,20--25,1
16/02/2023,,,Orpheus Island,Pioneer Bay,Transect,2,30 m,ACS,Acanthurus sp,15--20,7
16/02/2023,,,Orpheus Island,Pioneer Bay,Transect,2,30 m,ACS,Hemigymnus melapterus,20--25,1
16/02/2023,,,Orpheus Island,Pioneer Bay,Transect,2,30 m,ACS,Chaetodon aureofasciatus,10--15,2
16/02/2023,,,Orpheus Island,Pioneer Bay,Transect,2,30 m,ACS,Plectropomus maculatus,30--35,1
16/02/2023,,,Orpheus Island,Pioneer Bay,Transect,2,30 m,ACS,Hemigymnus melapterus,10--15,1
16/02/2023,,,Orpheus Island,Pioneer Bay,Transect,2,30 m,ACS,Cephalopholis cyanostigma,10--15,1
16/02/2023,,,Orpheus Island,Pioneer Bay,Transect,2,30 m,ACS,Chlorurus bleekeri,30--35,1
16/02/2023,,,Orpheus Island,Pioneer Bay,Transect,2,30 m,ACS,Cheilinus chlorurus,10--15,1
16/02/2023,,,Orpheus Island,Pioneer Bay,Transect,2,30 m,ACS,Siganus doliatus,10--15,4
16/02/2023,,,Orpheus Island,Pioneer Bay,Transect,2,30 m,ACS,Cheilinus trilobatus,15--20,3
16/02/2023,,,Orpheus Island,Pioneer Bay,Transect,2,30 m,ACS,Pomacanthus sexstriatus,20--25,1
16/02/2023,,,Orpheus Island,Pioneer Bay,Transect,2,30 m,ACS,Scolopsis bilineata,15--20,2
16/02/2023,,,Orpheus Island,Pioneer Bay,Transect,2,30 m,ACS,Scarus flavipectoralis,10--15,1
16/02/2023,,,Orpheus Island,Pioneer Bay,Transect,2,30 m,ACS,Choerodon schoenleinii,35--40,1
16/02/2023,,,Orpheus Island,Pioneer Bay,Transect,2,30 m,ACS,Choerodon schoenleinii,45--50,1
16/02/2023,,,Orpheus Island,Pioneer Bay,Transect,2,30 m,ACS,Chlorurus spilurus,20--25,1
16/02/2023,,,Orpheus Island,Pioneer Bay,Transect,2,30 m,ACS,Scarus flavipectoralis,15--20,1
16/02/2023,,,Orpheus Island,Pioneer Bay,Transect,2,30 m,ACS,Oxycheilinus diagramma,10--15,1
16/02/2023,,,Orpheus Island,Pioneer Bay,Transect,2,30 m,ACS,Epibulus insidiator,20--25,1
16/02/2023,,,Orpheus Island,Pioneer Bay,Transect,3,20 m,ACS,Thalassoma lunare,10--15,3
16/02/2023,,,Orpheus Island,Pioneer Bay,Transect,3,20 m,ACS,Chaetodon aureofasciatus,10--15,1
16/02/2023,,,Orpheus Island,Pioneer Bay,Transect,3,20 m,ACS,Siganus doliatus,15--20,2
16/02/2023,,,Orpheus Island,Pioneer Bay,Transect,3,20 m,ACS,Scarus rivulatus,25--30,5
16/02/2023,,,Orpheus Island,Pioneer Bay,Transect,3,20 m,ACS,Chaetodon ephippium,10--15,3
16/02/2023,,,Orpheus Island,Pioneer Bay,Transect,3,20 m,ACS,Chaetodon rafflesi,10--15,2
16/02/2023,,,Orpheus Island,Pioneer Bay,Transect,3,20 m,ACS,Plectropomus maculatus,50--55,1
16/02/2023,,,Orpheus Island,Pioneer Bay,Transect,3,20 m,ACS,Platax pinnatus,20--25,3
16/02/2023,,,Orpheus Island,Pioneer Bay,Transect,3,20 m,ACS,Siganus lineatus,30--35,5
16/02/2023,,,Orpheus Island,Pioneer Bay,Transect,3,20 m,ACS,Epibulus insidiator,20--25,1
16/02/2023,,,Orpheus Island,Pioneer Bay,Transect,3,20 m,ACS,Bodianus mesothorax,15--20,1
16/02/2023,,,Orpheus Island,Pioneer Bay,Transect,3,20 m,ACS,Diagramma pictum,40--45,7
16/02/2023,,,Orpheus Island,Pioneer Bay,Transect,3,20 m,ACS,Siganus doliatus,20--25,2
16/02/2023,,,Orpheus Island,Pioneer Bay,Transect,3,30 m,ACS,Thalassoma lunare,10--15,2
16/02/2023,,,Orpheus Island,Pioneer Bay,Transect,3,30 m,ACS,Chaetodon lineolatus,10--15,1
16/02/2023,,,Orpheus Island,Pioneer Bay,Transect,3,30 m,ACS,Diagramma pictum,40--45,1
16/02/2023,,,Orpheus Island,Pioneer Bay,Transect,3,30 m,ACS,Hemigymnus melapterus,10--15,1
16/02/2023,,,Orpheus Island,Pioneer Bay,Transect,3,30 m,ACS,Cheilinus chlorurus,10--15,1
16/02/2023,,,Orpheus Island,Pioneer Bay,Transect,3,30 m,ACS,Cephalopholis microprion,10--15,1
16/02/2023,,,Orpheus Island,Pioneer Bay,Transect,3,30 m,ACS,Scolopsis margaritifera,15--20,1
16/02/2023,,,Orpheus Island,Pioneer Bay,Transect,3,30 m,ACS,Plectorhynchus gibbosus,45--50,1
16/02/2023,,,Orpheus Island,Pioneer Bay,Transect,4,20 m,ACS,Cephalopholis cyanostigma,15--20,1
16/02/2023,,,Orpheus Island,Pioneer Bay,Transect,4,20 m,ACS,Acanthurus xanthopterus,20--25,1
16/02/2023,,,Orpheus Island,Pioneer Bay,Transect,4,20 m,ACS,Thalassoma lunare,15--20,2
16/02/2023,,,Orpheus Island,Pioneer Bay,Transect,4,20 m,ACS,Lutjanus fulviflamma,25--30,1
16/02/2023,,,Orpheus Island,Pioneer Bay,Transect,4,20 m,ACS,Scolopsis margaritifera,20--25,2
16/02/2023,,,Orpheus Island,Pioneer Bay,Transect,4,20 m,ACS,Plectropomus maculatus,40--45,1
16/02/2023,,,Orpheus Island,Pioneer Bay,Transect,4,20 m,ACS,Pomacanthus sexstriatus,20--25,1
16/02/2023,,,Orpheus Island,Pioneer Bay,Transect,4,20 m,ACS,Hemigymnus fasciatus,15--20,1
16/02/2023,,,Orpheus Island,Pioneer Bay,Transect,4,20 m,ACS,Scolopsis bilineata,15--20,1
16/02/2023,,,Orpheus Island,Pioneer Bay,Transect,4,20 m,ACS,Scarus rivulatus,25--30,2
16/02/2023,,,Orpheus Island,Pioneer Bay,Transect,4,20 m,ACS,Epinephelus malabaricus,40--45,1
16/02/2023,,,Orpheus Island,Pioneer Bay,Transect,4,20 m,ACS,Chaetodon aureofasciatus,10--15,1
16/02/2023,,,Orpheus Island,Pioneer Bay,Transect,4,20 m,ACS,Siganus lineatus,20--25,1
16/02/2023,,,Orpheus Island,Pioneer Bay,Transect,4,30 m,ACS,Scolopsis margaritifera,20--25,2
16/02/2023,,,Orpheus Island,Pioneer Bay,Transect,4,30 m,ACS,Pomacanthus sexstriatus,20--25,1
16/02/2023,,,Orpheus Island,Pioneer Bay,Transect,4,30 m,ACS,Scarus rivulatus,25--30,1
16/02/2023,,,Orpheus Island,Pioneer Bay,Transect,4,30 m,ACS,Cheilinus fasciatus,15--20,1
16/02/2023,,,Orpheus Island,Pioneer Bay,Transect,4,30 m,ACS,Chaetodon ephippium,10--15,1
16/02/2023,,,Orpheus Island,Pioneer Bay,Transect,4,30 m,ACS,Chelmon rostratus,10--15,3
16/02/2023,,,Orpheus Island,Pioneer Bay,Transect,4,30 m,ACS,Scarus flavipectoralis,25--30,2
16/02/2023,,,Orpheus Island,Pioneer Bay,Transect,4,30 m,ACS,Siganus doliatus,15--20,3
16/02/2023,,,Orpheus Island,Pioneer Bay,Transect,4,30 m,ACS,Scarus rivulatus,20--25,1
16/02/2023,,,Orpheus Island,Pioneer Bay,Transect,4,30 m,ACS,Plectorhynchus gibbosus,45--50,3
16/02/2023,,,Orpheus Island,Pioneer Bay,Point ,1,Instant,ACS,Siganus lineatus,30--35,1
16/02/2023,,,Orpheus Island,Pioneer Bay,Point ,1,Instant,ACS,Hemigymnus melapterus,20--25,1
16/02/2023,,,Orpheus Island,Pioneer Bay,Point ,1,Instant,ACS,Siganus doliatus,10--15,5
16/02/2023,,,Orpheus Island,Pioneer Bay,Point ,1,Instant,ACS,Siganus doliatus,15--20,1
16/02/2023,,,Orpheus Island,Pioneer Bay,Point ,1,Instant,ACS,Epibulus insidiator,30--35,1
16/02/2023,,,Orpheus Island,Pioneer Bay,Point ,1,Instant,ACS,Scarus rivulatus,25--30,1
16/02/2023,,,Orpheus Island,Pioneer Bay,Point ,1,Instant,ACS,Scarus rivulatus,10--15,2
16/02/2023,,,Orpheus Island,Pioneer Bay,Point ,1,Instant,ACS,Chlorurus spilurus,10--15,1
16/02/2023,,,Orpheus Island,Pioneer Bay,Point ,1,Instant,ACS,Acanthurus sp,10--15,1
16/02/2023,,,Orpheus Island,Pioneer Bay,Point ,1,Instant,ACS,Thalassoma lunare,10--15,2
16/02/2023,,,Orpheus Island,Pioneer Bay,Point ,1,10 min,ACS,Siganus lineatus,30--35,1
16/02/2023,,,Orpheus Island,Pioneer Bay,Point ,1,10 min,ACS,Siganus doliatus,10--15,7
16/02/2023,,,Orpheus Island,Pioneer Bay,Point ,1,10 min,ACS,Siganus doliatus,15--20,2
16/02/2023,,,Orpheus Island,Pioneer Bay,Point ,1,10 min,ACS,Scarus rivulatus,10--15,10
16/02/2023,,,Orpheus Island,Pioneer Bay,Point ,1,10 min,ACS,Acanthurus sp,10--15,2
16/02/2023,,,Orpheus Island,Pioneer Bay,Point ,1,10 min,ACS,Thalassoma lunare,10--15,2
16/02/2023,,,Orpheus Island,Pioneer Bay,Point ,1,10 min,ACS,Thalassoma lunare,15--20,2
16/02/2023,,,Orpheus Island,Pioneer Bay,Point ,1,10 min,ACS,Chlorurus spilurus,20--25,1
16/02/2023,,,Orpheus Island,Pioneer Bay,Point ,1,10 min,ACS,Scarus rivulatus,20--25,3
16/02/2023,,,Orpheus Island,Pioneer Bay,Point ,1,10 min,ACS,Chlorurus bleekeri,30--35,1
16/02/2023,,,Orpheus Island,Pioneer Bay,Point ,1,10 min,ACS,Scarus schlegeli,30--35,1
16/02/2023,,,Orpheus Island,Pioneer Bay,Point ,1,10 min,ACS,Acanthurus sp,15--20,7
16/02/2023,,,Orpheus Island,Pioneer Bay,Point ,1,10 min,ACS,Scarus flavipectoralis,10--15,1
16/02/2023,,,Orpheus Island,Pioneer Bay,Point ,1,10 min,ACS,Cheilinus fasciatus,15--20,1
16/02/2023,,,Orpheus Island,Pioneer Bay,Point ,1,10 min,ACS,Scarus rivulatus,15--20,3
16/02/2023,,,Orpheus Island,Pioneer Bay,Point ,1,10 min,ACS,Pomacanthus sexstriatus,20--25,1
16/02/2023,,,Orpheus Island,Pioneer Bay,Point ,1,10 min,ACS,Epibulus insidiator,20--25,2
16/02/2023,,,Orpheus Island,Pioneer Bay,Point ,1,10 min,ACS,Scolopsis margaritifera,20--25,4
16/02/2023,,,Orpheus Island,Pioneer Bay,Point ,1,10 min,ACS,Epinephelus quoyanus,15--20,1
16/02/2023,,,Orpheus Island,Pioneer Bay,Point ,1,10 min,ACS,Cheilinus fasciatus,10--15,1
16/02/2023,,,Orpheus Island,Pioneer Bay,Point ,1,10 min,ACS,Cephalopholis cyanostigma,10--15,1
16/02/2023,,,Orpheus Island,Pioneer Bay,Point ,1,10 min,ACS,Chaetodon aureofasciatus,10--15,1
16/02/2023,,,Orpheus Island,Pioneer Bay,Point ,1,10 min,ACS,Lutjanus carponotatus,20--25,1
16/02/2023,,,Orpheus Island,Pioneer Bay,Point ,1,10 min,ACS,Hipposcarus longiceps,20--25,1
16/02/2023,,,Orpheus Island,Pioneer Bay,Point ,1,10 min,ACS,Scarus flavipectoralis,25--30,1
16/02/2023,,,Orpheus Island,Pioneer Bay,Point ,1,10 min,ACS,Diagramma pictum,30--35,1
16/02/2023,,,Orpheus Island,Pioneer Bay,Point ,2,Instant,ACS,Chlorurus microrhinus,40--45,1
16/02/2023,,,Orpheus Island,Pioneer Bay,Point ,2,Instant,ACS,Siganus doliatus,10--15,4
16/02/2023,,,Orpheus Island,Pioneer Bay,Point ,2,Instant,ACS,Siganus doliatus,15--20,1
16/02/2023,,,Orpheus Island,Pioneer Bay,Point ,2,Instant,ACS,Siganus coralinus,10--15,1
16/02/2023,,,Orpheus Island,Pioneer Bay,Point ,2,Instant,ACS,Thalassoma lunare,10--15,4
16/02/2023,,,Orpheus Island,Pioneer Bay,Point ,2,Instant,ACS,Thalassoma lunare,15--20,1
16/02/2023,,,Orpheus Island,Pioneer Bay,Point ,2,Instant,ACS,Hemigymnus melapterus,10--15,1
16/02/2023,,,Orpheus Island,Pioneer Bay,Point ,2,Instant,ACS,Scarus rivulatus,25--30,2
16/02/2023,,,Orpheus Island,Pioneer Bay,Point ,2,Instant,ACS,Scarus rivulatus,20--25,2
16/02/2023,,,Orpheus Island,Pioneer Bay,Point ,2,10 min,ACS,Chlorurus microrhinus,40--45,2
16/02/2023,,,Orpheus Island,Pioneer Bay,Point ,2,10 min,ACS,Siganus doliatus,10--15,12
16/02/2023,,,Orpheus Island,Pioneer Bay,Point ,2,10 min,ACS,Siganus doliatus,15--20,6
16/02/2023,,,Orpheus Island,Pioneer Bay,Point ,2,10 min,ACS,Siganus coralinus,10--15,1
16/02/2023,,,Orpheus Island,Pioneer Bay,Point ,2,10 min,ACS,Thalassoma lunare,15--20,1
16/02/2023,,,Orpheus Island,Pioneer Bay,Point ,2,10 min,ACS,Hemigymnus melapterus,10--15,1
16/02/2023,,,Orpheus Island,Pioneer Bay,Point ,2,10 min,ACS,Scarus rivulatus,25--30,3
16/02/2023,,,Orpheus Island,Pioneer Bay,Point ,2,10 min,ACS,Scarus rivulatus,20--25,8
16/02/2023,,,Orpheus Island,Pioneer Bay,Point ,2,10 min,ACS,Chaetodon aureofasciatus,10--15,1
16/02/2023,,,Orpheus Island,Pioneer Bay,Point ,2,10 min,ACS,Scarus rivulatus,10--15,9
16/02/2023,,,Orpheus Island,Pioneer Bay,Point ,2,10 min,ACS,Hemigymnus melapterus,20--25,2
16/02/2023,,,Orpheus Island,Pioneer Bay,Point ,2,10 min,ACS,Cephalopholis microprion,10--15,1
16/02/2023,,,Orpheus Island,Pioneer Bay,Point ,2,10 min,ACS,Acanthurus sp,15--20,2
16/02/2023,,,Orpheus Island,Pioneer Bay,Point ,2,10 min,ACS,Siganus doliatus,20--25,4
16/02/2023,,,Orpheus Island,Pioneer Bay,Point ,2,10 min,ACS,Labrichthyes unilineatus,15--20,1
16/02/2023,,,Orpheus Island,Pioneer Bay,Point ,2,10 min,ACS,Lethrinus harak,25--30,3
16/02/2023,,,Orpheus Island,Pioneer Bay,Point ,2,10 min,ACS,Scarus flavipectoralis,25--30,2
16/02/2023,,,Orpheus Island,Pioneer Bay,Point ,2,10 min,ACS,Chlorurus spilurus,15--20,4
16/02/2023,,,Orpheus Island,Pioneer Bay,Point ,2,10 min,ACS,Cheilinus trilobatus,15--20,3
16/02/2023,,,Orpheus Island,Pioneer Bay,Point ,2,10 min,ACS,Scarus ghobban,20--25,1
16/02/2023,,,Orpheus Island,Pioneer Bay,Point ,3,Instant,ACS,Siganus doliatus,15--20,4
16/02/2023,,,Orpheus Island,Pioneer Bay,Point ,3,Instant,ACS,Scolopsis margaritifera,15--20,2
16/02/2023,,,Orpheus Island,Pioneer Bay,Point ,3,Instant,ACS,Chaetodon aureofasciatus,10--15,1
16/02/2023,,,Orpheus Island,Pioneer Bay,Point ,3,Instant,ACS,Hemigymnus melapterus,20--25,1
16/02/2023,,,Orpheus Island,Pioneer Bay,Point ,3,10 min,ACS,Siganus doliatus,15--20,5
16/02/2023,,,Orpheus Island,Pioneer Bay,Point ,3,10 min,ACS,Scolopsis margaritifera,15--20,5
16/02/2023,,,Orpheus Island,Pioneer Bay,Point ,3,10 min,ACS,Chaetodon aureofasciatus,10--15,1
16/02/2023,,,Orpheus Island,Pioneer Bay,Point ,3,10 min,ACS,Hemigymnus melapterus,20--25,2
16/02/2023,,,Orpheus Island,Pioneer Bay,Point ,3,10 min,ACS,Siganus doliatus,10--15,1
16/02/2023,,,Orpheus Island,Pioneer Bay,Point ,3,10 min,ACS,Chlorurus spilurus,20--25,1
16/02/2023,,,Orpheus Island,Pioneer Bay,Point ,3,10 min,ACS,Scarus rivulatus,15--20,1
16/02/2023,,,Orpheus Island,Pioneer Bay,Point ,3,10 min,ACS,Thalassoma lunare,10--15,2
16/02/2023,,,Orpheus Island,Pioneer Bay,Point ,3,10 min,ACS,Scarus rivulatus,20--25,1
16/02/2023,,,Orpheus Island,Pioneer Bay,Point ,3,10 min,ACS,Choerodon anchorago,20--25,1
16/02/2023,,,Orpheus Island,Pioneer Bay,Point ,3,10 min,ACS,Choerodon schoenleinii,35--40,1
16/02/2023,,,Orpheus Island,Pioneer Bay,Point ,3,10 min,ACS,Acanthurus xanthopterus,20--25,1
16/02/2023,,,Orpheus Island,Pioneer Bay,Point ,3,10 min,ACS,Scarus flavipectoralis,20--25,1
16/02/2023,,,Orpheus Island,Pioneer Bay,Point ,3,10 min,ACS,Scarus rivulatus,20--25,1
16/02/2023,,,Orpheus Island,Pioneer Bay,Point ,4,Instant,ACS,Scarus rivulatus,15--20,2
16/02/2023,,,Orpheus Island,Pioneer Bay,Point ,4,Instant,ACS,Siganus doliatus,15--20,2
16/02/2023,,,Orpheus Island,Pioneer Bay,Point ,4,Instant,ACS,Thalassoma lunare,10--15,2
16/02/2023,,,Orpheus Island,Pioneer Bay,Point ,4,Instant,ACS,Hemigymnus melapterus,20--25,2
16/02/2023,,,Orpheus Island,Pioneer Bay,Point ,4,10 min,ACS,Siganus doliatus,15--20,2
16/02/2023,,,Orpheus Island,Pioneer Bay,Point ,4,10 min,ACS,Thalassoma lunare,10--15,6
16/02/2023,,,Orpheus Island,Pioneer Bay,Point ,4,10 min,ACS,Pomacanthus sexstriatus,25--30,1
16/02/2023,,,Orpheus Island,Pioneer Bay,Point ,4,10 min,ACS,Lutjanus fulviflamma,25--30,1
16/02/2023,,,Orpheus Island,Pioneer Bay,Point ,4,10 min,ACS,Chlorurus microrhinus,30--35,1
16/02/2023,,,Orpheus Island,Pioneer Bay,Point ,4,10 min,ACS,Chelmon rostratus,10--15,1
16/02/2023,,,Orpheus Island,Pioneer Bay,Point ,4,10 min,ACS,Lutjanus carponotatus,25--30,1
16/02/2023,,,Orpheus Island,Pioneer Bay,Point ,4,10 min,ACS,Siganus doliatus,20--25,1
16/02/2023,,,Orpheus Island,Pioneer Bay,Point ,4,10 min,ACS,Hemigymnus melapterus,10--15,1
16/02/2023,,,Orpheus Island,Pioneer Bay,Point ,4,10 min,ACS,Siganus vulpinis,20--25,1
16/02/2023,,,Orpheus Island,Pioneer Bay,Point ,4,10 min,ACS,Scolopsis margaritifera,15--20,1
16/02/2023,,,Orpheus Island,Pioneer Bay,Point ,4,10 min,ACS,Scarus schlegeli,25--30,1
16/02/2023,,,Orpheus Island,Pioneer Bay,Point ,4,10 min,ACS,Thalassoma lunare,15--20,1
16/02/2023,,,Orpheus Island,Pioneer Bay,Point ,4,10 min,ACS,Plectropomus maculatus,35--40,1
16/02/2023,,,Orpheus Island,Pioneer Bay,Point ,4,10 min,ACS,Choerodon anchorago,20--25,1
